recipe_id,dietary_preference_id
1,5
1,6
1,9
2,4
2,6
2,9
3,1
3,5
3,6
3,9
4,1
4,2
4,6
4,7
4,9
5,1
5,2
5,3
5,4
5,6
5,7
5,9
6,1
6,2
6,3
6,4
6,6
6,7
6,9
7,1
7,9
8,4
8,6
8,9
9,1
9,5
9,9
10,2
10,4
10,6
10,7
10,9
11,2
11,4
11,6
11,7
11,9
12,2
12,4
12,6
12,7
12,9
13,2
13,4
13,6
13,7
13,9
14,1
14,2
14,3
14,4
14,7
14,9
15,9
16,2
16,4
16,6
16,7
16,9
17,2
17,4
17,6
17,7
17,9
18,2
18,4
18,6
18,7
18,9
19,3
19,4
19,5
19,9
20,1
20,3
20,4
20,8
20,9
21,2
21,4
21,5
21,7
21,9
22,3
22,5
22,9
23,2
23,3
23,7
23,8
23,9
24,1
24,6
24,9
25,1
25,2
25,3
25,4
25,6
25,7
25,9
26,1
26,2
26,5
26,7
26,8
26,9
27,2
27,3
27,5
27,6
27,7
27,9
28,1
28,2
28,4
28,6
28,7
28,9
29,1
29,3
29,4
29,6
29,9
30,2
30,3
30,4
30,6
30,7
30,9
31,1
31,3
31,4
31,6
31,9
32,3
32,6
32,8
32,9
33,3
33,6
33,8
33,9
34,3
34,4
34,6
34,8
34,9
35,1
35,3
35,4
35,6
35,9
36,1
36,3
36,4
36,6
36,9
37,5
37,9
38,2
38,3
38,4
38,6
38,7
38,9
39,5
39,9
40,1
40,2
40,3
40,4
40,5
40,6
40,7
40,9
41,1
41,2
41,3
41,5
41,6
41,7
41,9
42,3
42,5
42,6
42,9
43,2
43,3
43,5
43,6
43,7
43,9
44,1
44,4
44,5
44,9
45,1
45,5
45,8
46,1
46,3
46,5
46,9
47,6
47,9
48,2
48,3
48,4
48,6
48,7
48,8
48,9
49,1
49,4
49,6
49,9
50,1
50,2
50,3
50,5
50,6
50,7
50,8
50,9
51,1
51,2
51,3
51,5
51,6
51,7
51,8
51,9
52,1
52,2
52,3
52,5
52,6
52,7
52,8
52,9
53,1
53,5
53,9
54,3
54,5
54,8
54,9
55,1
55,3
55,4
55,6
55,9
56,1
56,3
56,4
56,9
57,1
57,2
57,3
57,5
57,6
57,7
57,9
58,1
58,3
58,6
58,9
59,9
60,1
60,9
61,1
61,2
61,3
61,6
61,7
61,9
62,1
62,3
62,4
62,6
62,9
63,3
63,6
63,8
63,9
64,1
64,3
64,6
64,8
64,9
65,5
65,9
66,3
66,4
66,6
66,9
67,2
67,3
67,4
67,5
67,7
67,9
68,1
68,4
68,6
68,9
69,1
69,3
69,4
69,6
69,9
70,1
70,4
70,6
70,9
71,1
71,3
71,6
71,9
72,1
72,3
72,4
72,6
72,9
73,1
73,9
74,5
74,6
74,9
75,1
75,3
75,6
75,9
76,1
76,5
76,9
77,2
77,4
77,6
77,7
77,9
78,2
78,4
78,6
78,7
78,9
79,5
79,9
80,1
80,3
80,4
80,5
80,9
81,2
81,5
81,7
81,9
82,1
82,3
82,6
82,9
83,5
83,9
84,2
84,3
84,4
84,6
84,7
84,9
85,1
85,3
85,6
85,8
85,9
86,1
86,3
86,9
87,1
87,3
87,9
88,1
88,3
88,5
88,9
89,2
89,3
89,5
89,6
89,7
89,9
90,1
90,4
90,6
90,9
91,1
91,3
91,4
91,6
91,9
92,1
92,4
92,6
92,9
93,1
93,3
93,6
93,9
94,2
94,3
94,4
94,6
94,7
94,9
95,2
95,4
95,6
95,7
95,9
96,1
96,2
96,3
96,4
96,6
96,7
96,9
97,1
97,2
97,3
97,4
97,6
97,7
97,9
98,4
98,6
98,9
99,1
99,3
99,4
99,9
100,5
100,8
100,9
101,1
101,3
101,5
101,6
101,9
102,2
102,4
102,6
102,7
102,9
103,1
103,5
103,6
103,9
104,5
104,6
104,9
105,5
105,6
105,9
106,1
106,3
106,4
106,9
107,1
107,5
107,9
108,1
108,2
108,3
108,4
108,6
108,7
108,9
109,1
109,2
109,3
109,4
109,6
109,7
109,9
110,2
110,3
110,5
110,6
110,7
110,9
111,2
111,3
111,5
111,7
111,8
111,9
112,3
112,5
112,6
112,9
113,2
113,3
113,4
113,6
113,7
113,9
114,1
114,2
114,5
114,6
114,7
114,8
114,9
115,2
115,3
115,4
115,5
115,7
115,9
116,3
116,5
116,6
116,9
117,2
117,5
117,7
117,9
118,3
118,5
118,6
118,9
119,3
119,4
119,5
119,6
119,9
120,2
120,4
120,6
120,7
120,9
121,5
121,8
121,9
122,2
122,3
122,4
122,6
122,7
122,8
122,9
123,5
123,6
123,9
124,5
124,6
124,8
124,9
125,3
125,5
125,6
125,9
126,1
126,3
126,4
126,9
127,1
127,2
127,3
127,6
127,7
127,9
128,2
128,3
128,4
128,7
128,9
129,1
129,2
129,3
129,5
129,6
129,7
129,8
129,9
130,3
130,4
130,8
130,9
131,1
131,9
132,1
132,9
133,9
134,3
134,5
134,9
135,2
135,4
135,6
135,7
135,9
136,5
136,6
136,9
137,5
137,6
137,8
137,9
138,2
138,5
138,7
138,8
138,9
139,1
139,2
139,5
139,7
139,9
140,1
140,2
140,3
140,5
140,6
140,7
140,9
141,5
141,6
141,9
142,2
142,3
142,5
142,6
142,7
142,8
142,9
143,2
143,3
143,5
143,6
143,7
143,8
143,9
144,1
144,2
144,3
144,4
144,5
144,7
144,8
144,9
145,3
145,4
145,6
145,9
146,4
146,6
146,9
147,5
147,9
148,2
148,3
148,4
148,6
148,7
148,8
149,2
149,5
149,7
149,8
149,9
150,2
150,4
150,6
150,7
150,9
151,1
151,3
151,4
151,5
151,9
152,1
152,2
152,3
152,4
152,6
152,7
152,9
153,2
153,3
153,5
153,6
153,7
153,8
153,9
154,5
154,9
155,5
155,6
155,8
155,9
156,3
156,5
156,8
156,9
157,1
157,2
157,3
157,4
157,7
157,9
158,1
158,2
158,6
158,7
158,9
159,1
159,9
160,2
160,3
160,6
160,7
160,9
161,2
161,3
161,4
161,5
161,7
161,9
162,1
162,3
162,4
162,5
162,6
162,8
162,9
163,4
163,9
164,1
164,3
164,4
164,9
165,1
165,2
165,4
165,7
165,9
166,3
166,4
166,9
167,1
167,3
167,4
167,5
167,6
167,9
168,1
168,2
168,4
168,6
168,7
168,9
169,2
169,3
169,4
169,6
169,7
169,9
170,2
170,5
170,7
170,9
171,1
171,4
171,9
172,5
172,9
173,5
173,6
173,9
174,2
174,4
174,6
174,7
174,9
175,1
175,3
175,4
175,9
176,1
176,2
176,5
176,7
176,9
177,1
177,5
177,9
178,3
178,4
178,5
178,6
178,9
179,1
179,3
179,4
179,9
180,5
180,9
181,3
181,5
181,8
181,9
182,3
182,5
182,9
183,3
183,5
183,6
183,9
184,2
184,3
184,5
184,6
184,7
184,9
185,1
185,5
185,8
185,9
186,1
186,5
186,8
186,9
187,2
187,4
187,7
187,8
187,9
188,1
188,3
188,9
189,1
189,4
189,9
190,3
190,5
190,6
190,9
191,5
191,6
191,9
192,1
192,9
193,3
193,5
193,6
193,8
193,9
194,1
194,5
194,9
195,5
195,9
196,1
196,3
196,4
196,5
196,9
197,3
197,4
197,9
198,3
198,4
198,9
199,2
199,4
199,6
199,7
199,9
200,2
200,4
200,6
200,7
200,9
201,5
201,6
201,9
202,2
202,3
202,4
202,6
202,7
202,9
203,1
203,6
203,9
204,1
204,2
204,3
204,4
204,6
204,7
204,8
204,9
205,2
205,5
205,7
205,9
206,2
206,5
206,7
206,9
207,2
207,3
207,5
207,6
207,7
207,9
208,5
208,8
208,9
209,1
209,5
209,9
210,5
210,8
210,9
211,5
211,9
212,5
212,6
212,9
213,1
213,5
213,8
213,9
214,2
214,5
214,6
214,7
214,8
214,9
215,4
215,9
216,1
216,9
217,1
217,2
217,3
217,4
217,6
217,7
217,9
218,2
218,3
218,4
218,6
218,7
218,9
219,1
219,9
220,1
220,4
220,9
221,1
221,5
221,6
221,9
222,5
222,9
223,1
223,2
223,3
223,4
223,7
223,9
224,1
224,9
225,1
225,3
225,5
225,9
226,4
226,9
227,1
227,3
227,4
227,6
227,9
228,3
228,6
228,9
229,1
229,4
229,6
229,9
230,1
230,5
230,9
231,5
231,6
231,9
232,3
232,5
232,9
233,1
233,6
233,9
234,1
234,4
234,9
235,3
235,5
235,9
236,2
236,5
236,7
236,9
237,1
237,2
237,3
237,4
237,7
237,8
237,9
238,5
238,8
238,9
239,3
239,5
239,6
239,8
239,9
240,3
240,5
240,9
241,1
241,3
241,9
242,1
242,3
242,4
242,9
243,1
243,9
244,4
244,9
245,3
245,9
246,2
246,3
246,4
246,5
246,6
246,7
246,9
247,1
247,5
247,9
248,1
248,3
248,5
248,6
248,9
249,2
249,4
249,6
249,7
249,9
250,1
250,2
250,4
250,6
250,7
250,9
251,1
251,5
251,9
252,3
252,5
252,9
253,1
253,2
253,7
253,9
254,1
254,9
255,5
255,8
255,9
256,1
256,5
256,6
256,9
257,5
257,9
258,5
258,9
259,1
259,3
259,5
259,6
259,9
260,3
260,6
260,9
261,5
261,9
262,5
262,9
263,5
263,6
263,8
263,9
264,1
264,5
264,9
265,2
265,3
265,4
265,6
265,7
265,8
265,9
266,2
266,3
266,4
266,6
266,7
266,8
266,9
267,5
267,9
268,2
268,3
268,5
268,7
268,8
268,9
269,1
269,5
269,8
269,9
270,1
270,2
270,3
270,4
270,6
270,7
270,8
270,9
271,1
271,2
271,5
271,7
271,9
272,2
272,3
272,5
272,6
272,7
272,8
272,9
273,1
273,3
273,4
273,5
273,6
273,9
274,3
274,5
274,6
274,9
275,1
275,5
275,8
275,9
276,1
276,4
276,9
277,1
277,2
277,3
277,5
277,7
277,8
277,9
278,4
278,9
279,1
279,5
279,9
280,1
280,2
280,4
280,6
280,7
280,9
281,1
281,2
281,3
281,4
281,6
281,7
281,9
282,1
282,3
282,4
282,5
282,6
282,9
283,9
284,5
284,6
284,9
285,2
285,7
285,9
286,1
286,4
286,6
286,9
287,9
288,5
288,9
289,1
289,2
289,3
289,5
289,6
289,7
289,8
289,9
290,1
290,5
290,8
290,9
291,1
291,2
291,3
291,4
291,5
291,6
291,7
291,8
291,9
292,1
292,9
293,2
293,4
293,6
293,7
293,9
294,2
294,4
294,6
294,7
294,9
295,1
295,2
295,3
295,5
295,6
295,7
295,8
295,9
296,1
296,2
296,5
296,7
296,8
296,9
297,1
297,2
297,3
297,4
297,7
297,8
297,9
298,2
298,3
298,5
298,7
298,9
299,1
299,9
300,2
300,3
300,4
300,5
300,7
300,8
300,9
301,1
301,2
301,5
301,6
301,7
301,8
301,9
302,1
302,2
302,3
302,4
302,7
302,9
303,1
303,9
304,1
304,5
304,6
304,9
305,3
305,4
305,6
305,9
306,2
306,4
306,6
306,7
306,9
307,2
307,3
307,5
307,6
307,7
307,8
307,9
308,2
308,5
308,6
308,7
308,8
308,9
309,2
309,5
309,6
309,7
309,8
309,9
310,1
310,3
310,4
310,9
311,3
311,4
311,5
311,6
311,9
312,1
312,3
312,4
312,6
312,9
313,1
313,5
313,8
313,9
314,1
314,2
314,6
314,7
314,9
315,2
315,3
315,4
315,6
315,7
315,8
315,9
316,1
316,2
316,3
316,6
316,7
316,8
316,9
317,1
317,2
317,3
317,4
317,6
317,7
317,8
317,9
318,2
318,3
318,4
318,6
318,7
318,8
318,9
319,1
319,2
319,3
319,4
319,6
319,7
319,8
319,9
320,1
320,2
320,3
320,4
320,6
320,7
320,8
320,9
321,1
321,2
321,3
321,4
321,7
321,9
322,1
322,3
322,4
322,6
322,8
322,9
323,4
323,9
324,1
324,2
324,4
324,6
324,7
324,9
325,9
326,1
326,4
326,9
327,1
327,2
327,4
327,6
327,7
327,9
328,1
328,2
328,3
328,4
328,6
328,7
328,9
329,2
329,3
329,6
329,7
329,8
329,9
330,5
330,9
331,1
331,3
331,4
331,6
331,8
331,9
332,1
332,9
333,1
333,5
333,8
333,9
334,2
334,3
334,5
334,6
334,7
334,9
335,2
335,4
335,6
335,7
335,9
336,1
336,2
336,4
336,6
336,7
336,9
337,2
337,4
337,6
337,7
337,9
338,1
338,5
338,9
339,1
339,3
339,9
340,2
340,5
340,7
340,8
340,9
341,1
341,3
341,4
341,5
341,6
341,9
342,3
342,4
342,6
342,9
343,2
343,3
343,4
343,6
343,7
343,8
343,9
344,5
344,9
345,1
345,4
345,6
345,9
346,2
346,3
346,4
346,6
346,7
346,9
347,1
347,2
347,3
347,5
347,6
347,7
347,9
348,1
348,3
348,4
348,6
348,9
349,1
349,2
349,3
349,4
349,6
349,7
349,9
350,1
350,3
350,4
350,6
350,9
351,1
351,3
351,4
351,9
352,1
352,2
352,4
352,6
352,7
352,9
353,1
353,2
353,4
353,6
353,7
353,9
354,1
354,3
354,4
354,9
355,1
355,2
355,3
355,6
355,7
355,9
356,1
356,2
356,3
356,4
356,7
356,9
357,3
357,6
357,8
357,9
358,1
358,5
358,8
358,9
359,1
359,2
359,3
359,4
359,6
359,7
359,8
359,9
360,2
360,5
360,6
360,7
360,8
360,9
361,1
361,2
361,3
361,4
361,6
361,7
361,8
361,9
362,1
362,2
362,5
362,6
362,7
362,8
362,9
363,2
363,4
363,6
363,7
363,9
364,1
364,9
365,3
365,5
365,8
365,9
366,2
366,4
366,6
366,7
366,9
367,2
367,3
367,5
367,6
367,7
367,9
368,4
368,6
368,9
369,1
369,3
369,4
369,6
369,8
369,9
370,1
370,2
370,3
370,4
370,6
370,7
370,9
371,5
371,9
372,1
372,4
372,9
373,2
373,5
373,6
373,7
373,8
373,9
374,3
374,4
374,5
374,6
374,9
375,1
375,5
375,9
376,2
376,4
376,6
376,7
376,9
377,1
377,3
377,4
377,6
377,9
378,2
378,5
378,6
378,7
378,9
379,5
379,6
379,8
379,9
380,1
380,3
380,4
380,6
380,8
380,9
381,2
381,5
381,7
381,8
381,9
382,2
382,3
382,4
382,6
382,7
382,9
383,1
383,2
383,3
383,4
383,6
383,7
383,8
383,9
384,2
384,3
384,6
384,7
384,8
384,9
385,2
385,3
385,5
385,7
385,8
385,9
386,1
386,3
386,5
386,6
386,8
386,9
387,1
387,3
387,5
387,9
388,1
388,9
389,1
389,5
389,9
390,1
390,9
391,2
391,4
391,6
391,7
391,9
392,1
392,2
392,3
392,4
392,6
392,7
392,8
392,9
393,5
393,6
393,9
394,1
394,2
394,3
394,5
394,7
394,8
394,9
395,3
395,4
395,6
395,9
396,3
396,6
396,9
397,1
397,3
397,5
397,6
397,8
397,9
398,1
398,4
398,9
399,2
399,5
399,7
399,8
399,9
400,1
400,2
400,3
400,4
400,6
400,7
400,9
401,1
401,2
401,3
401,6
401,7
401,9
402,1
402,2
402,3
402,5
402,6
402,7
402,9
403,1
403,2
403,3
403,6
403,7
403,9
404,1
404,5
404,6
404,8
404,9
405,2
405,7
405,9
406,1
406,3
406,4
406,9
407,1
407,4
407,9
408,1
408,9
409,2
409,5
409,6
409,7
409,8
409,9
410,5
410,6
410,9
411,3
411,4
411,6
411,9
412,2
412,3
412,6
412,7
412,8
412,9
413,3
413,5
413,6
413,9
414,2
414,5
414,7
414,8
415,1
415,2
415,4
415,6
415,7
415,9
416,9
417,2
417,5
417,7
417,8
417,9
418,1
418,2
418,3
418,4
418,6
418,7
418,8
418,9
419,5
419,9
420,1
420,5
420,8
420,9
421,2
421,4
421,6
421,7
421,9
422,2
422,4
422,6
422,7
422,9
423,2
423,6
423,7
423,9
424,2
424,3
424,5
424,6
424,7
424,8
424,9
425,3
425,5
425,6
425,8
425,9
426,1
426,3
426,4
426,9
427,2
427,6
427,7
427,9
428,1
428,2
428,3
428,6
428,7
428,9
429,4
429,9
430,1
430,5
430,6
430,9
431,1
431,2
431,3
431,5
431,6
431,7
431,9
432,2
432,3
432,5
432,7
432,8
432,9
433,1
433,5
433,6
433,9
434,1
434,2
434,3
434,4
434,7
434,9
435,1
435,3
435,4
435,5
435,9
436,3
436,4
436,6
436,9
437,2
437,4
437,6
437,7
437,9
438,2
438,4
438,6
438,7
438,9
439,1
439,4
439,6
439,9
440,2
440,4
440,6
440,7
440,9
441,2
441,4
441,6
441,7
441,9
442,2
442,4
442,6
442,7
442,9
443,2
443,4
443,6
443,7
443,9
444,2
444,3
444,4
444,6
444,7
444,9
445,2
445,4
445,6
445,7
445,9
446,2
446,4
446,6
446,7
446,9
447,2
447,4
447,6
447,7
447,9
448,2
448,4
448,6
448,7
448,9
449,2
449,4
449,6
449,7
449,9
450,2
450,4
450,6
450,7
450,9
451,2
451,4
451,6
451,7
451,9
452,2
452,3
452,4
452,6
452,7
452,9
453,1
453,6
453,9
454,3
454,4
454,9
455,1
455,2
455,3
455,4
455,6
455,7
455,8
455,9
456,2
456,4
456,6
456,7
456,8
456,9
457,1
457,2
457,3
457,4
457,6
457,7
457,9
458,1
458,3
458,4
458,6
458,8
458,9
459,3
459,5
459,9
460,2
460,4
460,6
460,7
460,9
461,2
461,4
461,6
461,7
461,9
462,1
462,2
462,6
462,7
462,9
463,5
463,9
464,2
464,3
464,5
464,7
464,8
464,9
465,2
465,5
465,7
465,8
465,9
466,1
466,5
466,9
467,1
467,2
467,5
467,7
467,9
468,1
468,2
468,4
468,6
468,7
468,8
468,9
469,1
469,2
469,3
469,5
469,7
469,8
469,9
470,2
470,3
470,6
470,7
470,8
470,9
471,2
471,4
471,6
471,7
471,9
472,2
472,3
472,5
472,6
472,7
472,9
473,5
473,9
474,1
474,3
474,4
474,6
474,9
475,1
475,9
476,2
476,4
476,5
476,6
476,7
476,9
477,2
477,3
477,4
477,5
477,6
477,7
477,9
478,1
478,3
478,4
478,6
478,9
479,2
479,3
479,5
479,6
479,7
479,9
480,1
480,5
480,8
480,9
481,4
481,5
481,9
482,3
482,5
482,6
482,9
483,3
483,5
483,6
483,9
484,1
484,3
484,5
484,6
484,9
485,1
485,3
485,5
485,6
485,9
486,2
486,3
486,4
486,7
486,9
487,1
487,2
487,3
487,4
487,5
487,6
487,7
487,9
488,1
488,5
488,6
488,9
489,5
489,9
490,1
490,2
490,5
490,6
490,7
490,8
490,9
491,1
491,3
491,4
491,9
492,1
492,2
492,3
492,5
492,6
492,7
492,8
492,9
493,3
493,5
493,6
493,8
493,9
494,1
494,3
494,4
494,5
494,6
494,9
495,3
495,5
495,6
495,9
496,3
496,5
496,8
496,9
497,3
497,5
497,6
497,9
498,2
498,3
498,4
498,6
498,7
498,9
499,2
499,3
499,5
499,6
499,7
499,9
500,1
500,4
500,9
501,1
501,5
501,6
501,9
502,1
502,2
502,3
502,4
502,6
502,7
502,9
503,2
503,3
503,6
503,7
503,8
503,9
504,5
504,6
504,9
505,9
506,2
506,3
506,6
506,7
506,9
507,5
507,6
507,9
508,4
508,8
508,9
509,1
509,2
509,5
509,6
509,7
509,9
510,1
510,2
510,3
510,4
510,6
510,7
510,9
511,1
511,2
511,3
511,4
511,6
511,7
511,9
512,1
512,2
512,3
512,4
512,6
512,7
512,9
513,2
513,4
513,6
513,7
513,9
514,2
514,3
514,5
514,6
514,7
514,9
515,5
515,6
515,8
515,9
516,2
516,5
516,7
516,9
517,1
517,4
517,6
517,9
518,1
518,4
518,6
518,9
519,1
519,3
519,4
519,6
519,9
520,1
520,2
520,4
520,6
520,7
520,9
521,1
521,2
521,3
521,4
521,6
521,7
521,9
522,2
522,3
522,4
522,6
522,7
522,8
522,9
523,1
523,5
523,8
523,9
524,1
524,5
524,6
524,9
525,1
525,5
525,6
525,9
526,5
526,8
526,9
527,3
527,5
527,6
527,9
528,3
528,4
528,5
528,6
528,9
529,1
529,4
529,6
529,9
530,1
530,9
531,2
531,3
531,5
531,6
531,7
531,9
532,2
532,3
532,4
532,6
532,7
532,9
533,1
533,2
533,3
533,4
533,6
533,7
533,9
534,2
534,3
534,5
534,7
534,8
534,9
535,1
535,3
535,6
535,9
536,1
536,3
536,5
536,6
536,8
536,9
537,5
537,9
538,2
538,3
538,4
538,6
538,7
538,9
539,2
539,5
539,7
539,8
539,9
540,1
540,3
540,4
540,6
540,8
540,9
541,1
541,3
541,5
541,6
541,9
542,2
542,4
542,5
542,7
542,8
542,9
543,1
543,3
543,5
543,6
543,9
544,3
544,5
544,6
544,9
545,1
545,2
545,3
545,4
545,5
545,6
545,7
545,8
545,9
546,1
546,2
546,3
546,4
546,6
546,7
546,8
546,9
547,5
547,9
548,4
548,6
548,9
549,5
549,6
549,9
550,1
550,3
550,6
550,9
551,5
551,8
551,9
552,1
552,3
552,5
552,6
552,9
553,3
553,5
553,6
553,8
553,9
554,2
554,4
554,6
554,7
554,8
554,9
555,2
555,3
555,4
555,5
555,7
555,8
555,9
556,2
556,3
556,4
556,6
556,7
556,9
557,5
557,9
558,2
558,3
558,4
558,6
558,7
558,8
558,9
559,2
559,3
559,6
559,7
559,9
560,2
560,3
560,5
560,7
560,9
561,2
561,3
561,4
561,6
561,7
561,8
561,9
562,1
562,2
562,3
562,4
562,6
562,7
562,9
563,2
563,3
563,6
563,7
563,8
563,9
564,1
564,3
564,6
564,8
564,9
565,1
565,2
565,3
565,4
565,6
565,7
565,9
566,1
566,2
566,3
566,4
566,6
566,7
566,9
567,1
567,2
567,3
567,4
567,6
567,7
567,9
568,1
568,3
568,6
568,8
568,9
569,2
569,5
569,7
569,9
570,1
570,2
570,6
570,7
570,9
571,1
571,2
571,3
571,4
571,6
571,7
571,9
572,1
572,2
572,3
572,4
572,6
572,7
572,9
573,1
573,2
573,3
573,4
573,6
573,7
573,9
574,2
574,4
574,5
574,6
574,7
574,9
575,1
575,2
575,3
575,5
575,6
575,7
575,9
576,1
576,2
576,3
576,4
576,6
576,7
576,9
577,2
577,3
577,5
577,6
577,7
577,9
578,3
578,4
578,6
578,9
579,1
579,2
579,3
579,5
579,6
579,7
579,8
579,9
580,1
580,5
580,9
581,4
581,6
581,9
582,4
582,6
582,9
583,1
583,5
583,6
583,9
584,2
584,4
584,6
584,7
584,9
585,2
585,3
585,5
585,6
585,7
585,8
585,9
586,1
586,3
586,4
586,6
586,9
587,5
587,8
587,9
588,1
588,3
588,5
588,6
588,9
589,3
589,5
589,9
590,3
590,5
590,9
591,2
591,5
591,6
591,7
591,9
592,3
592,4
592,8
592,9
593,3
593,6
593,9
594,2
594,3
594,4
594,5
594,6
594,7
594,9
595,2
595,4
595,6
595,7
595,8
595,9
596,2
596,3
596,4
596,6
596,7
596,8
596,9
597,1
597,3
597,4
597,9
598,1
598,2
598,5
598,6
598,7
598,8
598,9
599,1
599,2
599,3
599,5
599,6
599,7
599,9
600,1
600,2
600,3
600,4
600,6
600,7
600,9
601,2
601,3
601,4
601,6
601,7
601,9
602,1
602,5
602,6
602,9
603,2
603,4
603,6
603,7
603,9
604,1
604,5
604,8
604,9
605,1
605,3
605,4
605,9
606,1
606,3
606,4
606,9
607,1
607,3
607,4
607,9
608,1
608,6
608,9
609,1
609,5
609,6
609,9
610,3
610,5
610,8
610,9
611,1
611,3
611,5
611,6
611,9
612,2
612,4
612,6
612,7
612,9
613,1
613,4
613,5
613,9
614,1
614,9
615,1
615,3
615,4
615,9
616,5
616,9
617,1
617,3
617,9
618,3
618,5
618,6
618,9
619,5
619,9
620,2
620,3
620,4
620,6
620,7
620,9
621,1
621,9
622,9
623,2
623,3
623,4
623,6
623,7
623,8
623,9
624,2
624,3
624,4
624,6
624,7
624,8
624,9
625,1
625,2
625,3
625,5
625,6
625,7
625,8
625,9
626,2
626,3
626,5
626,6
626,7
626,8
626,9
627,2
627,5
627,6
627,7
627,8
627,9
628,2
628,4
628,5
628,6
628,7
628,8
628,9
629,1
629,5
629,8
629,9
630,1
630,2
630,5
630,7
630,9
631,5
631,6
631,9
632,5
632,9
633,1
633,2
633,3
633,4
633,6
633,7
633,9
634,5
634,9
635,1
635,2
635,5
635,7
635,9
636,5
636,9
637,3
637,6
637,9
638,1
638,2
638,3
638,5
638,6
638,7
638,8
638,9
639,2
639,3
639,5
639,6
639,7
639,9
640,1
640,4
640,9
641,1
641,9
642,1
642,9
643,2
643,5
643,6
643,7
643,8
643,9
644,5
644,6
644,8
644,9
645,1
645,2
645,3
645,5
645,6
645,7
645,8
645,9
646,6
646,9
647,3
647,5
647,6
647,9
648,3
648,4
648,6
648,8
648,9
649,1
649,3
649,9
650,5
650,8
650,9
651,2
651,5
651,6
651,7
651,9
652,5
652,6
652,9
653,3
653,5
653,6
653,9
654,3
654,5
654,8
654,9
655,1
655,2
655,3
655,6
655,7
655,9
656,1
656,3
656,4
656,6
656,9
657,3
657,4
657,5
657,9
658,1
658,4
658,9
659,1
659,2
659,3
659,4
659,6
659,7
659,9
660,2
660,3
660,4
660,6
660,7
660,9
661,2
661,3
661,4
661,6
661,7
661,9
662,1
662,5
662,8
662,9
663,5
663,6
663,9
664,1
664,2
664,4
664,5
664,6
664,7
664,8
664,9
665,1
665,4
665,6
665,9
666,1
666,2
666,3
666,4
666,7
666,8
666,9
667,1
667,3
667,6
667,8
667,9
668,1
668,3
668,5
668,9
669,1
669,9
670,9
671,1
671,5
671,9
672,5
672,8
672,9
673,1
673,6
673,9
674,5
674,9
675,2
675,4
675,6
675,7
675,9
676,9
677,1
677,2
677,3
677,5
677,7
677,8
677,9
678,5
678,6
678,9
679,5
679,9
680,5
680,9
681,1
681,3
681,5
681,6
681,9
682,2
682,3
682,4
682,6
682,7
682,9
683,1
683,2
683,5
683,6
683,7
683,9
684,5
684,8
684,9
685,1
685,3
685,9
686,2
686,3
686,4
686,7
686,9
687,2
687,3
687,4
687,5
687,6
687,7
687,9
688,2
688,3
688,6
688,7
688,9
689,3
689,5
689,9
690,1
690,5
690,8
690,9
691,2
691,5
691,6
691,7
691,9
692,5
692,9
693,1
693,2
693,5
693,6
693,7
693,8
693,9
694,9
695,2
695,5
695,6
695,7
695,9
696,2
696,5
696,7
696,8
696,9
697,5
697,9
698,1
698,2
698,5
698,6
698,7
698,8
698,9
699,4
699,5
699,8
699,9
700,1
700,4
700,6
700,9
701,1
701,3
701,5
701,6
701,8
701,9
702,4
702,9
703,1
703,3
703,5
703,6
703,9
704,2
704,3
704,5
704,6
704,7
704,8
704,9
705,1
705,2
705,3
705,4
705,5
705,6
705,7
705,9
706,1
706,3
706,4
706,6
706,9
707,1
707,5
707,9
708,2
708,4
708,6
708,7
708,9
709,2
709,4
709,6
709,7
709,9
710,4
710,6
710,9
711,4
711,6
711,9
712,2
712,4
712,6
712,7
712,9
713,2
713,4
713,6
713,7
713,9
714,1
714,2
714,3
714,4
714,6
714,7
714,9
715,2
715,5
715,6
715,7
715,9
716,1
716,2
716,3
716,6
716,7
716,8
716,9
717,1
717,4
717,9
718,1
718,3
718,4
718,6
718,9
719,3
719,4
719,6
719,9
720,1
720,3
720,4
720,9
721,1
721,2
721,3
721,5
721,6
721,7
721,9
722,3
722,4
722,5
722,6
722,9
723,2
723,5
723,7
723,8
723,9
724,1
724,3
724,5
724,6
724,8
724,9
725,1
725,2
725,3
725,4
725,6
725,7
725,9
726,1
726,2
726,3
726,4
726,5
726,6
726,7
726,9
727,1
727,2
727,3
727,4
727,6
727,7
727,9
728,1
728,2
728,3
728,5
728,6
728,7
728,9
729,2
729,3
729,5
729,6
729,7
729,9
730,2
730,4
730,5
730,7
730,9
731,2
731,3
731,7
731,9
732,1
732,5
732,8
732,9
733,5
733,8
733,9
734,4
734,5
734,9
735,4
735,9
736,2
736,3
736,4
736,6
736,7
736,8
736,9
737,1
737,2
737,3
737,4
737,6
737,7
737,8
737,9
738,2
738,3
738,4
738,6
738,7
738,9
739,2
739,5
739,7
739,9
740,2
740,4
740,6
740,7
740,9
741,1
741,2
741,5
741,7
741,8
741,9
742,2
742,3
742,4
742,6
742,7
742,9
743,2
743,4
743,6
743,7
743,9
744,1
744,2
744,3
744,4
744,6
744,7
744,8
744,9
745,1
745,5
745,8
745,9
746,3
746,4
746,9
747,2
747,3
747,4
747,5
747,6
747,7
747,9
748,1
748,2
748,4
748,6
748,7
748,9
749,1
749,2
749,4
749,6
749,7
749,9
750,2
750,3
750,7
750,9
751,2
751,3
751,4
751,7
751,8
751,9
752,1
752,3
752,4
752,9
753,5
753,6
753,9
754,5
754,6
754,9
755,2
755,3
755,4
755,6
755,7
755,9
756,1
756,2
756,3
756,4
756,7
756,9
757,2
757,5
757,7
757,8
757,9
758,1
758,3
758,9
759,1
759,5
759,6
759,9
760,5
760,8
760,9
761,5
761,8
761,9
762,3
762,5
762,8
762,9
763,1
763,3
763,4
763,6
763,9
764,1
764,3
764,5
764,6
764,9
765,2
765,4
765,6
765,7
765,9
766,1
766,3
766,4
766,9
767,2
767,4
767,6
767,7
767,9
768,1
768,2
768,4
768,6
768,7
768,8
768,9
769,1
769,2
769,4
769,6
769,7
769,9
770,4
770,6
770,9
771,1
771,3
771,5
771,8
771,9
772,1
772,2
772,3
772,4
772,5
772,6
772,7
772,8
772,9
773,2
773,3
773,6
773,7
773,8
773,9
774,3
774,5
774,6
774,8
774,9
775,4
775,6
775,9
776,1
776,3
776,5
776,8
776,9
777,6
777,9
778,1
778,2
778,4
778,6
778,7
778,8
778,9
779,1
779,3
779,5
779,6
779,9
780,1
780,4
780,9
781,1
781,9
782,1
782,4
782,5
782,8
782,9
783,3
783,5
783,6
783,9
784,5
784,9
785,1
785,2
785,3
785,6
785,7
785,9
786,2
786,3
786,6
786,7
786,9
787,1
787,2
787,4
787,5
787,6
787,7
787,9
788,1
788,3
788,4
788,5
788,6
788,9
789,1
789,5
789,6
789,9
790,2
790,4
790,6
790,7
790,9
791,5
791,9
792,2
792,3
792,4
792,7
792,9
793,2
793,4
793,6
793,7
793,9
794,1
794,2
794,3
794,4
794,5
794,6
794,7
794,9
795,2
795,3
795,4
795,6
795,7
795,8
795,9
796,1
796,2
796,4
796,6
796,7
796,9
797,1
797,9
798,3
798,5
798,6
798,9
799,3
799,4
799,9
800,5
800,6
800,9
801,1
801,2
801,3
801,4
801,5
801,6
801,7
801,9
802,2
802,3
802,5
802,7
802,8
802,9
803,1
803,2
803,3
803,5
803,6
803,7
803,9
804,1
804,2
804,3
804,5
804,7
804,9
805,1
805,3
805,4
805,6
805,9
806,1
806,2
806,3
806,4
806,6
806,7
806,9
807,5
807,9
808,1
808,4
808,9
809,1
809,3
809,4
809,6
809,9
810,1
810,2
810,4
810,6
810,7
810,9
811,1
811,5
811,8
811,9
812,2
812,3
812,4
812,6
812,7
812,8
812,9
813,1
813,2
813,3
813,5
813,6
813,7
813,9
814,3
814,5
814,6
814,9
815,1
815,5
815,9
816,2
816,5
816,6
816,7
816,8
816,9
817,2
817,5
817,6
817,7
817,8
817,9
818,1
818,3
818,9
819,1
819,2
819,5
819,6
819,7
819,9
820,1
820,2
820,5
820,7
820,8
820,9
821,1
821,9
822,2
822,5
822,7
822,9
823,1
823,5
823,9
824,3
824,5
824,6
824,8
824,9
825,2
825,3
825,4
825,6
825,7
825,8
825,9
826,3
826,4
826,5
826,6
826,8
826,9
827,2
827,3
827,4
827,5
827,6
827,7
827,8
827,9
828,1
828,2
828,3
828,6
828,7
828,8
828,9
829,1
829,3
829,6
829,9
830,1
830,3
830,4
830,9
831,1
831,9
832,1
832,3
832,6
832,9
833,1
833,2
833,5
833,7
833,8
833,9
834,1
834,3
834,6
834,8
834,9
835,5
835,9
836,1
836,3
836,6
836,9
837,3
837,5
837,6
837,9
838,1
838,2
838,5
838,6
838,7
838,8
838,9
839,2
839,4
839,6
839,7
839,9
840,3
840,4
840,6
840,9
841,1
841,3
841,5
841,6
841,9
842,1
842,3
842,6
842,9
843,1
843,2
843,3
843,4
843,6
843,7
843,8
843,9
844,2
844,3
844,4
844,7
844,8
844,9
845,1
845,4
845,5
845,9
846,1
846,2
846,4
846,7
846,9
847,2
847,3
847,5
847,7
847,9
848,5
848,8
848,9
849,2
849,5
849,6
849,7
849,9
850,1
850,2
850,3
850,6
850,7
850,8
850,9
851,1
851,2
851,3
851,4
851,6
851,7
851,9
852,5
852,6
852,9
853,1
853,5
853,6
853,9
854,3
854,4
854,6
854,8
854,9
855,3
855,6
855,9
856,2
856,3
856,6
856,7
856,9
857,3
857,5
857,6
857,9
858,1
858,2
858,3
858,4
858,6
858,7
858,9
859,2
859,3
859,4
859,7
859,9
860,1
860,2
860,6
860,7
860,9
861,1
861,2
861,3
861,4
861,6
861,7
861,9
862,5
862,8
862,9
863,2
863,3
863,6
863,7
863,8
863,9
864,1
864,2
864,3
864,4
864,6
864,7
864,9
865,9
866,3
866,4
866,5
866,6
866,9
867,2
867,5
867,6
867,7
867,9
868,1
868,2
868,3
868,4
868,6
868,7
868,9
869,2
869,3
869,5
869,7
869,9
870,2
870,3
870,5
870,6
870,7
870,9
871,2
871,5
871,7
871,8
871,9
872,2
872,3
872,6
872,7
872,9
873,1
873,3
873,4
873,9
874,3
874,5
874,8
874,9
875,1
875,3
875,4
875,6
875,9
876,3
876,5
876,6
876,8
876,9
877,1
877,3
877,5
877,6
877,9
878,3
878,4
878,5
878,8
878,9
879,1
879,9
880,1
880,2
880,5
880,6
880,7
880,9
881,1
881,2
881,6
881,7
881,8
881,9
882,1
882,2
882,3
882,6
882,7
882,9
883,1
883,2
883,5
883,7
883,9
884,2
884,3
884,4
884,6
884,7
884,9
885,3
885,4
885,6
885,8
885,9
886,5
886,6
886,8
886,9
887,2
887,4
887,6
887,7
887,9
888,5
888,9
889,1
889,2
889,3
889,5
889,6
889,7
889,8
889,9
890,1
890,2
890,3
890,4
890,6
890,7
890,8
890,9
891,9
892,3
892,4
892,8
892,9
893,5
893,6
893,9
894,2
894,5
894,7
894,9
895,1
895,5
895,8
895,9
896,2
896,5
896,7
896,9
897,1
897,2
897,5
897,6
897,7
897,9
898,5
898,6
898,8
898,9
899,1
899,3
899,4
899,9
900,1
900,3
900,4
900,9
901,3
901,5
902,1
902,2
902,3
902,4
902,6
902,7
902,9
903,1
903,3
903,5
903,6
903,9
904,3
904,5
904,9
905,1
905,3
905,9
906,1
906,2
906,3
906,5
906,6
906,7
906,8
906,9
907,1
907,3
907,5
907,9
908,9
909,3
909,5
909,9
910,1
910,2
910,5
910,7
910,9
911,1
911,3
911,4
911,6
911,9
912,1
912,3
912,4
912,6
912,9
913,9
914,1
914,3
914,4
914,9
915,2
915,3
915,4
915,5
915,7
915,9
916,1
916,2
916,4
916,6
916,7
916,9
917,1
917,2
917,3
917,4
917,6
917,7
917,9
918,2
918,3
918,5
918,7
918,9
919,2
919,3
919,5
919,7
919,9
920,1
920,3
920,4
920,9
921,1
921,3
921,4
921,6
921,9
922,1
922,3
922,4
922,6
922,9
923,1
923,3
923,5
923,6
923,9
924,5
924,6
924,9
925,1
925,3
925,4
925,9
926,1
926,9
927,1
927,2
927,3
927,4
927,6
927,7
927,9
928,1
928,2
928,3
928,4
928,6
928,7
928,9
929,1
929,5
929,9
930,2
930,3
930,6
930,7
930,9
931,2
931,3
931,4
931,6
931,7
931,9
932,2
932,3
932,5
932,6
932,7
932,9
933,3
933,4
933,6
933,9
934,3
934,4
934,5
934,9
935,1
935,2
935,5
935,7
935,9
936,1
936,3
936,4
936,6
936,9
937,5
937,9
938,1
938,2
938,5
938,7
938,8
938,9
939,2
939,5
939,7
939,9
940,1
940,2
940,3
940,4
940,5
940,6
940,7
940,9
941,1
941,2
941,3
941,4
941,6
941,7
941,9
942,2
942,5
942,7
942,8
942,9
943,1
943,2
943,5
943,6
943,7
943,9
944,1
944,3
944,5
944,8
944,9
945,2
945,5
945,7
945,9
946,1
946,3
946,4
946,6
946,9
947,9
948,2
948,3
948,4
948,6
948,7
948,9
949,3
949,4
949,6
949,9
950,3
950,5
950,6
950,9
951,1
951,2
951,3
951,5
951,6
951,7
951,9
952,1
952,5
952,6
952,9
953,1
953,2
953,4
953,5
953,6
953,7
953,9
954,2
954,6
954,7
954,9
955,5
955,9
956,1
956,2
956,3
956,5
956,6
956,7
956,8
956,9
957,2
957,3
957,5
957,6
957,7
957,9
958,3
958,4
958,9
959,1
959,3
959,4
959,9
960,4
960,6
960,9
961,1
961,6
961,9
962,3
962,5
962,6
962,9
963,3
963,4
963,5
963,6
963,9
964,1
964,4
964,9
965,1
965,2
965,4
965,6
965,7
965,9
966,1
966,4
966,5
966,6
966,9
967,1
967,5
967,6
967,9
968,4
968,9
969,1
969,4
969,5
969,6
969,9
970,1
970,3
970,4
970,9
971,3
971,4
971,9
972,2
972,3
972,4
972,6
972,7
972,9
973,1
973,3
973,9
974,1
974,3
974,4
974,9
975,1
975,4
975,9
976,4
976,9
977,1
977,6
977,9
978,2
978,3
978,4
978,7
978,9
979,2
979,4
979,6
979,7
979,9
980,5
980,8
980,9
981,1
981,3
981,4
981,6
981,9
982,3
982,4
982,6
982,9
983,1
983,2
983,4
983,5
983,7
983,8
983,9
984,1
984,2
984,3
984,5
984,6
984,7
984,8
984,9
985,1
985,3
985,4
985,6
985,9
986,1
986,2
986,3
986,5
986,7
986,9
987,1
987,3
987,4
987,6
987,9
988,5
988,6
988,9
989,1
989,2
989,3
989,4
989,5
989,6
989,7
989,9
990,1
990,2
990,6
990,7
990,9
991,2
991,3
991,4
991,6
991,7
991,9
992,1
992,4
992,6
992,9
993,5
993,6
993,8
993,9
994,5
994,9
995,1
995,3
995,6
995,9
996,3
996,4
996,9
997,2
997,3
997,4
997,7
997,8
997,9
998,5
998,9
999,5
999,6
999,9
1000,1
1000,3
1000,5
1000,8
1000,9
1001,2
1001,3
1001,4
1001,7
1001,9
1002,2
1002,3
1002,4
1002,5
1002,6
1002,7
1002,9
1003,1
1003,3
1003,4
1003,6
1003,9
1004,1
1004,2
1004,4
1004,5
1004,6
1004,7
1004,9
1005,3
1005,6
1005,8
1005,9
1006,1
1006,3
1006,4
1006,6
1006,9
1007,1
1007,9
1008,1
1008,2
1008,3
1008,5
1008,6
1008,7
1008,9
1009,1
1009,3
1009,4
1009,6
1009,9
1010,1
1010,3
1010,4
1010,5
1010,9
1011,1
1011,3
1011,6
1011,9
1012,1
1012,2
1012,3
1012,4
1012,6
1012,7
1012,9
1013,5
1013,8
1013,9
1014,2
1014,3
1014,4
1014,6
1014,7
1014,9
1015,3
1015,6
1015,9
1016,1
1016,5
1016,9
1017,1
1017,3
1017,5
1017,6
1017,8
1017,9
1018,2
1018,5
1018,6
1018,7
1018,8
1018,9
1019,2
1019,5
1019,6
1019,7
1019,9
1020,1
1020,9
1021,2
1021,3
1021,6
1021,7
1021,8
1021,9
1022,1
1022,4
1022,9
1023,1
1023,3
1023,4
1023,8
1023,9
1024,1
1024,2
1024,3
1024,4
1024,6
1024,7
1024,9
1025,3
1025,5
1025,6
1025,8
1025,9
1026,5
1026,6
1026,9
1027,2
1027,5
1027,7
1027,9
1028,1
1028,2
1028,3
1028,5
1028,7
1028,9
1029,1
1029,9
1030,3
1030,4
1030,9
1031,1
1031,3
1031,5
1031,6
1031,9
1032,5
1032,6
1032,8
1032,9
1033,1
1033,3
1033,4
1033,6
1033,9
1034,1
1034,3
1034,4
1034,5
1034,6
1034,9
1035,1
1035,9
1036,1
1036,3
1036,6
1036,8
1036,9
1037,5
1037,9
1038,2
1038,5
1038,7
1038,9
1039,2
1039,3
1039,5
1039,6
1039,7
1039,8
1039,9
1040,2
1040,5
1040,7
1040,8
1040,9
1041,5
1041,6
1041,8
1041,9
1042,1
1042,3
1042,5
1042,6
1042,8
1042,9
1043,2
1043,3
1043,5
1043,7
1043,9
1044,1
1044,5
1044,6
1044,9
1045,6
1045,9
1046,1
1046,3
1046,4
1046,6
1046,9
1047,1
1047,3
1047,5
1047,6
1047,8
1047,9
1048,2
1048,3
1048,5
1048,6
1048,7
1048,9
1049,2
1049,3
1049,5
1049,6
1049,7
1049,9
1050,2
1050,3
1050,5
1050,6
1050,7
1050,9
1051,3
1051,5
1051,9
1052,2
1052,3
1052,4
1052,6
1052,7
1052,9
1053,2
1053,3
1053,6
1053,7
1053,9
1054,1
1054,2
1054,3
1054,5
1054,6
1054,7
1054,9
1055,1
1055,3
1055,6
1055,8
1055,9
1056,2
1056,3
1056,4
1056,6
1056,7
1056,8
1056,9
1057,2
1057,4
1057,6
1057,7
1057,9
1058,1
1058,3
1058,4
1058,6
1058,9
1059,1
1059,3
1059,4
1059,5
1059,8
1059,9
1060,1
1060,2
1060,3
1060,5
1060,6
1060,7
1060,9
1061,3
1061,4
1061,6
1061,8
1061,9
1062,2
1062,3
1062,5
1062,7
1062,8
1062,9
1063,1
1063,3
1063,4
1063,9
1064,1
1064,4
1064,9
1065,2
1065,3
1065,4
1065,6
1065,7
1065,8
1065,9
1066,3
1066,5
1066,6
1066,9
1067,1
1067,2
1067,3
1067,6
1067,7
1067,8
1067,9
1068,3
1068,6
1068,9
1069,1
1069,2
1069,4
1069,6
1069,7
1069,9
1070,3
1070,6
1070,9
1071,5
1071,8
1071,9
1072,2
1072,4
1072,6
1072,7
1072,9
1073,2
1073,4
1073,6
1073,7
1073,9
1074,2
1074,4
1074,6
1074,7
1074,8
1074,9
1075,2
1075,3
1075,4
1075,7
1075,9
1076,1
1076,2
1076,3
1076,5
1076,7
1076,9
1077,1
1077,2
1077,3
1077,4
1077,6
1077,7
1077,8
1077,9
1078,1
1078,3
1078,4
1078,6
1078,9
1079,2
1079,5
1079,7
1079,9
1080,2
1080,5
1080,6
1080,7
1080,8
1080,9
1081,1
1081,3
1081,5
1081,8
1081,9
1082,1
1082,2
1082,3
1082,5
1082,6
1082,7
1082,8
1082,9
1083,3
1083,5
1083,6
1083,8
1083,9
1084,2
1084,5
1084,6
1084,7
1084,8
1084,9
1085,2
1085,3
1085,5
1085,7
1085,8
1085,9
1086,3
1086,5
1086,6
1086,8
1086,9
1087,3
1087,6
1087,8
1087,9
1088,2
1088,3
1088,5
1088,6
1088,7
1088,8
1088,9
1089,1
1089,2
1089,4
1089,6
1089,7
1089,9
1090,1
1090,2
1090,5
1090,6
1090,7
1090,8
1090,9
1091,1
1091,2
1091,3
1091,4
1091,6
1091,7
1091,9
1092,3
1092,4
1092,6
1092,9
1093,5
1093,9
1094,3
1094,5
1094,6
1094,9
1095,1
1095,2
1095,3
1095,4
1095,6
1095,7
1095,9
1096,1
1096,2
1096,5
1096,6
1096,7
1096,9
1097,2
1097,3
1097,4
1097,6
1097,7
1097,9
1098,1
1098,4
1098,6
1098,9
1099,3
1099,6
1099,9
1100,2
1100,4
1100,6
1100,7
1100,9
1101,3
1101,5
1101,6
1101,9
1102,2
1102,5
1102,7
1102,9
1103,2
1103,4
1103,6
1103,7
1103,8
1103,9
1104,2
1104,3
1104,4
1104,5
1104,6
1104,7
1104,9
1105,3
1105,5
1105,9
1106,2
1106,3
1106,4
1106,6
1106,7
1106,9
1107,2
1107,3
1107,4
1107,6
1107,7
1107,9
1108,2
1108,3
1108,4
1108,6
1108,7
1108,9
1109,1
1109,2
1109,4
1109,6
1109,7
1109,9
1110,2
1110,4
1110,6
1110,7
1110,9
1111,2
1111,3
1111,4
1111,6
1111,7
1111,8
1111,9
1112,2
1112,3
1112,4
1112,6
1112,7
1112,8
1112,9
1113,2
1113,3
1113,4
1113,6
1113,7
1113,8
1113,9
1114,2
1114,5
1114,7
1114,9
1115,1
1115,4
1115,9
1116,2
1116,5
1116,7
1116,9
1117,1
1117,2
1117,3
1117,5
1117,6
1117,7
1117,9
1118,2
1118,5
1118,7
1118,8
1118,9
1119,1
1119,3
1119,5
1119,6
1119,9
1120,5
1120,9
1121,1
1121,2
1121,3
1121,4
1121,6
1121,7
1121,8
1121,9
1122,1
1122,2
1122,4
1122,6
1122,7
1122,9
1123,2
1123,3
1123,4
1123,7
1123,9
1124,1
1124,5
1124,9
1125,2
1125,3
1125,5
1125,7
1125,9
1126,1
1126,5
1126,6
1126,9
1127,1
1127,3
1127,6
1127,9
1128,5
1128,9
1129,1
1129,3
1129,4
1129,6
1129,9
1130,2
1130,5
1130,6
1130,7
1130,9
1131,2
1131,3
1131,4
1131,6
1131,7
1131,8
1131,9
1132,3
1132,4
1132,5
1132,6
1132,9
1133,1
1133,5
1133,6
1133,9
1134,2
1134,3
1134,4
1134,6
1134,7
1134,9
1135,2
1135,3
1135,4
1135,6
1135,7
1135,9
1136,2
1136,3
1136,4
1136,6
1136,7
1136,9
1137,2
1137,3
1137,5
1137,6
1137,7
1137,9
1138,1
1138,2
1138,5
1138,6
1138,7
1138,9
1139,1
1139,3
1139,4
1139,6
1139,9
1140,1
1140,2
1140,4
1140,6
1140,7
1140,9
1141,1
1141,3
1141,4
1141,6
1141,9
1142,6
1142,9
1143,5
1143,8
1143,9
1144,1
1144,2
1144,5
1144,6
1144,7
1144,9
1145,1
1145,2
1145,3
1145,4
1145,6
1145,7
1145,9
1146,4
1146,6
1146,9
1147,1
1147,3
1147,4
1147,6
1147,9
1148,1
1148,2
1148,3
1148,4
1148,6
1148,7
1148,9
1149,1
1149,2
1149,3
1149,4
1149,6
1149,7
1149,9
1150,5
1150,9
1151,1
1151,9
1152,1
1152,2
1152,3
1152,4
1152,5
1152,7
1152,8
1152,9
1153,9
1154,1
1154,3
1154,4
1154,6
1154,9
1155,1
1155,3
1155,5
1155,6
1155,9
1156,1
1156,5
1156,6
1156,9
1157,1
1157,2
1157,3
1157,6
1157,7
1157,8
1157,9
1158,1
1158,4
1158,9
1159,1
1159,2
1159,3
1159,5
1159,7
1159,9
1160,2
1160,3
1160,5
1160,6
1160,7
1160,8
1160,9
1161,1
1161,2
1161,4
1161,7
1161,9
1162,1
1162,2
1162,3
1162,5
1162,6
1162,7
1162,8
1162,9
1163,1
1163,9
1164,2
1164,3
1164,4
1164,6
1164,7
1164,9
1165,1
1165,2
1165,4
1165,5
1165,6
1165,7
1165,9
1166,9
1167,6
1167,8
1167,9
1168,1
1168,4
1168,9
1169,5
1169,9
1170,1
1170,2
1170,3
1170,5
1170,7
1170,8
1170,9
1171,1
1171,2
1171,4
1171,6
1171,7
1171,9
1172,2
1172,3
1172,4
1172,5
1172,7
1172,8
1172,9
1173,5
1173,9
1174,2
1174,5
1174,7
1174,8
1174,9
1175,1
1175,2
1175,3
1175,4
1175,6
1175,7
1175,8
1175,9
1176,1
1176,3
1176,5
1176,9
1177,2
1177,3
1177,6
1177,7
1177,9
1178,2
1178,3
1178,5
1178,6
1178,7
1178,8
1178,9
1179,5
1179,9
1180,5
1180,8
1180,9
1181,2
1181,3
1181,5
1181,6
1181,7
1181,9
1182,5
1182,6
1182,9
1183,1
1183,2
1183,3
1183,5
1183,6
1183,7
1183,8
1183,9
1184,1
1184,2
1184,3
1184,5
1184,6
1184,7
1184,8
1184,9
1185,2
1185,5
1185,7
1185,8
1185,9
1186,3
1186,6
1186,9
1187,1
1187,2
1187,3
1187,5
1187,6
1187,7
1187,9
1188,4
1188,9
1189,1
1189,2
1189,4
1189,7
1189,9
1190,1
1190,5
1190,9
1191,1
1191,3
1191,4
1191,8
1191,9
1192,3
1192,5
1192,6
1192,9
1193,2
1193,5
1193,7
1193,8
1193,9
1194,1
1194,4
1194,9
1195,2
1195,3
1195,4
1195,6
1195,7
1195,9
1196,1
1196,3
1196,4
1196,6
1196,9
1197,1
1197,3
1197,4
1197,9
1198,1
1198,2
1198,3
1198,4
1198,6
1198,7
1198,9
1199,2
1199,3
1199,5
1199,6
1199,7
1199,8
1199,9
1200,2
1200,3
1200,4
1200,6
1200,7
1200,8
1200,9
1201,2
1201,4
1201,6
1201,7
1201,9
1202,2
1202,3
1202,5
1202,6
1202,7
1202,8
1202,9
1203,1
1203,3
1203,4
1203,9
1204,1
1204,2
1204,4
1204,6
1204,7
1204,9
1205,2
1205,3
1205,5
1205,7
1205,9
1206,2
1206,3
1206,5
1206,7
1206,8
1206,9
1207,1
1207,4
1207,9
1208,3
1208,4
1208,6
1208,9
1209,2
1209,3
1209,5
1209,6
1209,7
1209,9
1210,5
1210,6
1210,9
1211,2
1211,3
1211,4
1211,6
1211,7
1211,9
1212,1
1212,5
1212,9
1213,2
1213,3
1213,4
1213,6
1213,7
1213,9
1214,2
1214,5
1214,6
1214,7
1214,8
1214,9
1215,2
1215,5
1215,7
1215,9
1216,1
1216,2
1216,3
1216,4
1216,6
1216,7
1216,9
1217,3
1217,4
1217,6
1217,9
1218,1
1218,4
1218,9
1219,1
1219,4
1219,9
1220,2
1220,3
1220,6
1220,7
1220,9
1221,1
1221,9
1222,1
1222,2
1222,3
1222,4
1222,6
1222,7
1222,9
1223,1
1223,2
1223,3
1223,4
1223,6
1223,7
1223,9
1224,1
1224,2
1224,3
1224,4
1224,6
1224,7
1224,9
1225,1
1225,2
1225,3
1225,4
1225,6
1225,7
1225,9
1226,1
1226,2
1226,3
1226,4
1226,6
1226,7
1226,9
1227,1
1227,2
1227,3
1227,4
1227,6
1227,7
1227,9
1228,9
1229,1
1229,4
1229,6
1229,9
1230,1
1230,4
1230,6
1230,9
1231,1
1231,9
1232,2
1232,3
1232,4
1232,7
1232,9
1233,1
1233,2
1233,5
1233,7
1233,9
1234,2
1234,3
1234,4
1234,6
1234,7
1234,9
1235,2
1235,3
1235,4
1235,6
1235,7
1235,9
1236,2
1236,3
1236,4
1236,6
1236,7
1236,9
1237,1
1237,2
1237,3
1237,5
1237,6
1237,7
1237,9
1238,1
1238,2
1238,3
1238,4
1238,6
1238,7
1238,9
1239,1
1239,3
1239,4
1239,9
1240,2
1240,3
1240,4
1240,5
1240,7
1240,9
1241,1
1241,6
1241,9
1242,1
1242,4
1242,9
1243,3
1243,5
1243,9
1244,1
1244,3
1244,4
1244,9
1245,5
1245,9
1246,5
1246,8
1246,9
1247,1
1247,2
1247,4
1247,6
1247,7
1247,8
1247,9
1248,1
1248,2
1248,3
1248,5
1248,6
1248,7
1248,8
1248,9
1249,2
1249,3
1249,5
1249,6
1249,7
1249,9
1250,2
1250,3
1250,7
1250,9
1251,1
1251,3
1251,6
1251,9
1252,3
1252,5
1252,6
1252,9
1253,3
1253,4
1253,5
1253,6
1253,8
1253,9
1254,3
1254,4
1254,6
1254,9
1255,2
1255,4
1255,6
1255,7
1255,9
1256,5
1256,9
1257,2
1257,3
1257,6
1257,7
1257,9
1258,1
1258,3
1258,9
1259,1
1259,5
1259,6
1259,9
1260,1
1260,5
1260,6
1260,8
1260,9
1261,1
1261,3
1261,4
1261,9
1262,3
1262,5
1262,9
1263,1
1263,3
1263,9
1264,2
1264,5
1264,7
1264,8
1264,9
1265,2
1265,5
1265,6
1265,7
1265,8
1265,9
1266,5
1266,8
1266,9
1267,1
1267,2
1267,5
1267,7
1267,9
1268,1
1268,2
1268,3
1268,4
1268,6
1268,7
1268,9
1269,2
1269,4
1269,6
1269,7
1269,9
1270,5
1270,6
1270,9
1271,5
1271,9
1272,1
1272,3
1272,4
1272,9
1273,1
1273,3
1273,9
1274,1
1274,3
1274,4
1274,5
1274,9
1275,1
1275,3
1275,4
1275,5
1275,9
1276,1
1276,2
1276,3
1276,6
1276,7
1276,8
1276,9
1277,2
1277,4
1277,6
1277,7
1277,9
1278,2
1278,5
1278,7
1278,9
1279,5
1279,9
1280,5
1280,8
1280,9
1281,1
1281,4
1281,6
1281,9
1282,1
1282,3
1282,6
1282,9
1283,1
1283,2
1283,3
1283,6
1283,7
1283,9
1284,2
1284,3
1284,6
1284,7
1284,9
1285,2
1285,5
1285,6
1285,7
1285,9
1286,3
1286,6
1286,9
1287,5
1287,6
1287,9
1288,1
1288,3
1288,4
1288,9
1289,1
1289,3
1289,6
1289,8
1289,9
1290,2
1290,5
1290,7
1290,9
1291,1
1291,2
1291,5
1291,7
1291,9
1292,1
1292,4
1292,6
1292,9
1293,2
1293,3
1293,4
1293,5
1293,7
1293,8
1293,9
1294,2
1294,5
1294,7
1294,9
1295,2
1295,3
1295,4
1295,7
1295,9
1296,1
1296,2
1296,3
1296,4
1296,6
1296,7
1296,8
1296,9
1297,2
1297,3
1297,4
1297,6
1297,7
1297,8
1297,9
1298,1
1298,3
1298,4
1298,6
1298,9
1299,4
1299,6
1299,9
1300,3
1300,6
1300,8
1300,9
1301,1
1301,9
1302,2
1302,4
1302,5
1302,6
1302,7
1302,8
1302,9
1303,2
1303,3
1303,5
1303,6
1303,7
1303,9
1304,4
1304,5
1304,6
1304,8
1304,9
1305,3
1305,4
1305,6
1305,9
1306,1
1306,3
1306,6
1306,9
1307,1
1307,4
1307,6
1307,9
1308,1
1308,2
1308,3
1308,4
1308,6
1308,7
1308,8
1308,9
1309,1
1309,2
1309,3
1309,5
1309,6
1309,7
1309,9
1310,1
1310,2
1310,3
1310,7
1310,8
1310,9
1311,1
1311,2
1311,3
1311,4
1311,6
1311,7
1311,8
1311,9
1312,1
1312,2
1312,3
1312,5
1312,7
1312,9
1313,1
1313,2
1313,3
1313,4
1313,6
1313,7
1313,9
1314,1
1314,9
1315,2
1315,5
1315,7
1315,9
1316,1
1316,2
1316,3
1316,4
1316,6
1316,7
1316,9
1317,1
1317,2
1317,3
1317,4
1317,6
1317,7
1317,9
1318,1
1318,5
1318,6
1318,8
1318,9
1319,2
1319,5
1319,6
1319,7
1319,9
1320,1
1320,2
1320,3
1320,4
1320,6
1320,7
1320,9
1321,2
1321,4
1321,6
1321,7
1321,9
1322,2
1322,4
1322,6
1322,7
1322,9
1323,2
1323,3
1323,4
1323,6
1323,7
1323,9
1324,2
1324,4
1324,6
1324,7
1324,9
1325,1
1325,2
1325,5
1325,6
1325,7
1325,9
1326,3
1326,5
1326,8
1326,9
1327,2
1327,3
1327,4
1327,5
1327,6
1327,7
1327,9
1328,2
1328,4
1328,6
1328,7
1328,9
1329,2
1329,3
1329,4
1329,5
1329,6
1329,7
1329,9
1330,2
1330,5
1330,7
1330,9
1331,5
1331,9
1332,1
1332,2
1332,5
1332,7
1332,8
1332,9
1333,1
1333,2
1333,3
1333,6
1333,7
1333,9
1334,1
1334,2
1334,3
1334,6
1334,7
1334,9
1335,1
1335,3
1335,4
1335,9
1336,2
1336,3
1336,4
1336,6
1336,7
1336,9
1337,1
1337,3
1337,4
1337,6
1337,8
1337,9
1338,1
1338,6
1338,9
1339,1
1339,3
1339,4
1339,6
1339,9
1340,2
1340,5
1340,7
1340,8
1340,9
1341,2
1341,3
1341,5
1341,6
1341,7
1341,9
1342,1
1342,4
1342,6
1342,9
1343,1
1343,2
1343,3
1343,4
1343,6
1343,7
1343,9
1344,2
1344,3
1344,4
1344,5
1344,7
1344,8
1344,9
1345,1
1345,2
1345,6
1345,7
1345,9
1346,1
1346,2
1346,4
1346,7
1346,8
1346,9
1347,3
1347,5
1347,6
1347,8
1347,9
1348,5
1348,6
1348,9
1349,5
1349,6
1349,9
1350,3
1350,4
1350,9
1351,3
1351,6
1351,8
1351,9
1352,1
1352,3
1352,4
1352,6
1352,9
1353,2
1353,3
1353,4
1353,6
1353,7
1353,9
1354,1
1354,6
1354,9
1355,1
1355,3
1355,4
1355,9
1356,2
1356,3
1356,5
1356,6
1356,7
1356,9
1357,2
1357,5
1357,7
1357,9
1358,1
1358,3
1358,4
1358,9
1359,1
1359,3
1359,4
1359,5
1359,9
1360,5
1360,6
1360,9
1361,2
1361,5
1361,7
1361,9
1362,2
1362,5
1362,7
1362,9
1363,1
1363,4
1363,6
1363,9
1364,1
1364,3
1364,4
1364,6
1364,9
1365,1
1365,4
1365,6
1365,9
1366,1
1366,3
1366,6
1366,9
1367,2
1367,3
1367,5
1367,6
1367,7
1367,8
1367,9
1368,1
1368,3
1368,5
1368,6
1368,9
1369,1
1369,6
1369,9
1370,1
1370,3
1370,4
1370,6
1370,9
1371,3
1371,5
1371,9
1372,5
1372,9
1373,2
1373,3
1373,4
1373,7
1373,9
1374,5
1374,8
1374,9
1375,2
1375,3
1375,4
1375,6
1375,7
1375,9
1376,2
1376,5
1376,7
1376,9
1377,5
1377,8
1377,9
1378,5
1378,6
1378,9
1379,5
1379,8
1379,9
1380,2
1380,4
1380,6
1380,7
1380,9
1381,1
1381,5
1381,8
1381,9
1382,3
1382,5
1382,6
1382,8
1382,9
1383,1
1383,3
1383,4
1383,9
1384,1
1384,3
1384,4
1384,6
1384,9
1385,2
1385,3
1385,6
1385,7
1385,9
1386,1
1386,2
1386,4
1386,5
1386,6
1386,7
1386,9
1387,1
1387,5
1387,9
1388,1
1388,5
1388,9
1389,2
1389,3
1389,5
1389,6
1389,7
1389,9
1390,1
1390,2
1390,3
1390,4
1390,7
1390,9
1391,2
1391,5
1391,7
1391,9
1392,2
1392,4
1392,6
1392,7
1392,9
1393,2
1393,3
1393,4
1393,5
1393,6
1393,7
1393,9
1394,1
1394,2
1394,3
1394,4
1394,6
1394,7
1394,9
1395,2
1395,3
1395,4
1395,6
1395,7
1395,9
1396,2
1396,3
1396,4
1396,6
1396,7
1396,9
1397,2
1397,3
1397,4
1397,6
1397,7
1397,9
1398,3
1398,5
1398,9
1399,3
1399,5
1399,8
1399,9
1400,5
1400,8
1400,9
1401,3
1401,5
1401,8
1401,9
1402,3
1402,5
1402,8
1402,9
1403,5
1403,8
1403,9
1404,1
1404,2
1404,5
1404,6
1404,7
1404,8
1404,9
1405,1
1405,6
1405,9
1406,2
1406,3
1406,7
1406,9
1407,5
1407,9
1408,1
1408,9
1409,1
1409,3
1409,4
1409,9
1410,1
1410,2
1410,3
1410,6
1410,7
1410,9
1411,3
1411,8
1411,9
1412,1
1412,4
1412,6
1412,9
1413,5
1413,8
1413,9
1414,1
1414,3
1414,4
1414,6
1414,9
1415,5
1415,8
1415,9
1416,2
1416,5
1416,6
1416,7
1416,9
1417,1
1417,3
1417,5
1417,6
1417,9
1418,5
1418,6
1418,9
1419,1
1419,2
1419,5
1419,7
1419,8
1419,9
1420,2
1420,3
1420,5
1420,6
1420,7
1420,8
1420,9
1421,2
1421,3
1421,5
1421,7
1421,8
1421,9
1422,2
1422,4
1422,6
1422,7
1422,9
1423,2
1423,5
1423,6
1423,7
1423,9
1424,1
1424,3
1424,4
1424,9
1425,1
1425,3
1425,4
1425,6
1425,9
1426,3
1426,4
1426,9
1427,1
1427,2
1427,3
1427,4
1427,6
1427,7
1427,9
1428,1
1428,3
1428,4
1428,9
1429,1
1429,3
1429,5
1429,9
1430,5
1430,6
1430,9
1431,1
1431,3
1431,9
1432,1
1432,3
1432,4
1432,9
1433,1
1433,9
1434,2
1434,3
1434,6
1434,7
1434,8
1434,9
1435,2
1435,3
1435,6
1435,7
1435,8
1435,9
1436,1
1436,2
1436,3
1436,4
1436,6
1436,7
1436,9
1437,1
1437,2
1437,3
1437,4
1437,6
1437,7
1437,9
1438,1
1438,2
1438,3
1438,4
1438,6
1438,7
1438,9
1439,1
1439,2
1439,3
1439,4
1439,6
1439,7
1439,9
1440,1
1440,2
1440,3
1440,4
1440,6
1440,7
1440,9
1441,1
1441,2
1441,3
1441,4
1441,6
1441,7
1441,9
1442,1
1442,2
1442,3
1442,4
1442,7
1442,9
1443,1
1443,2
1443,3
1443,4
1443,6
1443,7
1443,8
1443,9
1444,1
1444,2
1444,3
1444,4
1444,6
1444,7
1444,9
1445,2
1445,5
1445,7
1445,8
1446,1
1446,5
1446,9
1447,2
1447,3
1447,6
1447,7
1447,8
1447,9
1448,1
1448,2
1448,3
1448,5
1448,6
1448,7
1448,8
1448,9
1449,1
1449,2
1449,3
1449,4
1449,6
1449,7
1449,9
1450,1
1450,2
1450,3
1450,4
1450,6
1450,7
1450,9
1451,1
1451,2
1451,3
1451,4
1451,6
1451,7
1451,9
1452,1
1452,2
1452,3
1452,4
1452,6
1452,7
1452,9
1453,1
1453,2
1453,3
1453,4
1453,6
1453,7
1453,9
1454,1
1454,2
1454,3
1454,4
1454,6
1454,7
1454,9
1455,1
1455,2
1455,3
1455,4
1455,6
1455,7
1455,9
1456,1
1456,2
1456,3
1456,4
1456,6
1456,7
1456,9
1457,1
1457,2
1457,3
1457,4
1457,6
1457,7
1457,9
1458,1
1458,2
1458,3
1458,4
1458,6
1458,7
1458,9
1459,1
1459,2
1459,3
1459,4
1459,6
1459,7
1459,9
1460,1
1460,2
1460,3
1460,4
1460,6
1460,7
1460,9
1461,1
1461,2
1461,3
1461,4
1461,6
1461,7
1461,9
1462,1
1462,2
1462,3
1462,4
1462,6
1462,7
1462,9
1463,1
1463,2
1463,3
1463,4
1463,6
1463,7
1463,9
1464,1
1464,2
1464,3
1464,4
1464,6
1464,7
1464,9
1465,5
1465,9
1466,2
1466,4
1466,6
1466,7
1466,9
1467,3
1467,4
1467,9
1468,3
1468,5
1468,9
1469,2
1469,5
1469,7
1469,8
1469,9
1470,2
1470,3
1470,4
1470,5
1470,6
1470,7
1470,8
1470,9
1471,5
1471,9
1472,3
1472,6
1472,9
1473,1
1473,4
1473,9
1474,1
1474,2
1474,4
1474,6
1474,7
1474,9
1475,1
1475,3
1475,5
1475,9
1476,1
1476,5
1476,6
1476,9
1477,1
1477,4
1477,6
1477,9
1478,1
1478,2
1478,5
1478,6
1478,7
1478,8
1478,9
1479,2
1479,5
1479,7
1479,8
1479,9
1480,3
1480,4
1480,6
1480,8
1480,9
1481,1
1481,3
1481,6
1481,9
1482,1
1482,2
1482,4
1482,7
1482,9
1483,1
1483,2
1483,4
1483,6
1483,7
1483,9
1484,5
1484,9
1485,1
1485,2
1485,4
1485,6
1485,7
1485,9
1486,1
1486,5
1486,9
1487,3
1487,4
1487,9
1488,1
1488,3
1488,4
1488,9
1489,3
1489,9
1490,1
1490,3
1490,6
1490,8
1490,9
1491,1
1491,6
1491,9
1492,2
1492,5
1492,6
1492,7
1492,8
1492,9
1493,5
1493,6
1493,8
1493,9
1494,1
1494,3
1494,4
1494,5
1494,6
1494,9
1495,1
1495,2
1495,3
1495,4
1495,6
1495,7
1495,9
1496,1
1496,9
1497,1
1497,3
1497,4
1497,9
1498,3
1498,4
1498,6
1498,9
1499,1
1499,9
1500,1
1500,3
1500,4
1500,9
1501,2
1501,3
1501,4
1501,5
1501,6
1501,7
1501,9
1502,9
1503,2
1503,5
1503,6
1503,7
1503,9
1504,1
1504,4
1504,8
1504,9
1505,1
1505,2
1505,4
1505,6
1505,7
1505,9
1506,4
1506,9
1507,5
1507,6
1507,9
1508,5
1508,9
1509,1
1509,9
1510,3
1510,5
1510,6
1510,9
1511,1
1511,2
1511,3
1511,4
1511,7
1511,9
1512,2
1512,3
1512,4
1512,6
1512,7
1512,9
1513,2
1513,3
1513,6
1513,7
1513,9
1514,1
1514,2
1514,3
1514,4
1514,5
1514,6
1514,7
1514,9
1515,5
1515,9
1516,1
1516,2
1516,3
1516,4
1516,6
1516,7
1516,9
1517,5
1517,8
1517,9
1518,5
1518,8
1518,9
1519,1
1519,3
1519,4
1519,5
1519,9
1520,3
1520,6
1520,9
1521,9
1522,1
1522,3
1522,4
1522,6
1522,9
1523,1
1523,4
1523,6
1523,9
1524,1
1524,9
1525,5
1525,6
1525,9
1526,2
1526,4
1526,6
1526,7
1526,9
1527,1
1527,3
1527,6
1527,9
1528,5
1528,9
1529,5
1529,9
1530,5
1530,9
1531,1
1531,4
1531,9
1532,1
1532,3
1532,5
1532,9
1533,3
1533,5
1533,9
1534,1
1534,5
1534,6
1534,9
1535,1
1535,3
1535,4
1535,6
1535,9
1536,1
1536,3
1536,5
1536,6
1536,9
1537,2
1537,3
1537,4
1537,6
1537,7
1537,8
1537,9
1538,2
1538,5
1538,6
1538,7
1538,8
1538,9
1539,1
1539,2
1539,3
1539,5
1539,6
1539,7
1539,9
1540,5
1540,6
1540,9
1541,1
1541,5
1541,6
1541,8
1541,9
1542,5
1542,9
1543,1
1543,2
1543,3
1543,4
1543,6
1543,7
1543,9
1544,2
1544,5
1544,6
1544,7
1544,8
1544,9
1545,2
1545,3
1545,5
1545,7
1545,9
1546,1
1546,3
1546,5
1546,6
1546,9
1547,1
1547,5
1547,9
1548,2
1548,4
1548,6
1548,7
1548,9
1549,1
1549,5
1549,9
1550,1
1550,5
1550,6
1550,8
1550,9
1551,3
1551,4
1551,6
1551,8
1551,9
1552,1
1552,5
1552,9
1553,3
1553,5
1553,8
1553,9
1554,3
1554,4
1554,8
1554,9
1555,3
1555,5
1555,6
1555,9
1556,6
1556,9
1557,1
1557,2
1557,4
1557,6
1557,7
1557,9
1558,5
1558,6
1558,9
1559,2
1559,3
1559,4
1559,5
1559,7
1559,9
1560,1
1560,2
1560,3
1560,6
1560,7
1560,9
1561,1
1561,6
1561,9
1562,2
1562,5
1562,7
1562,9
1563,5
1563,6
1563,9
1564,1
1564,6
1564,9
1565,1
1565,9
1566,1
1566,5
1566,9
1567,5
1567,9
1568,1
1568,3
1568,4
1568,6
1568,9
1569,1
1569,3
1569,6
1569,9
1570,2
1570,3
1570,5
1570,6
1570,7
1570,9
1571,1
1571,2
1571,4
1571,6
1571,7
1571,9
1572,1
1572,4
1572,9
1573,1
1573,5
1573,9
1574,5
1574,6
1574,9
1575,2
1575,5
1575,7
1575,9
1576,2
1576,3
1576,4
1576,5
1576,6
1576,7
1576,8
1576,9
1577,1
1577,2
1577,3
1577,4
1577,5
1577,6
1577,7
1577,9
1578,1
1578,3
1578,4
1578,6
1578,9
1579,1
1579,6
1579,9
1580,6
1580,9
1581,1
1581,2
1581,3
1581,4
1581,6
1581,7
1581,9
1582,1
1582,3
1582,5
1582,6
1582,8
1582,9
1583,9
1584,1
1584,2
1584,3
1584,4
1584,6
1584,7
1584,8
1584,9
1585,2
1585,4
1585,6
1585,7
1585,9
1586,1
1586,5
1586,9
1587,1
1587,9
1588,3
1588,5
1588,6
1588,9
1589,2
1589,3
1589,5
1589,6
1589,7
1589,8
1589,9
1590,1
1590,2
1590,3
1590,5
1590,6
1590,7
1590,8
1590,9
1591,1
1591,2
1591,3
1591,4
1591,6
1591,7
1591,9
1592,2
1592,4
1592,6
1592,7
1592,9
1593,4
1593,6
1593,9
1594,1
1594,3
1594,4
1594,6
1594,9
1595,2
1595,3
1595,5
1595,6
1595,7
1595,8
1595,9
1596,2
1596,3
1596,5
1596,6
1596,7
1596,8
1596,9
1597,3
1597,5
1597,6
1597,8
1597,9
1598,2
1598,3
1598,4
1598,6
1598,7
1598,8
1598,9
1599,9
1600,1
1600,2
1600,4
1600,6
1600,7
1600,8
1600,9
1601,9
1602,5
1602,6
1602,9
1603,2
1603,3
1603,4
1603,6
1603,7
1603,9
1604,1
1604,5
1604,9
1605,2
1605,4
1605,6
1605,7
1605,9
1606,2
1606,3
1606,4
1606,6
1606,7
1606,9
1607,1
1607,3
1607,4
1607,6
1607,9
1608,1
1608,5
1608,8
1608,9
1609,1
1609,2
1609,3
1609,4
1609,6
1609,7
1609,8
1609,9
1610,2
1610,5
1610,6
1610,7
1610,9
1611,1
1611,2
1611,3
1611,4
1611,7
1611,9
1612,1
1612,3
1612,4
1612,5
1612,6
1612,9
1613,2
1613,3
1613,5
1613,6
1613,7
1613,9
1614,2
1614,5
1614,6
1614,7
1614,8
1614,9
1615,4
1615,9
1616,2
1616,5
1616,6
1616,7
1616,9
1617,1
1617,4
1617,6
1617,9
1618,1
1618,2
1618,3
1618,4
1618,6
1618,7
1618,9
1619,1
1619,2
1619,3
1619,4
1619,6
1619,7
1619,9
1620,1
1620,2
1620,5
1620,6
1620,7
1620,9
1621,1
1621,2
1621,3
1621,4
1621,6
1621,7
1621,9
1622,5
1622,6
1622,9
1623,2
1623,3
1623,4
1623,7
1623,9
1624,5
1624,6
1624,9
1625,1
1625,3
1625,6
1625,9
1626,2
1626,3
1626,4
1626,5
1626,6
1626,7
1626,9
1627,2
1627,3
1627,6
1627,7
1627,9
1628,2
1628,5
1628,6
1628,7
1628,8
1628,9
1629,2
1629,3
1629,6
1629,7
1629,9
1630,2
1630,4
1630,6
1630,7
1630,8
1630,9
1631,2
1631,5
1631,6
1631,7
1631,9
1632,1
1632,5
1632,6
1632,9
1633,2
1633,4
1633,6
1633,7
1633,9
1634,3
1634,4
1634,5
1634,6
1634,9
1635,1
1635,3
1635,4
1635,6
1635,9
1636,1
1636,2
1636,3
1636,5
1636,6
1636,7
1636,9
1637,4
1637,5
1637,6
1637,9
1638,3
1638,4
1638,5
1638,6
1638,9
1639,1
1639,3
1639,5
1639,9
1640,1
1640,3
1640,4
1640,6
1640,9
1641,2
1641,3
1641,7
1641,9
1642,2
1642,3
1642,4
1642,6
1642,7
1642,9
1643,1
1643,2
1643,5
1643,7
1643,9
1644,2
1644,3
1644,4
1644,6
1644,7
1644,9
1645,5
1645,6
1645,9
1646,2
1646,7
1646,9
1647,1
1647,6
1647,9
1648,3
1648,5
1648,6
1648,9
1649,1
1649,2
1649,4
1649,6
1649,7
1649,9
1650,1
1650,3
1650,6
1650,9
1651,1
1651,3
1651,5
1651,6
1651,9
1652,1
1652,4
1652,6
1652,9
1653,1
1653,4
1653,9
1654,2
1654,5
1654,6
1654,7
1654,8
1654,9
1655,2
1655,3
1655,5
1655,7
1655,9
1656,2
1656,3
1656,5
1656,7
1656,9
1657,2
1657,5
1657,6
1657,7
1657,8
1657,9
1658,1
1658,2
1658,6
1658,7
1658,9
1659,5
1659,9
1660,2
1660,3
1660,6
1660,7
1660,9
1661,3
1661,5
1661,9
1662,1
1662,2
1662,6
1662,7
1662,9
1663,1
1663,2
1663,6
1663,7
1663,9
1664,9
1665,1
1665,3
1665,6
1665,9
1666,3
1666,6
1666,9
1667,3
1667,5
1667,6
1667,9
1668,2
1668,3
1668,4
1668,6
1668,7
1668,9
1669,1
1669,2
1669,5
1669,7
1669,9
1670,1
1670,9
1671,2
1671,5
1671,6
1671,7
1671,9
1672,2
1672,5
1672,7
1672,9
1673,1
1673,3
1673,4
1673,5
1673,9
1674,1
1674,3
1674,4
1674,6
1674,8
1674,9
1675,2
1675,4
1675,6
1675,7
1675,9
1676,4
1676,9
1677,1
1677,2
1677,4
1677,6
1677,7
1677,9
1678,1
1678,3
1678,6
1678,8
1678,9
1679,3
1679,4
1679,9
1680,2
1680,3
1680,4
1680,6
1680,7
1680,8
1680,9
1681,1
1681,5
1681,6
1681,9
1682,2
1682,4
1682,6
1682,7
1682,9
1683,1
1683,3
1683,4
1683,6
1683,8
1683,9
1684,2
1684,6
1684,7
1684,9
1685,1
1685,2
1685,3
1685,4
1685,6
1685,7
1685,8
1685,9
1686,2
1686,3
1686,4
1686,6
1686,7
1686,9
1687,2
1687,5
1687,7
1687,9
1688,1
1688,2
1688,4
1688,6
1688,7
1688,8
1688,9
1689,3
1689,4
1689,6
1689,9
1690,4
1690,6
1690,9
1691,2
1691,6
1691,7
1691,9
1692,1
1692,3
1692,9
1693,1
1693,2
1693,3
1693,4
1693,6
1693,7
1693,9
1694,2
1694,3
1694,6
1694,7
1694,9
1695,2
1695,3
1695,6
1695,7
1695,9
1696,1
1696,4
1696,6
1696,9
1697,3
1697,5
1697,8
1698,3
1698,4
1698,8
1699,5
1699,6
1699,9
1700,2
1700,5
1700,7
1700,9
1701,2
1701,5
1701,7
1701,8
1701,9
1702,5
1702,9
1703,1
1703,3
1703,4
1703,6
1703,9
1704,5
1704,9
1705,1
1705,5
1705,9
1706,1
1706,2
1706,5
1706,7
1706,8
1706,9
1707,1
1707,5
1707,9
1708,2
1708,5
1708,7
1708,9
1709,3
1709,4
1709,5
1709,6
1709,9
1710,2
1710,3
1710,4
1710,6
1710,7
1710,8
1710,9
1711,1
1711,5
1711,6
1711,8
1711,9
1712,2
1712,4
1712,6
1712,7
1712,9
1713,3
1713,5
1713,8
1713,9
1714,1
1714,3
1714,5
1714,8
1714,9
1715,1
1715,3
1715,4
1715,8
1715,9
1716,1
1716,3
1716,8
1716,9
1717,1
1717,2
1717,7
1717,9
1718,1
1718,2
1718,5
1718,6
1718,7
1718,8
1718,9
1719,3
1719,5
1719,6
1719,9
1720,1
1720,5
1720,6
1720,9
1721,8
1721,9
1722,2
1722,3
1722,5
1722,7
1722,9
1723,3
1723,4
1723,6
1723,9
1724,1
1724,3
1724,5
1724,9
1725,1
1725,3
1725,4
1725,9
1726,2
1726,5
1726,7
1726,9
1727,2
1727,4
1727,6
1727,7
1727,8
1727,9
1728,5
1728,9
1729,2
1729,3
1729,5
1729,6
1729,7
1729,9
1730,1
1730,2
1730,3
1730,4
1730,6
1730,7
1730,8
1730,9
1731,1
1731,5
1731,8
1731,9
1732,2
1732,5
1732,7
1732,8
1732,9
1733,1
1733,2
1733,3
1733,4
1733,7
1733,8
1733,9
1734,1
1734,2
1734,3
1734,5
1734,6
1734,7
1734,8
1734,9
1735,1
1735,2
1735,3
1735,4
1735,6
1735,7
1735,9
1736,1
1736,3
1736,5
1736,6
1736,8
1736,9
1737,2
1737,3
1737,4
1737,5
1737,6
1737,7
1737,8
1737,9
1738,1
1738,2
1738,3
1738,5
1738,7
1738,8
1738,9
1739,1
1739,2
1739,6
1739,7
1739,9
1740,1
1740,3
1740,4
1740,9
1741,1
1741,5
1741,6
1741,8
1741,9
1742,1
1742,2
1742,4
1742,5
1742,6
1742,7
1742,8
1742,9
1743,1
1743,2
1743,3
1743,4
1743,6
1743,7
1743,9
1744,2
1744,3
1744,5
1744,7
1744,9
1745,1
1745,3
1745,4
1745,6
1745,9
1746,5
1746,9
1747,2
1747,3
1747,4
1747,5
1747,6
1747,7
1747,8
1747,9
1748,3
1748,6
1748,9
1749,3
1749,5
1749,6
1749,9
1750,3
1750,6
1750,9
1751,3
1751,4
1751,5
1751,8
1751,9
1752,1
1752,5
1752,6
1752,9
1753,1
1753,3
1753,4
1753,6
1753,9
1754,5
1754,9
1755,1
1755,4
1755,9
1756,5
1756,9
1757,1
1757,3
1757,4
1757,5
1757,9
1758,1
1758,3
1758,4
1758,9
1759,1
1759,3
1759,4
1759,9
1760,3
1760,9
1761,3
1761,5
1761,9
1762,3
1762,4
1762,6
1762,9
1763,2
1763,3
1763,4
1763,6
1763,7
1763,8
1763,9
1764,2
1764,3
1764,5
1764,7
1764,8
1764,9
1765,2
1765,5
1765,7
1765,8
1765,9
1766,2
1766,3
1766,5
1766,7
1766,8
1766,9
1767,5
1767,9
1768,2
1768,5
1768,6
1768,7
1768,9
1769,1
1769,2
1769,3
1769,5
1769,6
1769,7
1769,9
1770,2
1770,5
1770,7
1770,8
1770,9
1771,5
1771,6
1771,9
1772,2
1772,4
1772,5
1772,7
1772,9
1773,5
1773,8
1773,9
1774,1
1774,4
1774,6
1774,9
1775,5
1775,6
1775,9
1776,3
1776,5
1776,9
1777,1
1777,5
1777,9
1778,1
1778,3
1778,4
1778,9
1779,1
1779,3
1779,4
1779,6
1779,9
1780,1
1780,5
1780,6
1780,9
1781,3
1781,4
1781,6
1781,9
1782,1
1782,9
1783,1
1783,9
1784,1
1784,2
1784,3
1784,4
1784,6
1784,7
1784,8
1784,9
1785,1
1785,5
1785,6
1785,9
1786,1
1786,5
1786,9
1787,3
1787,5
1787,6
1787,9
1788,1
1788,2
1788,4
1788,6
1788,7
1788,9
1789,5
1789,9
1790,5
1790,9
1791,1
1791,2
1791,7
1791,9
1792,2
1792,3
1792,4
1792,7
1792,9
1793,2
1793,5
1793,7
1793,9
1794,2
1794,3
1794,5
1794,6
1794,7
1794,8
1794,9
1795,1
1795,2
1795,4
1795,7
1795,9
1796,2
1796,3
1796,5
1796,7
1796,9
1797,1
1797,3
1797,6
1797,9
1798,2
1798,5
1798,7
1798,9
1799,5
1799,9
1800,1
1800,2
1800,3
1800,4
1800,7
1800,9
1801,3
1801,4
1801,6
1801,9
1802,1
1802,2
1802,3
1802,4
1802,6
1802,7
1802,8
1802,9
1803,4
1803,9
1804,5
1804,9
1805,2
1805,3
1805,4
1805,6
1805,7
1805,9
1806,2
1806,4
1806,6
1806,7
1806,9
1807,2
1807,4
1807,6
1807,7
1807,9
1808,2
1808,4
1808,6
1808,7
1808,9
1809,2
1809,4
1809,6
1809,7
1809,9
1810,2
1810,4
1810,6
1810,7
1810,9
1811,2
1811,4
1811,6
1811,7
1811,9
1812,2
1812,4
1812,6
1812,7
1812,9
1813,3
1813,5
1813,6
1813,9
1814,3
1814,4
1814,5
1814,6
1814,9
1815,3
1815,4
1815,6
1815,9
1816,2
1816,5
1816,6
1816,7
1816,8
1816,9
1817,1
1817,3
1817,9
1818,1
1818,3
1818,4
1818,9
1819,5
1819,9
1820,6
1820,9
1821,5
1821,9
1822,1
1822,2
1822,4
1822,6
1822,7
1822,9
1823,5
1823,9
1824,1
1824,4
1824,9
1825,2
1825,4
1825,6
1825,7
1825,9
1826,1
1826,3
1826,5
1826,6
1826,9
1827,1
1827,3
1827,5
1827,8
1827,9
1828,1
1828,2
1828,3
1828,4
1828,7
1828,9
1829,2
1829,3
1829,5
1829,6
1829,7
1829,9
1830,1
1830,3
1830,5
1830,6
1830,9
1831,1
1831,3
1831,5
1831,9
1832,1
1832,2
1832,3
1832,4
1832,5
1832,6
1832,7
1832,9
1833,1
1833,2
1833,3
1833,4
1833,6
1833,7
1833,9
1834,1
1834,3
1834,4
1834,9
1835,3
1835,4
1835,6
1835,9
1836,1
1836,3
1836,4
1836,6
1836,9
1837,1
1837,2
1837,4
1837,6
1837,7
1837,9
1838,1
1838,3
1838,5
1838,6
1838,9
1839,3
1839,5
1839,6
1839,8
1839,9
1840,2
1840,4
1840,6
1840,7
1840,9
1841,2
1841,4
1841,6
1841,7
1841,9
1842,2
1842,3
1842,4
1842,6
1842,7
1842,9
1843,1
1843,3
1843,5
1843,8
1843,9
1844,1
1844,2
1844,6
1844,7
1844,9
1845,1
1845,2
1845,3
1845,4
1845,5
1845,6
1845,7
1845,8
1845,9
1846,1
1846,5
1846,9
1847,1
1847,2
1847,3
1847,4
1847,6
1847,7
1847,9
1848,1
1848,2
1848,3
1848,4
1848,5
1848,6
1848,7
1848,9
1849,2
1849,3
1849,6
1849,7
1849,9
1850,1
1850,3
1850,5
1850,9
1851,2
1851,3
1851,4
1851,6
1851,7
1851,8
1851,9
1852,3
1852,4
1852,6
1852,9
1853,1
1853,2
1853,3
1853,4
1853,6
1853,7
1853,8
1853,9
1854,3
1854,5
1854,6
1854,9
1855,1
1855,2
1855,3
1855,5
1855,6
1855,7
1855,9
1856,2
1856,3
1856,4
1856,6
1856,7
1856,8
1856,9
1857,2
1857,3
1857,4
1857,7
1857,9
1858,2
1858,3
1858,4
1858,6
1858,7
1858,9
1859,1
1859,5
1859,9
1860,2
1860,4
1860,5
1860,6
1860,7
1860,9
1861,2
1861,3
1861,4
1861,6
1861,7
1861,8
1861,9
1862,3
1862,5
1862,9
1863,2
1863,5
1863,6
1863,7
1863,9
1864,1
1864,4
1864,9
1865,1
1865,3
1865,6
1865,9
1866,1
1866,4
1866,5
1866,8
1866,9
1867,1
1867,4
1867,9
1868,1
1868,6
1868,9
1869,1
1869,2
1869,3
1869,5
1869,6
1869,7
1869,9
1870,2
1870,3
1870,6
1870,7
1870,8
1870,9
1871,2
1871,3
1871,4
1871,6
1871,7
1871,8
1871,9
1872,2
1872,3
1872,4
1872,6
1872,7
1872,8
1872,9
1873,2
1873,3
1873,4
1873,6
1873,7
1873,8
1873,9
1874,2
1874,3
1874,4
1874,6
1874,7
1874,8
1874,9
1875,2
1875,3
1875,6
1875,7
1875,8
1875,9
1876,2
1876,3
1876,6
1876,7
1876,8
1876,9
1877,1
1877,2
1877,3
1877,4
1877,5
1877,6
1877,7
1877,8
1877,9
1878,1
1878,3
1878,6
1878,9
1879,1
1879,2
1879,3
1879,4
1879,7
1879,9
1880,2
1880,3
1880,4
1880,5
1880,7
1880,9
1881,1
1881,2
1881,4
1881,6
1881,7
1881,9
1882,1
1882,2
1882,4
1882,6
1882,7
1882,9
1883,1
1883,2
1883,4
1883,6
1883,7
1883,9
1884,1
1884,4
1884,9
1885,2
1885,3
1885,4
1885,6
1885,7
1885,8
1885,9
1886,3
1886,4
1886,6
1886,9
1887,2
1887,5
1887,7
1887,9
1888,1
1888,2
1888,5
1888,6
1888,7
1888,8
1888,9
1889,2
1889,4
1889,5
1889,7
1889,9
1890,1
1890,4
1890,6
1890,9
1891,3
1891,4
1891,5
1891,9
1892,3
1892,4
1892,5
1892,9
1893,3
1893,4
1893,6
1893,9
1894,5
1894,6
1894,9
1895,1
1895,4
1895,6
1895,9
1896,1
1896,9
1897,5
1897,6
1897,9
1898,2
1898,3
1898,4
1898,6
1898,7
1898,9
1899,5
1899,8
1899,9
1900,3
1900,5
1900,6
1900,9
1901,1
1901,5
1901,6
1901,8
1902,1
1902,5
1902,6
1902,9
1903,3
1903,6
1903,9
1904,3
1904,5
1904,6
1904,9
1905,3
1905,6
1905,9
1906,3
1906,5
1906,6
1906,9
1907,1
1907,2
1907,3
1907,6
1907,7
1907,9
1908,1
1908,5
1908,9
1909,2
1909,3
1909,5
1909,6
1909,7
1909,9
1910,2
1910,3
1910,4
1910,6
1910,7
1910,9
1911,2
1911,5
1911,7
1911,9
1912,1
1912,5
1912,6
1912,9
1913,2
1913,3
1913,5
1913,6
1913,7
1913,9
1914,1
1914,3
1914,4
1914,6
1914,9
1915,2
1915,3
1915,4
1915,6
1915,7
1915,9
1916,2
1916,3
1916,4
1916,5
1916,6
1916,7
1916,9
1917,2
1917,3
1917,6
1917,7
1917,9
1918,1
1918,2
1918,3
1918,4
1918,6
1918,7
1918,9
1919,1
1919,2
1919,4
1919,6
1919,7
1919,8
1919,9
1920,1
1920,2
1920,3
1920,4
1920,6
1920,7
1920,8
1920,9
1921,1
1921,9
1922,2
1922,5
1922,6
1922,7
1922,8
1922,9
1923,2
1923,5
1923,6
1923,7
1923,8
1923,9
1924,2
1924,5
1924,6
1924,7
1924,8
1924,9
1925,5
1925,8
1925,9
1926,1
1926,2
1926,3
1926,4
1926,7
1926,9
1927,6
1927,9
1928,5
1928,9
1929,5
1929,6
1929,9
1930,2
1930,3
1930,4
1930,6
1930,7
1930,9
1931,5
1931,9
1932,5
1932,9
1933,1
1933,5
1933,6
1933,9
1934,3
1934,5
1934,6
1934,9
1935,2
1935,3
1935,5
1935,6
1935,7
1935,8
1935,9
1936,5
1936,8
1936,9
1937,1
1937,4
1937,5
1937,8
1937,9
1938,1
1938,6
1938,9
1939,2
1939,3
1939,6
1939,7
1939,9
1940,3
1940,4
1940,6
1940,9
1941,1
1941,3
1941,4
1941,6
1941,9
1942,3
1942,4
1942,6
1942,9
1943,5
1943,6
1943,9
1944,2
1944,3
1944,5
1944,7
1944,9
1945,5
1945,6
1945,9
1946,2
1946,3
1946,4
1946,6
1946,7
1946,8
1946,9
1947,2
1947,6
1947,7
1947,9
1948,1
1948,4
1948,6
1948,9
1949,2
1949,5
1949,7
1949,8
1949,9
1950,1
1950,9
1951,2
1951,3
1951,5
1951,6
1951,7
1951,9
1952,1
1952,2
1952,5
1952,7
1952,9
1953,5
1953,9
1954,3
1954,6
1954,8
1954,9
1955,1
1955,4
1955,9
1956,2
1956,5
1956,6
1956,7
1956,8
1956,9
1957,5
1957,9
1958,2
1958,3
1958,5
1958,6
1958,7
1958,9
1959,2
1959,3
1959,4
1959,6
1959,7
1959,9
1960,5
1960,9
1961,3
1961,4
1961,9
1962,3
1962,4
1962,9
1963,5
1963,9
1964,3
1964,5
1964,9
1965,1
1965,5
1965,6
1965,9
1966,2
1966,3
1966,5
1966,6
1966,7
1966,9
1967,3
1967,4
1967,6
1967,9
1968,2
1968,3
1968,4
1968,5
1968,6
1968,7
1968,8
1968,9
1969,4
1969,9
1970,1
1970,4
1970,6
1970,9
1971,2
1971,4
1971,6
1971,7
1971,8
1971,9
1972,2
1972,3
1972,4
1972,6
1972,7
1972,9
1973,4
1973,6
1973,9
1974,1
1974,3
1974,4
1974,6
1974,9
1975,1
1975,9
1976,4
1976,9
1977,2
1977,3
1977,4
1977,5
1977,6
1977,7
1977,9
1978,1
1978,6
1978,9
1979,2
1979,4
1979,6
1979,7
1979,9
1980,1
1980,5
1980,9
1981,1
1981,2
1981,3
1981,6
1981,7
1981,8
1981,9
1982,5
1982,9
1983,2
1983,4
1983,7
1983,9
1984,3
1984,4
1984,6
1984,9
1985,1
1985,2
1985,5
1985,7
1985,9
1986,5
1986,6
1986,9
1987,1
1987,5
1987,6
1987,9
1988,1
1988,3
1988,5
1988,9
1989,9
1990,1
1990,2
1990,3
1990,4
1990,6
1990,7
1990,8
1990,9
1991,2
1991,3
1991,4
1991,6
1991,7
1991,9
1992,1
1992,3
1992,4
1992,9
1993,1
1993,3
1993,5
1993,8
1993,9
1994,1
1994,2
1994,5
1994,6
1994,7
1994,9
1995,1
1995,9
1996,2
1996,5
1996,6
1996,7
1996,9
1997,5
1997,6
1997,9
1998,3
1998,4
1998,8
1998,9
1999,4
1999,6
1999,8
1999,9
2000,4
2000,9
2001,3
2001,5
2001,6
2001,8
2001,9
2002,1
2002,3
2002,5
2002,6
2002,9
2003,5
2003,9
2004,1
2004,4
2004,9
2005,1
2005,4
2005,9
2006,2
2006,3
2006,5
2006,6
2006,7
2006,8
2006,9
2007,1
2007,2
2007,3
2007,4
2007,5
2007,6
2007,7
2007,8
2007,9
2008,3
2008,4
2008,9
2009,4
2009,6
2009,9
2010,2
2010,3
2010,5
2010,6
2010,7
2010,9
2011,9
2012,9
2013,1
2013,2
2013,3
2013,5
2013,6
2013,7
2013,9
2014,3
2014,5
2014,6
2014,9
2015,3
2015,5
2015,9
2016,1
2016,5
2016,6
2016,9
2017,5
2017,6
2017,9
2018,1
2018,9
2019,2
2019,3
2019,4
2019,5
2019,7
2019,9
2020,2
2020,4
2020,6
2020,7
2020,9
2021,1
2021,2
2021,3
2021,4
2021,6
2021,7
2021,9
2022,5
2022,6
2022,9
2023,1
2023,3
2023,6
2023,8
2023,9
2024,2
2024,4
2024,6
2024,7
2024,9
2025,1
2025,9
2026,2
2026,4
2026,5
2026,6
2026,7
2026,8
2026,9
2027,1
2027,5
2027,8
2027,9
2028,2
2028,6
2028,7
2028,9
2029,5
2029,8
2029,9
2030,2
2030,3
2030,5
2030,7
2030,8
2030,9
2031,1
2031,2
2031,3
2031,5
2031,6
2031,7
2031,9
2032,5
2032,9
2033,2
2033,3
2033,4
2033,6
2033,7
2033,9
2034,2
2034,3
2034,4
2034,6
2034,7
2034,9
2035,3
2035,6
2035,9
2036,1
2036,9
2037,2
2037,4
2037,6
2037,7
2037,9
2038,3
2038,4
2038,6
2038,9
2039,2
2039,3
2039,6
2039,7
2039,9
2040,2
2040,3
2040,5
2040,6
2040,7
2040,8
2040,9
2041,1
2041,2
2041,3
2041,6
2041,7
2041,9
2042,2
2042,4
2042,6
2042,7
2042,9
2043,1
2043,2
2043,3
2043,4
2043,6
2043,7
2043,9
2044,1
2044,5
2044,6
2044,9
2045,1
2045,3
2045,4
2045,6
2045,9
2046,1
2046,2
2046,5
2046,6
2046,7
2046,8
2046,9
2047,1
2047,3
2047,9
2048,1
2048,2
2048,5
2048,6
2048,7
2048,9
2049,9
2050,2
2050,6
2050,7
2050,9
2051,2
2051,4
2051,6
2051,7
2051,9
2052,1
2052,3
2052,4
2052,8
2052,9
2053,2
2053,4
2053,6
2053,7
2053,9
2054,2
2054,4
2054,6
2054,7
2054,9
2055,2
2055,5
2055,6
2055,7
2055,9
2056,1
2056,6
2056,9
2057,2
2057,4
2057,6
2057,7
2057,8
2057,9
2058,2
2058,3
2058,4
2058,7
2058,8
2058,9
2059,2
2059,4
2059,6
2059,7
2059,9
2060,2
2060,3
2060,6
2060,7
2060,9
2061,2
2061,3
2061,6
2061,7
2061,9
2062,3
2062,4
2062,6
2062,9
2063,1
2063,2
2063,5
2063,6
2063,7
2063,9
2064,1
2064,2
2064,3
2064,4
2064,6
2064,7
2064,8
2064,9
2065,1
2065,2
2065,4
2065,6
2065,7
2065,8
2065,9
2066,2
2066,4
2066,7
2066,9
2067,2
2067,5
2067,7
2067,9
2068,2
2068,5
2068,7
2068,9
2069,2
2069,5
2069,7
2069,9
2070,2
2070,3
2070,4
2070,7
2070,9
2071,2
2071,5
2071,7
2071,9
2072,2
2072,4
2072,6
2072,7
2072,9
2073,2
2073,3
2073,4
2073,6
2073,7
2073,9
2074,1
2074,2
2074,3
2074,6
2074,7
2074,8
2074,9
2075,2
2075,3
2075,4
2075,6
2075,7
2075,9
2076,2
2076,4
2076,5
2076,7
2076,9
2077,5
2077,6
2077,9
2078,3
2078,4
2078,6
2078,9
2079,2
2079,3
2079,5
2079,7
2079,9
2080,2
2080,3
2080,4
2080,5
2080,6
2080,7
2080,8
2080,9
2081,1
2081,3
2081,4
2081,9
2082,1
2082,3
2082,9
2083,3
2083,4
2083,6
2083,9
2084,2
2084,3
2084,4
2084,6
2084,7
2084,9
2085,2
2085,4
2085,6
2085,7
2085,9
2086,1
2086,2
2086,6
2086,7
2086,9
2087,1
2087,3
2087,4
2087,6
2087,9
2088,2
2088,5
2088,6
2088,7
2088,9
2089,1
2089,6
2089,9
2090,5
2090,6
2090,9
2091,2
2091,5
2091,7
2091,9
2092,1
2092,5
2092,6
2092,9
2093,1
2093,2
2093,3
2093,4
2093,7
2093,9
2094,1
2094,2
2094,3
2094,4
2094,6
2094,7
2094,9
2095,1
2095,4
2095,6
2095,9
2096,1
2096,2
2096,4
2096,5
2096,7
2096,9
2097,1
2097,2
2097,4
2097,6
2097,7
2097,9
2098,1
2098,9
2099,4
2099,6
2099,9
2100,2
2100,5
2100,6
2100,7
2100,9
2101,3
2101,5
2101,6
2101,9
2102,2
2102,6
2102,7
2102,9
2103,2
2103,4
2103,6
2103,7
2103,9
2104,5
2104,6
2104,9
2105,1
2105,3
2105,5
2105,6
2105,8
2105,9
2106,1
2106,3
2106,5
2106,6
2106,9
2107,1
2107,3
2107,4
2107,9
2108,1
2108,2
2108,5
2108,6
2108,7
2108,9
2109,1
2109,5
2109,6
2109,9
2110,1
2110,5
2110,9
2111,1
2111,3
2111,4
2111,9
2112,1
2112,2
2112,3
2112,4
2112,6
2112,7
2112,9
2113,1
2113,4
2113,6
2113,9
2114,1
2114,2
2114,3
2114,5
2114,6
2114,7
2114,9
2115,1
2115,2
2115,3
2115,4
2115,6
2115,7
2115,9
2116,2
2116,3
2116,5
2116,7
2116,9
2117,2
2117,3
2117,5
2117,7
2117,9
2118,1
2118,4
2118,9
2119,1
2119,2
2119,4
2119,6
2119,7
2119,9
2120,2
2120,3
2120,4
2120,5
2120,6
2120,7
2120,9
2121,1
2121,6
2121,9
2122,2
2122,5
2122,6
2122,7
2122,9
2123,3
2123,5
2123,6
2123,8
2123,9
2124,2
2124,3
2124,4
2124,6
2124,7
2124,8
2124,9
2125,2
2125,5
2125,6
2125,7
2125,8
2125,9
2126,4
2126,6
2126,9
2127,2
2127,3
2127,5
2127,6
2127,7
2127,8
2127,9
2128,2
2128,5
2128,7
2128,9
2129,2
2129,5
2129,7
2129,9
2130,1
2130,2
2130,5
2130,6
2130,7
2130,9
2131,2
2131,3
2131,4
2131,6
2131,7
2131,9
2132,2
2132,3
2132,4
2132,6
2132,7
2132,9
2133,2
2133,3
2133,4
2133,6
2133,7
2133,9
2134,1
2134,4
2134,6
2134,9
2135,1
2135,2
2135,3
2135,4
2135,6
2135,7
2135,9
2136,1
2136,3
2136,4
2136,6
2136,9
2137,2
2137,3
2137,5
2137,7
2137,8
2137,9
2138,1
2138,3
2138,4
2138,9
2139,1
2139,3
2139,4
2139,6
2139,9
2140,1
2140,3
2140,9
2141,1
2141,2
2141,3
2141,5
2141,7
2141,9
2142,1
2142,2
2142,3
2142,5
2142,7
2142,9
2143,1
2143,2
2143,3
2143,5
2143,7
2143,9
2144,2
2144,7
2144,9
2145,3
2145,4
2145,9
2146,2
2146,3
2146,4
2146,6
2146,7
2146,8
2146,9
2147,2
2147,4
2147,6
2147,7
2147,9
2148,2
2148,4
2148,6
2148,7
2148,9
2149,1
2149,3
2149,4
2149,9
2150,1
2150,3
2150,4
2150,9
2151,5
2151,8
2151,9
2152,3
2152,4
2152,9
2153,1
2153,2
2153,4
2153,6
2153,7
2153,9
2154,1
2154,3
2154,8
2154,9
2155,1
2155,3
2155,4
2155,9
2156,1
2156,3
2156,4
2156,9
2157,1
2157,3
2157,9
2158,1
2158,5
2158,9
2159,1
2159,3
2159,4
2159,9
2160,1
2160,3
2160,4
2160,9
2161,1
2161,3
2161,9
2162,1
2162,5
2162,9
2163,1
2163,3
2163,4
2163,9
2164,1
2164,5
2164,9
2165,1
2165,5
2165,9
2166,1
2166,3
2166,9
2167,1
2167,3
2167,4
2167,9
2168,1
2168,3
2168,4
2168,9
2169,3
2169,4
2169,5
2169,6
2169,9
2170,2
2170,7
2170,9
2171,2
2171,5
2171,7
2171,9
2172,2
2172,4
2172,6
2172,7
2172,9
2173,3
2173,5
2173,9
2174,1
2174,3
2174,4
2174,6
2174,9
2175,1
2175,9
2176,2
2176,5
2176,7
2176,8
2176,9
2177,1
2177,3
2177,4
2177,5
2177,9
2178,3
2178,5
2178,6
2178,9
2179,2
2179,3
2179,4
2179,5
2179,6
2179,7
2179,9
2180,1
2180,4
2180,6
2180,9
2181,1
2181,4
2181,9
2182,1
2182,9
2183,1
2183,2
2183,3
2183,4
2183,6
2183,7
2183,8
2183,9
2184,4
2184,6
2184,9
2185,3
2185,4
2185,8
2185,9
2186,1
2186,3
2186,6
2186,9
2187,1
2187,9
2188,1
2188,4
2188,6
2188,9
2189,6
2189,9
2190,5
2190,9
2191,2
2191,4
2191,6
2191,7
2191,9
2192,2
2192,3
2192,4
2192,6
2192,7
2192,9
2193,2
2193,5
2193,7
2193,8
2193,9
2194,2
2194,3
2194,4
2194,5
2194,7
2194,8
2194,9
2195,1
2195,5
2195,9
2196,1
2196,3
2196,4
2196,9
2197,1
2197,6
2197,9
2198,1
2198,2
2198,4
2198,6
2198,7
2198,8
2198,9
2199,3
2199,4
2199,8
2199,9
2200,2
2200,3
2200,4
2200,6
2200,7
2200,9
2201,4
2201,9
2202,4
2202,6
2202,9
2203,4
2203,6
2203,9
2204,1
2204,3
2204,5
2204,6
2204,9
2205,5
2205,9
2206,1
2206,3
2206,4
2206,9
2207,2
2207,4
2207,5
2207,6
2207,7
2207,9
2208,1
2208,2
2208,5
2208,6
2208,7
2208,9
2209,1
2209,3
2209,5
2209,6
2209,8
2209,9
2210,1
2210,2
2210,3
2210,4
2210,6
2210,7
2210,9
2211,2
2211,3
2211,4
2211,6
2211,7
2211,9
2212,1
2212,2
2212,3
2212,4
2212,6
2212,7
2212,9
2213,2
2213,4
2213,6
2213,7
2213,9
2214,2
2214,4
2214,6
2214,7
2214,9
2215,2
2215,4
2215,6
2215,7
2215,9
2216,2
2216,4
2216,6
2216,7
2216,9
2217,2
2217,4
2217,7
2217,9
2218,5
2218,8
2218,9
2219,3
2219,4
2219,8
2219,9
2220,3
2220,4
2220,6
2220,9
2221,5
2221,9
2222,2
2222,3
2222,6
2222,7
2222,9
2223,5
2223,9
2224,1
2224,3
2224,5
2224,6
2224,9
2225,1
2225,9
2226,2
2226,4
2226,6
2226,7
2226,9
2227,5
2227,6
2227,9
2228,5
2228,6
2228,9
2229,2
2229,5
2229,6
2229,7
2229,9
2230,3
2230,5
2230,9
2231,1
2231,2
2231,3
2231,4
2231,6
2231,7
2231,9
2232,1
2232,2
2232,3
2232,4
2232,6
2232,7
2232,9
2233,2
2233,3
2233,6
2233,7
2233,9
2234,3
2234,4
2234,5
2234,6
2234,9
2235,9
2236,1
2236,3
2236,6
2236,9
2237,2
2237,5
2237,6
2237,7
2237,9
2238,1
2238,2
2238,3
2238,4
2238,6
2238,7
2238,8
2238,9
2239,1
2239,2
2239,5
2239,6
2239,7
2239,8
2239,9
2240,2
2240,3
2240,4
2240,6
2240,7
2240,9
2241,2
2241,3
2241,5
2241,6
2241,7
2241,9
2242,2
2242,3
2242,4
2242,6
2242,7
2242,8
2242,9
2243,2
2243,3
2243,4
2243,6
2243,7
2243,9
2244,2
2244,5
2244,7
2244,9
2245,2
2245,3
2245,4
2245,7
2245,9
2246,2
2246,3
2246,4
2246,6
2246,7
2246,9
2247,3
2247,5
2247,6
2247,9
2248,1
2248,2
2248,3
2248,5
2248,6
2248,7
2248,9
2249,1
2249,3
2249,4
2249,5
2249,6
2249,9
2250,2
2250,3
2250,4
2250,6
2250,7
2250,9
2251,5
2251,6
2251,9
2252,2
2252,3
2252,4
2252,5
2252,7
2253,2
2253,3
2253,4
2253,5
2253,7
2253,9
2254,1
2254,5
2254,9
2255,1
2255,3
2255,4
2255,6
2255,9
2256,5
2256,9
2257,1
2257,3
2257,4
2257,6
2257,9
2258,2
2258,5
2258,7
2258,9
2259,3
2259,9
2260,2
2260,3
2260,6
2260,7
2260,9
2261,3
2261,4
2261,6
2261,9
2262,5
2262,8
2262,9
2263,3
2263,5
2263,9
2264,3
2264,5
2264,9
2265,3
2265,5
2265,6
2265,9
2266,1
2266,3
2266,5
2266,8
2266,9
2267,1
2267,2
2267,4
2267,5
2267,6
2267,7
2267,8
2267,9
2268,1
2268,2
2268,3
2268,4
2268,5
2268,6
2268,7
2268,9
2269,5
2269,6
2269,9
2270,1
2270,5
2270,9
2271,3
2271,5
2271,8
2271,9
2272,1
2272,4
2272,6
2272,9
2273,3
2273,5
2273,6
2273,9
2274,2
2274,6
2274,7
2274,9
2275,1
2275,9
2276,5
2276,9
2277,1
2277,3
2277,6
2277,9
2278,1
2278,3
2278,6
2278,9
2279,1
2279,2
2279,5
2279,7
2279,8
2279,9
2280,3
2280,5
2280,6
2280,8
2280,9
2281,1
2281,5
2281,9
2282,1
2282,2
2282,3
2282,4
2282,6
2282,7
2282,9
2283,3
2283,6
2283,9
2284,2
2284,3
2284,5
2284,6
2284,7
2284,9
2285,2
2285,6
2285,7
2285,9
2286,1
2286,2
2286,4
2286,7
2286,9
2287,1
2287,2
2287,3
2287,5
2287,6
2287,7
2287,8
2287,9
2288,1
2288,4
2288,6
2288,9
2289,9
2290,3
2290,5
2290,6
2290,8
2290,9
2291,3
2291,5
2291,6
2291,8
2291,9
2292,2
2292,5
2292,6
2292,7
2292,9
2293,2
2293,5
2293,6
2293,7
2293,9
2294,1
2294,2
2294,5
2294,7
2294,9
2295,2
2295,5
2295,7
2295,9
2296,2
2296,3
2296,4
2296,5
2296,6
2296,7
2296,8
2296,9
2297,3
2297,4
2297,6
2297,9
2298,1
2298,2
2298,3
2298,5
2298,7
2298,8
2298,9
2299,3
2299,5
2299,6
2299,8
2299,9
2300,5
2300,9
2301,3
2301,5
2301,9
2302,3
2302,6
2302,9
2303,3
2303,5
2303,6
2303,9
2304,3
2304,5
2304,9
2305,2
2305,3
2305,5
2305,6
2305,7
2305,9
2306,1
2306,2
2306,3
2306,4
2306,5
2306,6
2306,7
2306,8
2306,9
2307,6
2307,9
2308,3
2308,5
2308,6
2308,9
2309,2
2309,3
2309,4
2309,6
2309,7
2309,9
2310,1
2310,2
2310,3
2310,4
2310,6
2310,7
2310,9
2311,2
2311,3
2311,5
2311,6
2311,7
2311,9
2312,1
2312,5
2312,6
2312,9
2313,2
2313,3
2313,4
2313,6
2313,7
2313,9
2314,1
2314,4
2314,9
2315,3
2315,8
2315,9
2316,2
2316,5
2316,7
2316,9
2317,9
2318,2
2318,4
2318,6
2318,7
2318,9
2319,2
2319,3
2319,4
2319,6
2319,7
2319,8
2319,9
2320,2
2320,3
2320,6
2320,7
2320,9
2321,1
2321,2
2321,3
2321,5
2321,6
2321,7
2321,9
2322,1
2322,5
2322,9
2323,1
2323,2
2323,3
2323,5
2323,7
2323,9
2324,2
2324,4
2324,6
2324,7
2324,9
2325,2
2325,4
2325,6
2325,7
2325,9
2326,2
2326,4
2326,6
2326,7
2326,9
2327,2
2327,4
2327,6
2327,7
2327,9
2328,2
2328,4
2328,6
2328,7
2328,9
2329,2
2329,4
2329,6
2329,7
2329,9
2330,2
2330,4
2330,6
2330,7
2330,9
2331,2
2331,4
2331,6
2331,7
2331,9
2332,2
2332,4
2332,6
2332,7
2332,9
2333,3
2333,5
2333,9
2334,3
2334,4
2334,6
2334,9
2335,2
2335,3
2335,4
2335,6
2335,7
2335,9
2336,1
2336,2
2336,5
2336,7
2336,8
2336,9
2337,9
2338,3
2338,4
2338,9
2339,2
2339,4
2339,6
2339,7
2339,9
2340,2
2340,5
2340,7
2340,8
2340,9
2341,1
2341,3
2341,4
2341,6
2341,9
2342,3
2342,4
2342,5
2342,6
2342,9
2343,3
2343,4
2343,9
2344,2
2344,3
2344,4
2344,5
2344,6
2344,7
2344,8
2344,9
2345,2
2345,4
2345,6
2345,7
2345,9
2346,2
2346,3
2346,5
2346,7
2346,9
2347,2
2347,3
2347,5
2347,6
2347,7
2347,8
2347,9
2348,1
2348,2
2348,6
2348,7
2348,9
2349,1
2349,3
2349,4
2349,9
2350,2
2350,4
2350,6
2350,7
2350,9
2351,5
2351,6
2351,8
2351,9
2352,2
2352,3
2352,5
2352,6
2352,7
2352,9
2353,1
2353,3
2353,4
2353,6
2353,9
2354,3
2354,5
2354,8
2354,9
2355,2
2355,3
2355,5
2355,7
2355,9
2356,3
2356,5
2356,6
2356,9
2357,3
2357,6
2357,8
2357,9
2358,2
2358,3
2358,4
2358,6
2358,7
2358,9
2359,3
2359,5
2359,6
2359,9
2360,1
2360,2
2360,3
2360,4
2360,6
2360,7
2360,8
2360,9
2361,2
2361,3
2361,4
2361,6
2361,7
2361,9
2362,1
2362,2
2362,3
2362,4
2362,6
2362,7
2362,8
2362,9
2363,1
2363,4
2363,9
2364,3
2364,5
2364,6
2364,9
2365,1
2365,2
2365,4
2365,6
2365,7
2365,8
2365,9
2366,2
2366,3
2366,6
2366,7
2366,8
2366,9
2367,1
2367,5
2367,9
2368,1
2368,4
2368,9
2369,2
2369,3
2369,4
2369,6
2369,7
2369,9
2370,1
2370,3
2370,4
2370,5
2370,6
2370,9
2371,2
2371,3
2371,4
2371,5
2371,7
2371,9
2372,2
2372,4
2372,6
2372,7
2372,9
2373,2
2373,3
2373,5
2373,6
2373,7
2373,8
2373,9
2374,1
2374,3
2374,6
2374,8
2374,9
2375,3
2375,4
2375,5
2375,6
2375,9
2376,9
2377,1
2377,5
2377,9
2378,1
2378,3
2378,5
2378,6
2378,9
2379,3
2379,6
2379,9
2380,9
2381,1
2381,2
2381,5
2381,7
2381,9
2382,4
2382,5
2382,6
2382,8
2382,9
2383,1
2383,6
2383,8
2383,9
2384,2
2384,5
2384,7
2384,8
2384,9
2385,2
2385,3
2385,4
2385,5
2385,7
2385,8
2385,9
2386,1
2386,2
2386,5
2386,6
2386,7
2386,8
2386,9
2387,1
2387,2
2387,4
2387,6
2387,7
2387,9
2388,3
2388,4
2388,6
2388,9
2389,5
2389,9
2390,2
2390,4
2390,5
2390,6
2390,7
2390,8
2390,9
2391,1
2391,5
2391,9
2392,2
2392,3
2392,5
2392,6
2392,7
2392,9
2393,2
2393,3
2393,5
2393,7
2393,9
2394,2
2394,4
2394,6
2394,7
2394,8
2394,9
2395,5
2395,9
2396,9
2397,2
2397,3
2397,4
2397,6
2397,7
2397,9
2398,2
2398,4
2398,5
2398,7
2398,9
2399,2
2399,5
2399,6
2399,7
2399,9
2400,1
2400,2
2400,3
2400,4
2400,6
2400,7
2400,9
2401,2
2401,3
2401,4
2401,5
2401,7
2401,8
2401,9
2402,1
2402,2
2402,3
2402,4
2402,6
2402,7
2402,9
2403,1
2403,5
2403,6
2403,9
2404,1
2404,2
2404,6
2404,7
2404,9
2405,3
2405,5
2405,6
2405,9
2406,1
2406,2
2406,4
2406,5
2406,7
2406,8
2406,9
2407,1
2407,6
2407,9
2408,2
2408,5
2408,6
2408,7
2408,9
2409,2
2409,4
2409,6
2409,7
2409,9
2410,1
2410,5
2410,6
2410,9
2411,1
2411,9
2412,9
2413,1
2413,3
2413,4
2413,6
2413,9
2414,1
2414,4
2414,6
2414,9
2415,1
2415,2
2415,5
2415,6
2415,7
2415,8
2415,9
2416,3
2416,5
2416,6
2416,9
2417,5
2417,9
2418,5
2418,8
2418,9
2419,3
2419,4
2419,6
2419,9
2420,3
2420,4
2420,5
2420,6
2420,9
2421,1
2421,6
2421,9
2422,1
2422,3
2422,4
2422,6
2422,9
2423,5
2423,9
2424,3
2424,5
2424,9
2425,3
2425,5
2425,9
2426,5
2426,9
2427,1
2427,3
2427,4
2427,5
2427,6
2427,8
2427,9
2428,1
2428,2
2428,3
2428,4
2428,6
2428,7
2428,9
2429,3
2429,5
2429,6
2429,8
2429,9
2430,3
2430,4
2430,5
2430,9
2431,2
2431,5
2431,6
2431,7
2431,9
2432,5
2432,9
2433,5
2433,9
2434,3
2434,4
2434,6
2434,8
2434,9
2435,2
2435,5
2435,6
2435,7
2435,9
2436,2
2436,3
2436,5
2436,6
2436,7
2436,9
2437,1
2437,2
2437,3
2437,4
2437,5
2437,6
2437,7
2437,9
2438,1
2438,2
2438,4
2438,6
2438,7
2438,9
2439,2
2439,5
2439,7
2439,9
2440,5
2440,6
2440,9
2441,2
2441,3
2441,4
2441,5
2441,6
2441,7
2441,9
2442,3
2442,5
2442,6
2442,9
2443,5
2443,6
2443,9
2444,2
2444,3
2444,5
2444,6
2444,7
2444,8
2444,9
2445,2
2445,4
2445,7
2445,9
2446,2
2446,3
2446,5
2446,6
2446,7
2446,9
2447,2
2447,3
2447,5
2447,6
2447,7
2447,9
2448,3
2448,4
2448,6
2448,9
2449,2
2449,5
2449,7
2449,9
2450,1
2450,3
2450,4
2450,6
2450,9
2451,6
2451,9
2452,1
2452,9
2453,1
2453,4
2453,5
2453,9
2454,1
2454,9
2455,9
2456,1
2456,9
2457,3
2457,4
2457,5
2457,6
2457,9
2458,2
2458,3
2458,5
2458,6
2458,7
2458,9
2459,1
2459,3
2459,4
2459,9
2460,2
2460,5
2460,7
2460,9
2461,1
2461,2
2461,3
2461,4
2461,7
2461,9
2462,1
2462,2
2462,3
2462,6
2462,7
2462,8
2462,9
2463,1
2463,3
2463,4
2463,5
2463,6
2463,9
2464,5
2464,9
2465,2
2465,3
2465,4
2465,6
2465,7
2465,9
2466,1
2466,2
2466,5
2466,7
2466,9
2467,1
2467,2
2467,3
2467,4
2467,6
2467,7
2467,9
2468,1
2468,3
2468,4
2468,5
2468,8
2468,9
2469,2
2469,5
2469,6
2469,7
2469,9
2470,2
2470,3
2470,5
2470,6
2470,7
2470,9
2471,5
2471,9
2472,2
2472,3
2472,4
2472,5
2472,6
2472,7
2472,9
2473,1
2473,4
2473,6
2473,9
2474,5
2474,6
2474,9
2475,1
2475,6
2475,9
2476,1
2476,5
2476,6
2476,9
2477,3
2477,4
2477,6
2477,9
2478,4
2478,6
2478,9
2479,2
2479,6
2479,7
2479,9
2480,2
2480,4
2480,6
2480,7
2480,9
2481,2
2481,6
2481,7
2481,9
2482,5
2482,9
2483,5
2483,9
2484,1
2484,9
2485,5
2485,9
2486,2
2486,5
2486,6
2486,7
2486,9
2487,1
2487,9
2488,5
2488,9
2489,5
2489,9
2490,1
2490,3
2490,5
2490,6
2490,9
2491,1
2491,5
2491,9
2492,1
2492,2
2492,6
2492,7
2492,9
2493,5
2493,9
2494,3
2494,5
2494,9
2495,2
2495,3
2495,5
2495,6
2495,7
2495,8
2495,9
2496,5
2496,6
2496,9
2497,2
2497,5
2497,6
2497,7
2497,9
2498,3
2498,4
2498,6
2498,9
2499,2
2499,3
2499,5
2499,7
2499,9
2500,2
2500,5
2500,6
2500,7
2500,8
2500,9
2501,2
2501,4
2501,5
2501,6
2501,7
2501,8
2501,9
2502,2
2502,3
2502,4
2502,5
2502,7
2502,8
2502,9
2503,1
2503,3
2503,9
2504,2
2504,3
2504,5
2504,6
2504,7
2504,8
2504,9
2505,3
2505,4
2505,6
2505,9
2506,5
2506,6
2506,9
2507,1
2507,3
2507,9
2508,1
2508,9
2509,1
2509,9
2510,2
2510,3
2510,4
2510,6
2510,7
2510,9
2511,2
2511,3
2511,4
2511,6
2511,7
2511,9
2512,2
2512,4
2512,5
2512,6
2512,7
2512,9
2513,2
2513,5
2513,6
2513,7
2513,9
2514,2
2514,3
2514,4
2514,6
2514,7
2514,9
2515,2
2515,3
2515,5
2515,6
2515,7
2515,9
2516,5
2516,9
2517,1
2517,2
2517,4
2517,7
2517,9
2518,2
2518,3
2518,5
2518,6
2518,7
2518,9
2519,2
2519,5
2519,7
2519,9
2520,1
2520,4
2520,6
2520,9
2521,2
2521,3
2521,4
2521,5
2521,6
2521,7
2521,9
2522,1
2522,5
2522,9
2523,3
2523,4
2523,9
2524,5
2524,9
2525,1
2525,3
2525,4
2525,9
2526,1
2526,2
2526,4
2526,6
2526,7
2526,9
2527,5
2527,9
2528,5
2528,9
2529,3
2529,5
2529,6
2529,9
2530,1
2530,3
2530,4
2530,6
2530,9
2531,2
2531,5
2531,7
2531,9
2532,1
2532,5
2532,6
2532,9
2533,1
2533,3
2533,4
2533,5
2533,6
2533,9
2534,1
2534,5
2534,9
2535,1
2535,5
2535,6
2535,9
2536,5
2536,6
2536,9
2537,1
2537,2
2537,3
2537,4
2537,6
2537,7
2537,9
2538,3
2538,5
2538,6
2538,9
2539,3
2539,5
2539,6
2539,9
2540,1
2540,3
2540,4
2540,9
2541,2
2541,5
2541,6
2541,7
2541,9
2542,2
2542,5
2542,6
2542,7
2542,9
2543,1
2543,4
2543,9
2544,1
2544,2
2544,6
2544,7
2544,9
2545,1
2545,2
2545,4
2545,6
2545,7
2545,9
2546,1
2546,2
2546,4
2546,6
2546,7
2546,9
2547,1
2547,2
2547,4
2547,6
2547,7
2547,9
2548,3
2548,5
2548,6
2548,8
2548,9
2549,1
2549,3
2549,4
2549,6
2549,9
2550,1
2550,3
2550,4
2550,6
2550,9
2551,1
2551,3
2551,4
2551,6
2551,9
2552,5
2552,6
2552,9
2553,5
2553,9
2554,5
2554,6
2554,9
2555,1
2555,2
2555,3
2555,5
2555,6
2555,7
2555,9
2556,5
2556,9
2557,1
2557,3
2557,4
2557,5
2557,6
2557,9
2558,2
2558,3
2558,4
2558,6
2558,7
2558,9
2559,1
2559,3
2559,4
2559,9
2560,1
2560,3
2560,9
2561,2
2561,3
2561,4
2561,6
2561,7
2561,9
2562,1
2562,4
2562,6
2562,9
2563,2
2563,4
2563,6
2563,7
2563,9
2564,5
2564,8
2564,9
2565,2
2565,6
2565,7
2565,9
2566,2
2566,4
2566,6
2566,7
2566,9
2567,2
2567,4
2567,6
2567,7
2567,9
2568,2
2568,4
2568,6
2568,7
2568,9
2569,2
2569,4
2569,6
2569,7
2569,9
2570,6
2570,9
2571,5
2571,6
2571,9
2572,9
2573,2
2573,4
2573,6
2573,7
2573,9
2574,1
2574,3
2574,4
2574,6
2574,9
2575,5
2575,9
2576,4
2576,6
2576,9
2577,2
2577,4
2577,6
2577,7
2577,9
2578,2
2578,3
2578,4
2578,6
2578,7
2578,9
2579,2
2579,3
2579,4
2579,6
2579,7
2579,9
2580,2
2580,4
2580,6
2580,7
2580,9
2581,3
2581,5
2581,9
2582,2
2582,3
2582,6
2582,7
2582,8
2582,9
2583,2
2583,3
2583,4
2583,6
2583,7
2583,9
2584,2
2584,3
2584,6
2584,7
2584,9
2585,1
2585,9
2586,1
2586,2
2586,5
2586,7
2586,8
2586,9
2587,3
2587,4
2587,6
2587,9
2588,4
2588,9
2589,2
2589,5
2589,6
2589,7
2589,9
2590,1
2590,6
2590,9
2591,3
2591,6
2591,9
2592,1
2592,2
2592,4
2592,6
2592,7
2592,9
2593,2
2593,3
2593,5
2593,7
2593,9
2594,5
2594,6
2594,9
2595,2
2595,3
2595,4
2595,7
2595,9
2596,1
2596,3
2596,5
2596,9
2597,1
2597,3
2597,4
2597,6
2597,9
2598,1
2598,2
2598,4
2598,6
2598,7
2598,9
2599,1
2599,5
2599,6
2599,9
2600,1
2600,3
2600,4
2600,5
2600,6
2600,9
2601,5
2601,9
2602,2
2602,3
2602,4
2602,6
2602,7
2602,9
2603,1
2603,2
2603,5
2603,6
2603,7
2603,8
2603,9
2604,1
2604,2
2604,3
2604,5
2604,6
2604,7
2604,9
2605,1
2605,5
2605,6
2605,9
2606,1
2606,3
2606,5
2606,6
2606,8
2606,9
2607,2
2607,5
2607,6
2607,7
2607,9
2608,5
2608,6
2608,9
2609,1
2609,4
2609,9
2610,3
2610,4
2610,6
2610,9
2611,3
2611,4
2611,6
2611,9
2612,2
2612,4
2612,6
2612,7
2612,9
2613,1
2613,2
2613,3
2613,6
2613,7
2613,9
2614,1
2614,2
2614,5
2614,6
2614,7
2614,8
2614,9
2615,1
2615,3
2615,4
2615,6
2615,9
2616,2
2616,5
2616,7
2616,8
2616,9
2617,3
2617,5
2617,6
2617,9
2618,4
2618,5
2618,6
2618,9
2619,3
2619,4
2619,5
2619,9
2620,2
2620,3
2620,4
2620,5
2620,6
2620,7
2620,9
2621,2
2621,5
2621,6
2621,7
2621,9
2622,5
2622,6
2622,9
2623,1
2623,4
2623,6
2623,9
2624,1
2624,3
2624,4
2624,6
2624,9
2625,1
2625,2
2625,4
2625,6
2625,7
2625,9
2626,3
2626,5
2626,9
2627,2
2627,3
2627,4
2627,6
2627,7
2627,9
2628,9
2629,1
2629,5
2629,9
2630,5
2630,9
2631,2
2631,3
2631,4
2631,6
2631,7
2631,9
2632,1
2632,6
2632,9
2633,1
2633,3
2633,4
2633,5
2633,6
2633,8
2633,9
2634,1
2634,2
2634,4
2634,6
2634,7
2634,9
2635,1
2635,9
2636,1
2636,9
2637,1
2637,5
2637,9
2638,2
2638,5
2638,6
2638,7
2638,9
2639,2
2639,3
2639,5
2639,7
2639,8
2639,9
2640,5
2640,8
2640,9
2641,5
2641,9
2642,5
2642,9
2643,2
2643,4
2643,6
2643,7
2643,9
2644,3
2644,4
2644,9
2645,5
2645,9
2646,2
2646,3
2646,5
2646,7
2646,9
2647,3
2647,6
2647,9
2648,2
2648,3
2648,5
2648,6
2648,7
2648,9
2649,2
2649,5
2649,7
2649,9
2650,2
2650,5
2650,6
2650,7
2650,9
2651,2
2651,3
2651,5
2651,7
2651,8
2651,9
2652,6
2652,9
2653,2
2653,3
2653,4
2653,6
2653,7
2653,9
2654,2
2654,3
2654,5
2654,6
2654,7
2654,9
2655,2
2655,4
2655,5
2655,7
2655,8
2655,9
2656,1
2656,2
2656,3
2656,5
2656,6
2656,7
2656,9
2657,3
2657,4
2657,6
2657,9
2658,1
2658,2
2658,3
2658,5
2658,7
2658,9
2659,1
2659,2
2659,5
2659,6
2659,7
2659,9
2660,2
2660,3
2660,5
2660,6
2660,7
2660,9
2661,2
2661,3
2661,5
2661,7
2661,8
2661,9
2662,5
2662,9
2663,1
2663,9
2664,3
2664,4
2664,5
2664,9
2665,2
2665,5
2665,7
2665,9
2666,1
2666,4
2666,6
2666,9
2667,2
2667,3
2667,4
2667,6
2667,7
2667,9
2668,2
2668,4
2668,6
2668,7
2668,9
2669,2
2669,5
2669,6
2669,7
2669,9
2670,5
2670,8
2670,9
2671,5
2671,8
2671,9
2672,5
2672,8
2672,9
2673,1
2673,2
2673,3
2673,4
2673,6
2673,7
2673,9
2674,1
2674,2
2674,3
2674,6
2674,7
2674,9
2675,1
2675,4
2675,6
2675,9
2676,2
2676,3
2676,4
2676,5
2676,6
2676,7
2676,8
2676,9
2677,1
2677,5
2677,9
2678,1
2678,5
2678,9
2679,5
2679,8
2679,9
2680,1
2680,9
2681,5
2681,9
2682,1
2682,3
2682,6
2682,9
2683,5
2683,9
2684,5
2684,9
2685,3
2685,4
2685,9
2686,2
2686,5
2686,7
2686,9
2687,3
2687,5
2687,9
2688,1
2688,4
2688,6
2688,9
2689,2
2689,3
2689,5
2689,6
2689,7
2689,9
2690,2
2690,3
2690,4
2690,6
2690,7
2690,9
2691,2
2691,3
2691,5
2691,6
2691,7
2691,8
2691,9
2692,9
2693,2
2693,3
2693,4
2693,6
2693,7
2693,8
2693,9
2694,1
2694,2
2694,5
2694,6
2694,7
2694,8
2694,9
2695,1
2695,9
2696,6
2696,9
2697,5
2697,9
2698,2
2698,3
2698,5
2698,6
2698,7
2698,9
2699,2
2699,3
2699,5
2699,7
2699,8
2699,9
2700,3
2700,5
2700,8
2700,9
2701,2
2701,3
2701,5
2701,6
2701,7
2701,9
2702,5
2702,6
2702,9
2703,3
2703,4
2703,9
2704,1
2704,3
2704,4
2704,5
2704,6
2704,9
2705,2
2705,3
2705,5
2705,7
2705,9
2706,2
2706,5
2706,7
2706,8
2706,9
2707,2
2707,3
2707,4
2707,5
2707,6
2707,7
2707,8
2707,9
2708,1
2708,2
2708,3
2708,4
2708,6
2708,7
2708,8
2708,9
2709,1
2709,9
2710,1
2710,5
2710,9
2711,1
2711,3
2711,4
2711,9
2712,2
2712,3
2712,4
2712,5
2712,7
2712,9
2713,2
2713,3
2713,5
2713,6
2713,7
2713,8
2713,9
2714,1
2714,3
2714,4
2714,5
2714,9
2715,1
2715,3
2715,5
2715,9
2716,2
2716,4
2716,6
2716,7
2716,9
2717,2
2717,4
2717,6
2717,7
2717,9
2718,2
2718,4
2718,6
2718,7
2718,9
2719,2
2719,4
2719,6
2719,7
2719,9
2720,2
2720,4
2720,6
2720,7
2720,9
2721,2
2721,3
2721,4
2721,6
2721,7
2721,9
2722,1
2722,9
2723,1
2723,3
2723,5
2723,6
2723,9
2724,3
2724,4
2724,6
2724,9
2725,6
2725,9
2726,5
2726,6
2726,9
2727,5
2727,6
2727,9
2728,5
2728,6
2728,9
2729,5
2729,6
2729,9
2730,1
2730,4
2730,6
2730,9
2731,1
2731,5
2731,9
2732,3
2732,5
2732,9
2733,3
2733,5
2733,6
2733,9
2734,5
2734,8
2734,9
2735,2
2735,3
2735,5
2735,7
2735,9
2736,2
2736,3
2736,5
2736,7
2736,8
2736,9
2737,3
2737,4
2737,5
2737,6
2737,9
2738,1
2738,2
2738,5
2738,6
2738,7
2738,9
2739,5
2739,6
2739,9
2740,1
2740,2
2740,5
2740,6
2740,7
2740,9
2741,1
2741,2
2741,3
2741,4
2741,6
2741,7
2741,8
2741,9
2742,4
2742,6
2742,9
2743,5
2743,9
2744,3
2744,4
2744,5
2744,8
2744,9
2745,2
2745,3
2745,4
2745,5
2745,7
2745,8
2745,9
2746,5
2746,8
2746,9
2747,1
2747,2
2747,3
2747,4
2747,6
2747,7
2747,8
2747,9
2748,1
2748,3
2748,4
2748,6
2748,9
2749,1
2749,2
2749,3
2749,6
2749,7
2749,8
2749,9
2750,1
2750,2
2750,3
2750,4
2750,6
2750,7
2750,8
2750,9
2751,1
2751,2
2751,3
2751,4
2751,6
2751,7
2751,8
2751,9
2752,1
2752,2
2752,3
2752,4
2752,6
2752,7
2752,8
2752,9
2753,1
2753,2
2753,3
2753,4
2753,6
2753,7
2753,8
2753,9
2754,1
2754,2
2754,3
2754,6
2754,7
2754,8
2754,9
2755,1
2755,2
2755,3
2755,6
2755,7
2755,8
2755,9
2756,5
2756,6
2756,9
2757,1
2757,5
2757,9
2758,1
2758,4
2758,6
2758,9
2759,5
2759,6
2759,9
2760,5
2760,6
2760,9
2761,1
2761,3
2761,4
2761,9
2762,2
2762,3
2762,4
2762,5
2762,6
2762,7
2762,8
2762,9
2763,1
2763,2
2763,4
2763,6
2763,7
2763,9
2764,3
2764,5
2764,9
2765,3
2765,4
2765,9
2766,4
2766,6
2766,9
2767,3
2767,5
2767,6
2767,9
2768,3
2768,5
2768,6
2768,9
2769,1
2769,3
2769,5
2769,9
2770,1
2770,4
2770,6
2770,9
2771,2
2771,5
2771,6
2771,7
2771,9
2772,1
2772,2
2772,3
2772,4
2772,6
2772,7
2772,9
2773,1
2773,5
2773,9
2774,2
2774,3
2774,4
2774,5
2774,6
2774,7
2774,9
2775,2
2775,3
2775,4
2775,5
2775,6
2775,7
2775,9
2776,2
2776,5
2776,6
2776,7
2776,9
2777,1
2777,4
2777,9
2778,1
2778,9
2779,2
2779,3
2779,7
2779,8
2779,9
2780,2
2780,3
2780,5
2780,6
2780,7
2780,8
2780,9
2781,5
2781,6
2781,8
2781,9
2782,2
2782,5
2782,7
2782,9
2783,2
2783,4
2783,6
2783,7
2783,9
2784,1
2784,2
2784,5
2784,6
2784,7
2784,9
2785,2
2785,5
2785,6
2785,7
2785,9
2786,2
2786,3
2786,4
2786,6
2786,7
2786,8
2786,9
2787,1
2787,5
2787,6
2787,9
2788,1
2788,5
2788,6
2788,9
2789,1
2789,2
2789,3
2789,6
2789,7
2789,9
2790,3
2790,5
2790,6
2790,9
2791,2
2791,3
2791,5
2791,6
2791,7
2791,9
2792,3
2792,5
2792,6
2792,9
2793,1
2793,5
2793,9
2794,5
2794,9
2795,1
2795,3
2795,9
2796,5
2796,9
2797,3
2797,5
2797,9
2798,5
2798,6
2798,9
2799,3
2799,5
2799,6
2799,9
2800,1
2800,9
2801,1
2801,2
2801,3
2801,6
2801,7
2801,9
2802,1
2802,2
2802,3
2802,5
2802,6
2802,7
2802,9
2803,1
2803,2
2803,4
2803,6
2803,7
2803,9
2804,1
2804,2
2804,4
2804,6
2804,7
2804,9
2805,1
2805,3
2805,6
2805,9
2806,2
2806,3
2806,4
2806,6
2806,7
2806,9
2807,3
2807,4
2807,9
2808,2
2808,3
2808,4
2808,7
2808,8
2808,9
2809,3
2809,5
2809,9
2810,5
2810,6
2810,8
2810,9
2811,1
2811,3
2811,6
2811,9
2812,5
2812,9
2813,1
2813,3
2813,5
2813,9
2814,1
2814,4
2814,9
2815,4
2815,9
2816,4
2816,6
2816,9
2817,1
2817,9
2818,1
2818,6
2818,9
2819,3
2819,5
2819,9
2820,1
2820,5
2820,6
2820,9
2821,2
2821,5
2821,7
2821,8
2821,9
2822,2
2822,3
2822,5
2822,6
2822,7
2822,9
2823,2
2823,3
2823,5
2823,6
2823,7
2823,9
2824,2
2824,3
2824,5
2824,6
2824,7
2824,9
2825,1
2825,2
2825,3
2825,4
2825,6
2825,7
2825,9
2826,5
2826,9
2827,1
2827,4
2827,9
2828,9
2829,9
2830,1
2830,9
2831,1
2831,2
2831,5
2831,6
2831,7
2831,9
2832,3
2832,4
2832,6
2832,9
2833,1
2833,2
2833,3
2833,5
2833,6
2833,7
2833,9
2834,5
2834,9
2835,2
2835,5
2835,6
2835,7
2835,9
2836,9
2837,1
2837,9
2838,2
2838,3
2838,4
2838,7
2838,8
2838,9
2839,2
2839,4
2839,6
2839,7
2839,9
2840,1
2840,3
2840,5
2840,6
2840,9
2841,1
2841,3
2841,4
2841,6
2841,9
2842,5
2842,6
2842,9
2843,5
2843,9
2844,1
2844,2
2844,3
2844,6
2844,7
2844,9
2845,1
2845,2
2845,6
2845,7
2845,9
2846,9
2847,2
2847,5
2847,7
2847,8
2847,9
2848,2
2848,4
2848,6
2848,7
2848,9
2849,1
2849,2
2849,3
2849,5
2849,6
2849,7
2849,9
2850,1
2850,5
2850,9
2851,4
2851,6
2851,9
2852,3
2852,4
2852,6
2852,9
2853,1
2853,9
2854,5
2854,9
2855,4
2855,5
2855,6
2855,9
2856,5
2856,6
2856,9
2857,1
2857,3
2857,4
2857,9
2858,2
2858,3
2858,4
2858,6
2858,7
2858,9
2859,1
2859,5
2859,6
2859,9
2860,5
2860,6
2860,9
2861,2
2861,3
2861,5
2861,6
2861,7
2861,9
2862,2
2862,3
2862,4
2862,6
2862,7
2862,9
2863,9
2864,2
2864,4
2864,7
2864,9
2865,1
2865,2
2865,3
2865,4
2865,7
2865,9
2866,1
2866,2
2866,3
2866,7
2866,9
2867,1
2867,3
2867,6
2867,9
2868,2
2868,5
2868,7
2868,9
2869,1
2869,2
2869,3
2869,4
2869,6
2869,7
2869,8
2869,9
2870,1
2870,2
2870,3
2870,4
2870,6
2870,7
2870,8
2870,9
2871,1
2871,9
2872,3
2872,4
2872,9
2873,1
2873,5
2873,9
2874,1
2874,3
2874,4
2874,5
2874,6
2874,9
2875,4
2875,6
2875,9
2876,3
2876,4
2876,6
2876,9
2877,2
2877,4
2877,6
2877,7
2877,9
2878,1
2878,2
2878,3
2878,4
2878,6
2878,7
2878,9
2879,2
2879,3
2879,4
2879,6
2879,7
2879,9
2880,5
2880,6
2880,9
2881,4
2881,9
2882,3
2882,4
2882,6
2882,9
2883,1
2883,2
2883,3
2883,4
2883,6
2883,7
2883,9
2884,3
2884,5
2884,6
2884,9
2885,3
2885,6
2885,9
2886,5
2886,6
2886,9
2887,5
2887,9
2888,2
2888,5
2888,7
2888,9
2889,1
2889,4
2889,5
2889,6
2889,9
2890,1
2890,2
2890,3
2890,5
2890,6
2890,7
2890,9
2891,1
2891,3
2891,4
2891,5
2891,9
2892,1
2892,2
2892,3
2892,5
2892,6
2892,7
2892,9
2893,1
2893,4
2893,6
2893,9
2894,3
2894,5
2894,9
2895,1
2895,3
2895,4
2895,6
2895,9
2896,6
2896,9
2897,3
2897,4
2897,9
2898,3
2898,4
2898,6
2898,9
2899,1
2899,9
2900,5
2900,9
2901,1
2901,3
2901,4
2901,6
2901,9
2902,1
2902,2
2902,4
2902,6
2902,7
2902,9
2903,2
2903,3
2903,4
2903,6
2903,7
2903,8
2903,9
2904,5
2904,9
2905,1
2905,2
2905,3
2905,7
2905,9
2906,3
2906,5
2906,6
2906,9
2907,3
2907,4
2907,6
2907,9
2908,1
2908,4
2908,9
2909,6
2909,9
2910,3
2910,4
2910,6
2910,9
2911,2
2911,3
2911,4
2911,6
2911,7
2911,9
2912,1
2912,3
2912,5
2912,9
2913,2
2913,3
2913,4
2913,6
2913,7
2913,9
2914,9
2915,2
2915,4
2915,6
2915,7
2915,9
2916,1
2916,3
2916,4
2916,5
2916,9
2917,3
2917,4
2917,9
2918,3
2918,5
2918,6
2918,9
2919,1
2919,2
2919,4
2919,6
2919,7
2919,9
2920,1
2920,5
2920,9
2921,3
2921,5
2921,6
2921,9
2922,9
2923,5
2923,9
2924,9
2925,1
2925,4
2925,9
2926,2
2926,3
2926,4
2926,6
2926,7
2926,9
2927,1
2927,6
2927,8
2927,9
2928,5
2928,6
2928,9
2929,3
2929,5
2929,6
2929,8
2929,9
2930,1
2930,2
2930,4
2930,6
2930,7
2930,9
2931,1
2931,2
2931,4
2931,6
2931,7
2931,9
2932,2
2932,4
2932,6
2932,7
2932,9
2933,1
2933,3
2933,5
2933,6
2933,9
2934,1
2934,2
2934,3
2934,4
2934,6
2934,7
2934,9
2935,1
2935,2
2935,3
2935,4
2935,6
2935,7
2935,9
2936,1
2936,2
2936,3
2936,5
2936,6
2936,7
2936,9
2937,1
2937,2
2937,3
2937,4
2937,6
2937,7
2937,9
2938,1
2938,2
2938,3
2938,4
2938,5
2938,6
2938,7
2938,9
2939,1
2939,2
2939,3
2939,4
2939,5
2939,6
2939,7
2939,9
2940,1
2940,2
2940,3
2940,4
2940,5
2940,6
2940,7
2940,9
2941,1
2941,3
2941,4
2941,6
2941,9
2942,1
2942,2
2942,3
2942,4
2942,6
2942,7
2942,9
2943,5
2943,8
2943,9
2944,5
2944,9
2945,1
2945,2
2945,3
2945,5
2945,6
2945,7
2945,9
2946,1
2946,2
2946,4
2946,5
2946,6
2946,7
2946,9
2947,1
2947,2
2947,4
2947,5
2947,6
2947,7
2947,8
2948,1
2948,3
2948,5
2948,6
2948,9
2949,2
2949,3
2949,4
2949,5
2949,6
2949,7
2949,9
2950,1
2950,3
2950,4
2950,6
2950,9
2951,2
2951,5
2951,7
2951,9
2952,2
2952,5
2952,6
2952,7
2952,8
2952,9
2953,1
2953,2
2953,4
2953,5
2953,6
2953,7
2953,9
2954,1
2954,5
2954,6
2954,9
2955,3
2955,5
2955,9
2956,1
2956,3
2956,4
2956,6
2956,8
2956,9
2957,1
2957,3
2957,5
2957,6
2957,9
2958,1
2958,3
2958,4
2958,6
2958,9
2959,2
2959,3
2959,6
2959,7
2959,9
2960,5
2960,6
2960,9
2961,1
2961,5
2961,6
2961,8
2961,9
2962,4
2962,5
2962,8
2962,9
2963,5
2963,6
2963,8
2963,9
2964,1
2964,5
2964,6
2964,9
2965,2
2965,5
2965,6
2965,7
2965,9
2966,1
2966,6
2966,9
2967,5
2967,8
2967,9
2968,1
2968,4
2968,9
2969,3
2969,5
2969,9
2970,1
2970,5
2970,6
2970,9
2971,1
2971,2
2971,3
2971,4
2971,6
2971,7
2971,9
2972,1
2972,2
2972,5
2972,7
2972,9
2973,3
2973,5
2973,6
2973,9
2974,2
2974,5
2974,7
2974,9
2975,1
2975,2
2975,3
2975,4
2975,5
2975,6
2975,7
2975,8
2975,9
2976,5
2976,9
2977,1
2977,4
2977,6
2977,9
2978,2
2978,4
2978,6
2978,7
2978,9
2979,2
2979,4
2979,6
2979,7
2979,9
2980,5
2980,6
2980,8
2980,9
2981,1
2981,2
2981,3
2981,4
2981,6
2981,7
2981,8
2981,9
2982,1
2982,2
2982,3
2982,4
2982,6
2982,7
2982,8
2982,9
2983,1
2983,2
2983,3
2983,4
2983,6
2983,7
2983,8
2983,9
2984,1
2984,2
2984,3
2984,4
2984,6
2984,7
2984,8
2984,9
2985,1
2985,2
2985,3
2985,4
2985,6
2985,7
2985,8
2985,9
2986,1
2986,2
2986,3
2986,4
2986,6
2986,7
2986,8
2986,9
2987,1
2987,2
2987,3
2987,4
2987,6
2987,7
2987,8
2987,9
2988,1
2988,2
2988,3
2988,4
2988,6
2988,7
2988,8
2988,9
2989,1
2989,2
2989,3
2989,4
2989,6
2989,7
2989,8
2989,9
2990,1
2990,2
2990,3
2990,5
2990,6
2990,7
2990,9
2991,2
2991,3
2991,5
2991,7
2991,8
2991,9
2992,1
2992,2
2992,3
2992,5
2992,6
2992,7
2992,9
2993,1
2993,2
2993,6
2993,7
2993,9
2994,1
2994,5
2994,9
2995,1
2995,3
2995,4
2995,9
2996,3
2996,4
2996,9
2997,2
2997,3
2997,4
2997,7
2997,8
2997,9
2998,1
2998,5
2998,6
2998,9
2999,5
2999,9
3000,1
3000,5
3000,6
3000,9
3001,5
3001,6
3001,9
3002,3
3002,5
3002,6
3002,9
3003,5
3003,6
3003,8
3003,9
3004,2
3004,5
3004,7
3004,9
3005,5
3005,9
3006,2
3006,3
3006,5
3006,6
3006,7
3006,8
3006,9
3007,5
3007,8
3007,9
3008,2
3008,3
3008,5
3008,6
3008,7
3008,9
3009,2
3009,3
3009,5
3009,6
3009,7
3009,9
3010,1
3010,3
3010,4
3010,5
3010,6
3010,9
3011,1
3011,2
3011,4
3011,6
3011,7
3011,9
3012,2
3012,5
3012,7
3012,9
3013,2
3013,3
3013,4
3013,5
3013,6
3013,7
3013,9
3014,4
3014,6
3014,9
3015,2
3015,3
3015,4
3015,6
3015,7
3015,9
3016,1
3016,2
3016,3
3016,4
3016,6
3016,7
3016,9
3017,5
3017,9
3018,5
3018,9
3019,2
3019,5
3019,7
3019,8
3019,9
3020,5
3020,6
3020,9
3021,1
3021,2
3021,3
3021,5
3021,6
3021,7
3021,9
3022,3
3022,4
3022,6
3022,9
3023,1
3023,2
3023,3
3023,4
3023,6
3023,7
3023,9
3024,3
3024,4
3024,5
3024,8
3024,9
3025,3
3025,4
3025,6
3025,9
3026,2
3026,3
3026,5
3026,6
3026,7
3026,9
3027,1
3027,3
3027,4
3027,9
3028,1
3028,4
3028,6
3028,9
3029,1
3029,2
3029,3
3029,6
3029,7
3029,9
3030,2
3030,5
3030,7
3030,8
3030,9
3031,2
3031,3
3031,7
3031,9
3032,3
3032,4
3032,9
3033,2
3033,3
3033,5
3033,7
3033,8
3033,9
3034,3
3034,5
3034,6
3034,9
3035,1
3035,3
3035,4
3035,5
3035,6
3035,9
3036,2
3036,5
3036,6
3036,7
3036,8
3036,9
3037,5
3037,6
3037,9
3038,2
3038,3
3038,7
3038,8
3038,9
3039,3
3039,4
3039,6
3039,9
3040,1
3040,2
3040,3
3040,4
3040,6
3040,7
3040,9
3041,2
3041,3
3041,4
3041,6
3041,7
3041,9
3042,1
3042,6
3042,9
3043,2
3043,4
3043,6
3043,7
3043,9
3044,1
3044,2
3044,3
3044,4
3044,6
3044,7
3044,9
3045,1
3045,6
3045,9
3046,1
3046,3
3046,4
3046,9
3047,9
3048,4
3048,6
3048,9
3049,2
3049,3
3049,4
3049,6
3049,7
3049,9
3050,1
3050,2
3050,5
3050,7
3050,8
3050,9
3051,2
3051,5
3051,6
3051,7
3051,9
3052,5
3052,9
3053,1
3053,3
3053,4
3053,6
3053,8
3053,9
3054,3
3054,5
3054,6
3054,9
3055,5
3055,6
3055,9
3056,3
3056,5
3056,9
3057,4
3057,6
3057,9
3058,1
3058,6
3058,9
3059,3
3059,4
3059,9
3060,9
3061,1
3061,3
3061,9
3062,1
3062,2
3062,3
3062,6
3062,7
3062,8
3062,9
3063,2
3063,5
3063,7
3063,9
3064,1
3064,2
3064,3
3064,4
3064,6
3064,7
3064,9
3065,2
3065,3
3065,5
3065,7
3065,9
3066,2
3066,5
3066,6
3066,7
3066,9
3067,2
3067,5
3067,6
3067,7
3067,9
3068,2
3068,5
3068,7
3068,8
3068,9
3069,2
3069,3
3069,5
3069,6
3069,7
3069,9
3070,3
3070,5
3070,6
3070,9
3071,1
3071,3
3071,5
3071,9
3072,1
3072,2
3072,5
3072,6
3072,7
3072,9
3073,2
3073,4
3073,6
3073,7
3073,9
3074,3
3074,5
3074,6
3074,9
3075,2
3075,4
3075,6
3075,7
3075,9
3076,2
3076,4
3076,6
3076,7
3076,9
3077,2
3077,3
3077,5
3077,6
3077,7
3077,8
3077,9
3078,1
3078,2
3078,3
3078,5
3078,6
3078,7
3078,8
3078,9
3079,2
3079,5
3079,6
3079,7
3079,9
3080,1
3080,3
3080,5
3080,6
3080,9
3081,1
3081,3
3081,5
3081,6
3081,9
3082,2
3082,5
3082,7
3082,9
3083,3
3083,5
3083,6
3083,9
3084,3
3084,4
3084,5
3084,6
3084,9
3085,3
3085,5
3085,6
3085,9
3086,4
3086,6
3086,9
3087,2
3087,3
3087,4
3087,5
3087,6
3087,7
3087,8
3087,9
3088,1
3088,5
3088,9
3089,3
3089,4
3089,6
3089,9
3090,1
3090,2
3090,3
3090,5
3090,6
3090,7
3090,9
3091,2
3091,3
3091,4
3091,5
3091,6
3091,7
3091,9
3092,2
3092,5
3092,7
3092,9
3093,5
3093,6
3093,9
3094,5
3094,6
3094,9
3095,2
3095,5
3095,7
3095,8
3095,9
3096,1
3096,3
3096,5
3096,9
3097,3
3097,4
3097,5
3097,9
3098,2
3098,3
3098,4
3098,5
3098,7
3098,8
3098,9
3099,2
3099,3
3099,5
3099,6
3099,7
3099,9
3100,2
3100,5
3100,6
3100,7
3100,8
3100,9
3101,2
3101,3
3101,5
3101,6
3101,7
3101,8
3101,9
3102,5
3102,6
3102,9
3103,9
3104,1
3104,2
3104,4
3104,6
3104,7
3104,9
3105,5
3105,9
3106,9
3107,1
3107,3
3107,4
3107,9
3108,3
3108,5
3108,6
3108,9
3109,1
3109,2
3109,3
3109,5
3109,6
3109,7
3109,9
3110,1
3110,2
3110,5
3110,7
3110,8
3110,9
3111,1
3111,2
3111,5
3111,7
3111,8
3111,9
3112,1
3112,3
3112,5
3112,8
3112,9
3113,2
3113,3
3113,4
3113,6
3113,7
3113,9
3114,1
3114,3
3114,4
3114,6
3114,9
3115,1
3115,2
3115,5
3115,6
3115,7
3115,8
3115,9
3116,2
3116,3
3116,4
3116,6
3116,7
3116,9
3117,1
3117,5
3117,6
3117,9
3118,2
3118,3
3118,4
3118,5
3118,6
3118,7
3118,9
3119,2
3119,3
3119,7
3119,8
3119,9
3120,2
3120,5
3120,6
3120,7
3120,9
3121,1
3121,9
3122,2
3122,3
3122,5
3122,6
3122,7
3122,9
3123,2
3123,3
3123,5
3123,7
3123,9
3124,1
3124,2
3124,5
3124,7
3124,8
3124,9
3125,1
3125,2
3125,3
3125,6
3125,7
3125,8
3125,9
3126,3
3126,4
3126,6
3126,9
3127,3
3127,5
3127,6
3127,9
3128,5
3128,9
3129,3
3129,5
3129,9
3130,2
3130,5
3130,6
3130,7
3130,9
3131,2
3131,4
3131,6
3131,7
3131,9
3132,2
3132,4
3132,7
3132,9
3133,2
3133,5
3133,7
3133,9
3134,2
3134,3
3134,4
3134,5
3134,7
3134,9
3135,2
3135,3
3135,4
3135,7
3135,9
3136,3
3136,4
3136,5
3136,6
3136,9
3137,1
3137,3
3137,5
3137,9
3138,1
3138,3
3138,4
3138,6
3138,8
3138,9
3139,3
3139,4
3139,9
3140,1
3140,4
3140,9
3141,1
3141,3
3141,4
3141,6
3141,9
3142,2
3142,3
3142,5
3142,7
3142,9
3143,3
3143,5
3143,6
3143,9
3144,1
3144,9
3145,3
3145,5
3145,9
3146,4
3146,9
3147,5
3147,9
3148,3
3148,5
3148,9
3149,1
3149,2
3149,3
3149,5
3149,6
3149,7
3149,9
3150,1
3150,5
3150,9
3151,1
3151,5
3151,6
3151,8
3151,9
3152,1
3152,3
3152,4
3152,8
3152,9
3153,2
3153,6
3153,7
3153,9
3154,1
3154,2
3154,3
3154,4
3154,6
3154,7
3154,8
3154,9
3155,5
3155,6
3155,9
3156,2
3156,5
3156,7
3156,9
3157,1
3157,2
3157,4
3157,5
3157,7
3157,8
3157,9
3158,2
3158,7
3158,9
3159,2
3159,3
3159,4
3159,6
3159,7
3159,9
3160,2
3160,5
3160,6
3160,7
3160,9
3161,5
3161,9
3162,2
3162,3
3162,4
3162,6
3162,7
3162,8
3162,9
3163,1
3163,3
3163,4
3163,6
3163,9
3164,1
3164,2
3164,3
3164,4
3164,6
3164,7
3164,8
3164,9
3165,1
3165,5
3165,9
3166,2
3166,5
3166,6
3166,7
3166,9
3167,2
3167,5
3167,6
3167,7
3167,9
3168,2
3168,5
3168,6
3168,7
3168,9
3169,1
3169,3
3169,4
3169,6
3169,9
3170,1
3170,9
3171,1
3171,2
3171,4
3171,7
3171,9
3172,1
3172,3
3172,4
3172,9
3173,1
3173,2
3173,7
3173,9
3174,1
3174,6
3174,9
3175,1
3175,9
3176,2
3176,4
3176,6
3176,7
3176,8
3176,9
3177,3
3177,6
3177,9
3178,2
3178,3
3178,4
3178,6
3178,7
3178,9
3179,5
3179,9
3180,1
3180,3
3180,5
3180,6
3180,9
3181,3
3181,5
3181,6
3181,8
3181,9
3182,2
3182,5
3182,6
3182,7
3182,9
3183,2
3183,3
3183,5
3183,6
3183,7
3183,9
3184,2
3184,3
3184,5
3184,6
3184,7
3184,9
3185,5
3185,6
3185,9
3186,2
3186,3
3186,6
3186,7
3186,9
3187,1
3187,3
3187,4
3187,9
3188,1
3188,5
3188,6
3188,9
3189,5
3189,9
3190,2
3190,3
3190,4
3190,5
3190,6
3190,7
3190,9
3191,1
3191,3
3191,5
3191,6
3191,9
3192,2
3192,3
3192,4
3192,6
3192,7
3192,9
3193,1
3193,6
3193,9
3194,2
3194,3
3194,5
3194,6
3194,7
3194,9
3195,2
3195,3
3195,4
3195,6
3195,7
3195,9
3196,1
3196,4
3196,9
3197,3
3197,9
3198,9
3199,3
3199,4
3199,6
3199,9
3200,3
3200,4
3200,6
3200,9
3201,3
3201,4
3201,6
3201,9
3202,1
3202,2
3202,3
3202,6
3202,7
3202,9
3203,1
3203,2
3203,3
3203,4
3203,5
3203,6
3203,7
3203,9
3204,5
3204,6
3204,9
3205,2
3205,3
3205,5
3205,7
3205,9
3206,5
3206,6
3206,8
3206,9
3207,2
3207,3
3207,5
3207,7
3207,9
3208,2
3208,5
3208,7
3208,9
3209,1
3209,5
3209,6
3209,9
3210,2
3210,5
3210,7
3210,9
3211,5
3211,6
3211,9
3212,1
3212,2
3212,4
3212,7
3212,9
3213,1
3213,2
3213,5
3213,7
3213,9
3214,1
3214,2
3214,5
3214,7
3214,9
3215,1
3215,2
3215,5
3215,7
3215,9
3216,1
3216,2
3216,3
3216,4
3216,7
3216,9
3217,1
3217,2
3217,5
3217,7
3217,9
3218,1
3218,2
3218,3
3218,4
3218,6
3218,7
3218,9
3219,1
3219,3
3219,5
3219,6
3219,9
3220,1
3220,2
3220,3
3220,5
3220,6
3220,7
3220,8
3220,9
3221,2
3221,3
3221,5
3221,7
3221,9
3222,9
3223,1
3223,3
3223,4
3223,6
3223,9
3224,5
3224,6
3224,9
3225,2
3225,5
3225,7
3225,9
3226,1
3226,3
3226,5
3226,6
3226,9
3227,3
3227,6
3227,9
3228,2
3228,4
3228,6
3228,7
3228,9
3229,3
3229,4
3229,6
3229,9
3230,5
3230,6
3230,8
3230,9
3231,5
3231,6
3231,9
3232,2
3232,3
3232,4
3232,5
3232,6
3232,7
3232,9
3233,2
3233,3
3233,4
3233,5
3233,7
3233,8
3233,9
3234,5
3234,6
3234,9
3235,2
3235,5
3235,6
3235,7
3235,8
3235,9
3236,2
3236,3
3236,4
3236,5
3236,6
3236,7
3236,8
3236,9
3237,2
3237,3
3237,5
3237,7
3237,8
3237,9
3238,2
3238,3
3238,5
3238,7
3238,8
3238,9
3239,2
3239,3
3239,5
3239,7
3239,8
3239,9
3240,2
3240,4
3240,6
3240,7
3240,9
3241,1
3241,3
3241,4
3241,9
3242,3
3242,5
3242,6
3242,9
3243,1
3243,6
3243,9
3244,5
3244,9
3245,3
3245,6
3245,9
3246,5
3246,6
3246,9
3247,1
3247,3
3247,5
3247,6
3247,8
3247,9
3248,2
3248,5
3248,6
3248,7
3248,9
3249,2
3249,3
3249,5
3249,6
3249,7
3249,9
3250,1
3250,5
3250,8
3250,9
3251,5
3251,9
3252,1
3252,2
3252,3
3252,4
3252,6
3252,7
3252,9
3253,3
3253,5
3253,6
3253,9
3254,2
3254,3
3254,4
3254,7
3254,9
3255,1
3255,3
3255,4
3255,9
3256,3
3256,4
3256,5
3256,6
3256,8
3256,9
3257,1
3257,3
3257,6
3257,9
3258,5
3258,8
3258,9
3259,1
3259,2
3259,3
3259,4
3259,7
3259,9
3260,1
3260,3
3260,4
3260,6
3260,9
3261,1
3261,5
3261,6
3261,9
3262,2
3262,5
3262,6
3262,7
3262,8
3262,9
3263,1
3263,5
3263,9
3264,2
3264,3
3264,6
3264,7
3264,9
3265,1
3265,2
3265,3
3265,5
3265,6
3265,7
3265,9
3266,1
3266,4
3266,9
3267,5
3267,9
3268,1
3268,5
3268,6
3268,9
3269,1
3269,2
3269,5
3269,6
3269,7
3269,9
3270,2
3270,3
3270,4
3270,5
3270,6
3270,7
3270,9
3271,5
3271,9
3272,1
3272,9
3273,2
3273,6
3273,7
3273,9
3274,2
3274,4
3274,6
3274,7
3274,9
3275,2
3275,3
3275,4
3275,5
3275,7
3275,8
3275,9
3276,2
3276,4
3276,6
3276,7
3276,9
3277,5
3277,6
3277,9
3278,2
3278,3
3278,5
3278,7
3278,9
3279,5
3279,6
3279,9
3280,2
3280,3
3280,5
3280,7
3280,8
3280,9
3281,5
3281,6
3281,8
3281,9
3282,5
3282,9
3283,2
3283,3
3283,5
3283,6
3283,7
3283,9
3284,5
3284,9
3285,5
3285,6
3285,9
3286,1
3286,3
3286,4
3286,6
3286,9
3287,1
3287,4
3287,6
3287,9
3288,3
3288,5
3288,6
3288,9
3289,5
3289,6
3289,9
3290,1
3290,5
3290,9
3291,5
3291,9
3292,5
3292,9
3293,1
3293,3
3293,5
3293,9
3294,1
3294,3
3294,4
3294,6
3294,9
3295,4
3295,6
3295,9
3296,2
3296,5
3296,7
3296,9
3297,2
3297,3
3297,5
3297,6
3297,7
3297,9
3298,2
3298,5
3298,7
3298,9
3299,1
3299,5
3299,9
3300,2
3300,3
3300,4
3300,5
3300,6
3300,7
3300,9
3301,5
3301,9
3302,3
3302,5
3302,9
3303,1
3303,2
3303,5
3303,7
3303,9
3304,2
3304,5
3304,7
3304,8
3304,9
3305,1
3305,5
3305,6
3305,9
3306,2
3306,3
3306,4
3306,5
3306,6
3306,7
3306,9
3307,3
3307,4
3307,5
3307,6
3307,9
3308,1
3308,5
3308,9
3309,2
3309,5
3309,6
3309,7
3309,9
3310,2
3310,5
3310,6
3310,7
3310,8
3310,9
3311,2
3311,3
3311,5
3311,7
3311,9
3312,2
3312,5
3312,6
3312,7
3312,9
3313,1
3313,2
3313,3
3313,4
3313,5
3313,6
3313,7
3313,9
3314,3
3314,4
3314,5
3314,9
3315,1
3315,9
3316,5
3316,6
3316,9
3317,2
3317,3
3317,5
3317,7
3317,8
3317,9
3318,1
3318,4
3318,9
3319,1
3319,5
3319,9
3320,9
3321,1
3321,3
3321,4
3321,9
3322,1
3322,3
3322,4
3322,9
3323,1
3323,2
3323,3
3323,4
3323,6
3323,7
3323,9
3324,1
3324,2
3324,5
3324,6
3324,7
3324,9
3325,1
3325,3
3325,4
3325,6
3325,9
3326,2
3326,5
3326,7
3326,8
3326,9
3327,2
3327,4
3327,5
3327,6
3327,7
3327,9
3328,2
3328,4
3328,6
3328,7
3328,9
3329,2
3329,4
3329,6
3329,7
3329,9
3330,2
3330,4
3330,6
3330,7
3330,9
3331,1
3331,2
3331,3
3331,5
3331,6
3331,7
3331,9
3332,1
3332,2
3332,3
3332,4
3332,7
3332,9
3333,3
3333,4
3333,9
3334,9
3335,1
3335,2
3335,3
3335,4
3335,7
3335,9
3336,1
3336,5
3336,9
3337,2
3337,3
3337,5
3337,6
3337,7
3337,8
3337,9
3338,2
3338,5
3338,6
3338,7
3338,9
3339,1
3339,3
3339,4
3339,8
3339,9
3340,3
3340,5
3340,9
3341,3
3341,4
3341,5
3341,9
3342,1
3342,2
3342,3
3342,4
3342,6
3342,7
3342,9
3343,1
3343,3
3343,5
3343,6
3343,9
3344,1
3344,2
3344,3
3344,7
3344,9
3345,1
3345,2
3345,3
3345,4
3345,7
3345,9
3346,1
3346,2
3346,3
3346,4
3346,7
3346,9
3347,5
3347,6
3347,9
3348,2
3348,5
3348,6
3348,7
3348,8
3348,9
3349,1
3349,2
3349,3
3349,4
3349,5
3349,7
3349,8
3349,9
3350,5
3350,8
3350,9
3351,1
3351,3
3351,4
3351,9
3352,1
3352,5
3352,9
3353,2
3353,3
3353,4
3353,6
3353,7
3353,9
3354,5
3354,6
3354,9
3355,3
3355,4
3355,5
3355,6
3355,9
3356,5
3356,6
3356,9
3357,1
3357,2
3357,4
3357,6
3357,7
3357,9
3358,9
3359,3
3359,5
3359,9
3360,2
3360,3
3360,5
3360,7
3360,9
3361,5
3361,9
3362,5
3362,9
3363,1
3363,5
3363,6
3363,9
3364,9
3365,2
3365,5
3365,6
3365,7
3365,9
3366,1
3366,2
3366,4
3366,6
3366,7
3366,9
3367,1
3367,3
3367,4
3367,6
3367,9
3368,1
3368,3
3368,4
3368,5
3368,9
3369,2
3369,5
3369,7
3369,9
3370,4
3370,5
3370,6
3370,9
3371,1
3371,2
3371,3
3371,5
3371,7
3371,9
3372,3
3372,5
3372,9
3373,1
3373,9
3374,5
3374,9
3375,1
3375,3
3375,5
3375,9
3376,3
3376,5
3376,9
3377,1
3377,4
3377,6
3377,9
3378,1
3378,2
3378,3
3378,4
3378,6
3378,7
3378,9
3379,3
3379,4
3379,9
3380,5
3380,6
3380,9
3381,1
3381,5
3381,9
3382,9
3383,2
3383,3
3383,4
3383,5
3383,6
3383,7
3383,8
3383,9
3384,1
3384,2
3384,5
3384,7
3384,8
3384,9
3385,1
3385,3
3385,4
3385,6
3385,9
3386,3
3386,4
3386,6
3386,8
3386,9
3387,2
3387,3
3387,5
3387,6
3387,7
3387,9
3388,3
3388,4
3388,6
3388,8
3388,9
3389,1
3389,4
3389,9
3390,9
3391,5
3391,6
3391,9
3392,1
3392,3
3392,4
3392,5
3392,6
3392,9
3393,1
3393,3
3393,4
3393,6
3393,9
3394,1
3394,5
3394,6
3394,9
3395,1
3395,3
3395,4
3395,6
3395,9
3396,1
3396,3
3396,5
3396,6
3396,9
3397,1
3397,3
3397,4
3397,5
3397,8
3397,9
3398,4
3398,6
3398,9
3399,2
3399,6
3399,7
3399,9
3400,3
3400,6
3400,9
3401,1
3401,3
3401,5
3401,6
3401,9
3402,5
3402,9
3403,4
3403,6
3403,9
3404,5
3404,9
3405,3
3405,4
3405,6
3405,9
3406,2
3406,6
3406,7
3406,9
3407,3
3407,5
3407,9
3408,5
3408,9
3409,5
3409,9
3410,2
3410,3
3410,5
3410,7
3410,9
3411,5
3411,6
3411,9
3412,2
3412,5
3412,7
3412,9
3413,1
3413,5
3413,6
3413,9
3414,3
3414,4
3414,9
3415,1
3415,2
3415,3
3415,4
3415,7
3415,8
3415,9
3416,2
3416,3
3416,4
3416,6
3416,7
3416,9
3417,3
3417,5
3417,6
3417,9
3418,3
3418,6
3418,9
3419,1
3419,3
3419,5
3419,6
3419,9
3420,2
3420,4
3420,6
3420,7
3420,9
3421,6
3421,9
3422,5
3422,9
3423,5
3423,9
3424,5
3424,9
3425,5
3425,9
3426,2
3426,3
3426,5
3426,6
3426,7
3426,9
3427,1
3427,2
3427,3
3427,6
3427,7
3427,9
3428,3
3428,5
3428,6
3428,9
3429,1
3429,3
3429,6
3429,9
3430,3
3430,6
3430,9
3431,3
3431,4
3431,6
3431,9
3432,1
3432,3
3432,6
3432,9
3433,5
3433,9
3434,1
3434,3
3434,5
3434,9
3435,1
3435,2
3435,3
3435,4
3435,6
3435,7
3435,8
3435,9
3436,3
3436,4
3436,9
3437,3
3437,5
3437,6
3437,9
3438,1
3438,5
3438,9
3439,1
3439,3
3439,4
3439,6
3439,9
3440,2
3440,3
3440,5
3440,6
3440,7
3440,9
3441,1
3441,3
3441,5
3441,9
3442,1
3442,5
3442,9
3443,1
3443,9
3444,2
3444,5
3444,6
3444,7
3444,9
3445,5
3445,6
3445,8
3445,9
3446,2
3446,4
3446,6
3446,7
3446,8
3446,9
3447,2
3447,3
3447,4
3447,5
3447,6
3447,7
3447,9
3448,1
3448,2
3448,3
3448,5
3448,6
3448,7
3448,9
3449,2
3449,3
3449,5
3449,6
3449,7
3449,9
3450,2
3450,3
3450,5
3450,7
3450,8
3450,9
3451,1
3451,9
3452,5
3452,6
3452,9
3453,2
3453,3
3453,5
3453,7
3453,9
3454,3
3454,4
3454,6
3454,9
3455,5
3455,6
3455,9
3456,1
3456,6
3456,9
3457,5
3457,9
3458,2
3458,5
3458,6
3458,7
3458,9
3459,5
3459,9
3460,1
3460,3
3460,4
3460,6
3460,9
3461,5
3461,9
3462,2
3462,5
3462,7
3462,9
3463,3
3463,5
3463,9
3464,5
3464,9
3465,1
3465,5
3465,6
3465,9
3466,5
3466,9
3467,9
3468,1
3468,3
3468,4
3468,9
3469,1
3469,5
3469,9
3470,5
3470,6
3470,9
3471,2
3471,5
3471,6
3471,7
3471,8
3471,9
3472,5
3472,9
3473,2
3473,3
3473,5
3473,6
3473,7
3473,9
3474,3
3474,5
3474,6
3474,9
3475,5
3475,6
3475,9
3476,4
3476,6
3476,9
3477,1
3477,2
3477,3
3477,4
3477,5
3477,7
3477,9
3478,2
3478,3
3478,4
3478,6
3478,7
3478,9
3479,1
3479,9
3480,9
3481,1
3481,9
3482,2
3482,5
3482,6
3482,7
3482,9
3483,9
3484,2
3484,4
3484,6
3484,7
3484,9
3485,2
3485,4
3485,6
3485,7
3485,9
3486,2
3486,4
3486,6
3486,7
3486,9
3487,1
3487,5
3487,6
3487,9
3488,9
3489,4
3489,6
3489,9
3490,2
3490,3
3490,5
3490,6
3490,7
3490,9
3491,4
3491,6
3491,9
3492,4
3492,6
3492,9
3493,1
3493,2
3493,4
3493,5
3493,6
3493,7
3493,9
3494,1
3494,2
3494,3
3494,4
3494,6
3494,7
3494,9
3495,5
3495,9
3496,1
3496,2
3496,3
3496,5
3496,6
3496,7
3496,9
3497,5
3497,9
3498,2
3498,3
3498,5
3498,6
3498,7
3498,8
3498,9
3499,5
3499,6
3499,8
3499,9
3500,5
3500,6
3500,9
3501,2
3501,3
3501,7
3501,9
3502,2
3502,3
3502,6
3502,7
3502,9
3503,3
3503,5
3503,6
3503,9
3504,1
3504,9
3505,5
3505,6
3505,9
3506,9
3507,2
3507,3
3507,6
3507,7
3507,9
3508,2
3508,5
3508,7
3508,9
3509,1
3509,2
3509,5
3509,6
3509,7
3509,9
3510,1
3510,5
3510,6
3510,9
3511,1
3511,3
3511,5
3511,6
3511,9
3512,5
3512,9
3513,1
3513,2
3513,5
3513,7
3513,8
3513,9
3514,5
3514,6
3514,9
3515,2
3515,5
3515,7
3515,9
3516,2
3516,5
3516,7
3516,9
3517,1
3517,5
3517,6
3517,9
3518,2
3518,4
3518,6
3518,7
3518,9
3519,6
3519,9
3520,1
3520,5
3520,6
3520,9
3521,1
3521,4
3521,6
3521,9
3522,3
3522,4
3522,9
3523,1
3523,9
3524,1
3524,4
3524,6
3524,9
3525,2
3525,3
3525,4
3525,6
3525,7
3525,9
3526,1
3526,5
3526,6
3526,9
3527,5
3527,8
3527,9
3528,1
3528,3
3528,4
3528,6
3528,9
3529,3
3529,5
3529,6
3529,9
3530,2
3530,5
3530,6
3530,7
3530,9
3531,3
3531,4
3531,6
3531,9
3532,1
3532,2
3532,3
3532,4
3532,7
3532,9
3533,1
3533,4
3533,9
3534,1
3534,2
3534,5
3534,7
3534,9
3535,3
3535,5
3535,6
3535,9
3536,1
3536,2
3536,3
3536,4
3536,6
3536,7
3536,9
3537,1
3537,4
3537,6
3537,9
3538,2
3538,3
3538,4
3538,6
3538,7
3538,9
3539,1
3539,2
3539,3
3539,5
3539,6
3539,7
3539,9
3540,1
3540,2
3540,3
3540,5
3540,6
3540,7
3540,8
3540,9
3541,1
3541,3
3541,5
3541,6
3541,9
3542,1
3542,2
3542,3
3542,5
3542,6
3542,7
3542,9
3543,2
3543,3
3543,4
3543,6
3543,7
3543,9
3544,1
3544,3
3544,4
3544,5
3544,6
3544,9
3545,1
3545,3
3545,5
3545,6
3545,9
3546,1
3546,3
3546,6
3546,9
3547,1
3547,5
3547,9
3548,1
3548,9
3549,2
3549,4
3549,6
3549,7
3549,8
3549,9
3550,1
3550,3
3550,4
3550,6
3550,9
3551,1
3551,6
3551,9
3552,1
3552,5
3552,9
3553,2
3553,5
3553,6
3553,7
3553,8
3553,9
3554,2
3554,5
3554,6
3554,7
3554,8
3554,9
3555,2
3555,5
3555,7
3555,8
3555,9
3556,2
3556,5
3556,6
3556,7
3556,8
3556,9
3557,3
3557,4
3557,5
3557,9
3558,2
3558,3
3558,5
3558,6
3558,7
3558,8
3558,9
3559,2
3559,5
3559,7
3559,8
3559,9
3560,1
3560,2
3560,3
3560,6
3560,7
3560,9
3561,2
3561,5
3561,7
3561,9
3562,3
3562,5
3562,9
3563,1
3563,3
3563,4
3563,9
3564,4
3564,6
3564,9
3565,2
3565,3
3565,4
3565,5
3565,6
3565,7
3565,9
3566,2
3566,5
3566,6
3566,7
3566,9
3567,1
3567,2
3567,3
3567,4
3567,6
3567,7
3567,9
3568,1
3568,2
3568,3
3568,4
3568,6
3568,7
3568,9
3569,1
3569,2
3569,3
3569,4
3569,6
3569,7
3569,9
3570,1
3570,3
3570,4
3570,9
3571,9
3572,1
3572,2
3572,4
3572,6
3572,7
3572,9
3573,1
3573,2
3573,4
3573,6
3573,7
3573,9
3574,1
3574,2
3574,4
3574,6
3574,7
3574,9
3575,1
3575,2
3575,4
3575,6
3575,7
3575,9
3576,2
3576,3
3576,6
3576,7
3576,8
3576,9
3577,2
3577,3
3577,6
3577,7
3577,8
3577,9
3578,2
3578,3
3578,4
3578,6
3578,7
3578,9
3579,2
3579,3
3579,5
3579,6
3579,7
3579,9
3580,1
3580,2
3580,3
3580,4
3580,5
3580,6
3580,7
3580,9
3581,1
3581,2
3581,4
3581,5
3581,6
3581,7
3581,8
3581,9
3582,1
3582,3
3582,5
3582,6
3582,9
3583,5
3583,6
3583,9
3584,2
3584,4
3584,5
3584,7
3584,9
3585,1
3585,5
3585,9
3586,1
3586,2
3586,3
3586,4
3586,6
3586,7
3586,9
3587,4
3587,6
3587,9
3588,1
3588,3
3588,6
3588,9
3589,1
3589,4
3589,9
3590,1
3590,2
3590,6
3590,7
3590,8
3590,9
3591,1
3591,2
3591,3
3591,5
3591,6
3591,7
3591,9
3592,3
3592,5
3592,6
3592,9
3593,3
3593,5
3593,6
3593,9
3594,2
3594,3
3594,4
3594,6
3594,7
3594,9
3595,1
3595,2
3595,3
3595,6
3595,7
3595,9
3596,2
3596,3
3596,5
3596,6
3596,7
3596,9
3597,3
3597,4
3597,9
3598,3
3598,4
3598,6
3598,9
3599,3
3599,4
3599,6
3599,9
3600,1
3600,3
3600,4
3600,6
3600,8
3600,9
3601,5
3601,9
3602,1
3602,2
3602,3
3602,4
3602,6
3602,7
3602,8
3602,9
3603,2
3603,3
3603,5
3603,6
3603,7
3603,9
3604,3
3604,4
3604,5
3604,6
3604,8
3604,9
3605,2
3605,5
3605,6
3605,7
3605,9
3606,1
3606,2
3606,5
3606,6
3606,7
3606,9
3607,2
3607,4
3607,6
3607,7
3607,9
3608,2
3608,5
3608,7
3608,9
3609,5
3609,9
3610,1
3610,6
3610,9
3611,1
3611,2
3611,3
3611,5
3611,6
3611,7
3611,9
3612,1
3612,2
3612,5
3612,6
3612,7
3612,9
3613,2
3613,3
3613,6
3613,7
3613,9
3614,2
3614,3
3614,5
3614,7
3614,9
3615,1
3615,2
3615,3
3615,5
3615,6
3615,7
3615,9
3616,5
3616,9
3617,2
3617,3
3617,4
3617,6
3617,7
3617,8
3617,9
3618,1
3618,2
3618,3
3618,4
3618,6
3618,7
3618,8
3618,9
3619,2
3619,4
3619,6
3619,7
3619,9
3620,2
3620,4
3620,6
3620,7
3620,9
3621,2
3621,4
3621,6
3621,7
3621,9
3622,2
3622,4
3622,6
3622,7
3622,9
3623,2
3623,4
3623,6
3623,7
3623,9
3624,2
3624,4
3624,6
3624,7
3624,9
3625,2
3625,4
3625,6
3625,7
3625,9
3626,1
3626,4
3626,6
3626,9
3627,2
3627,4
3627,6
3627,7
3627,9
3628,4
3628,6
3628,9
3629,4
3629,5
3629,6
3629,9
3630,2
3630,6
3630,7
3630,9
3631,2
3631,3
3631,4
3631,6
3631,7
3631,9
3632,2
3632,4
3632,6
3632,7
3632,9
3633,4
3633,6
3633,9
3634,9
3635,1
3635,9
3636,1
3636,2
3636,4
3636,6
3636,7
3636,9
3637,5
3637,9
3638,1
3638,2
3638,3
3638,6
3638,7
3638,9
3639,1
3639,2
3639,3
3639,6
3639,7
3639,9
3640,1
3640,3
3640,4
3640,6
3640,9
3641,2
3641,5
3641,6
3641,7
3641,8
3641,9
3642,2
3642,3
3642,4
3642,6
3642,7
3642,8
3642,9
3643,2
3643,3
3643,4
3643,6
3643,7
3643,8
3643,9
3644,2
3644,5
3644,6
3644,7
3644,8
3644,9
3645,2
3645,5
3645,6
3645,7
3645,9
3646,1
3646,3
3646,6
3646,9
3647,1
3647,2
3647,6
3647,7
3647,9
3648,2
3648,4
3648,6
3648,7
3648,9
3649,2
3649,4
3649,6
3649,7
3649,9
3650,1
3650,2
3650,3
3650,4
3650,5
3650,6
3650,7
3650,9
3651,3
3651,4
3651,5
3651,6
3651,8
3651,9
3652,3
3652,4
3652,5
3652,6
3652,9
3653,1
3653,3
3653,5
3653,6
3653,9
3654,1
3654,3
3654,4
3654,6
3654,9
3655,1
3655,5
3655,6
3655,8
3655,9
3656,1
3656,4
3656,5
3656,6
3656,9
3657,1
3657,3
3657,4
3657,6
3657,9
3658,3
3658,4
3658,5
3658,6
3658,9
3659,2
3659,3
3659,4
3659,6
3659,7
3659,8
3659,9
3660,1
3660,2
3660,3
3660,4
3660,6
3660,7
3660,8
3660,9
3661,1
3661,9
3662,2
3662,3
3662,4
3662,6
3662,7
3662,9
3663,1
3663,3
3663,5
3663,6
3663,9
3664,1
3664,9
3665,2
3665,3
3665,4
3665,6
3665,7
3665,9
3666,1
3666,3
3666,4
3666,6
3666,9
3667,3
3667,5
3667,9
3668,1
3668,3
3668,4
3668,5
3668,6
3668,9
3669,5
3669,6
3669,9
3670,2
3670,5
3670,6
3670,7
3670,9
3671,3
3671,5
3671,6
3671,9
3672,1
3672,3
3672,4
3672,9
3673,2
3673,3
3673,5
3673,6
3673,7
3673,9
3674,3
3674,4
3674,9
3675,1
3675,3
3675,4
3675,6
3675,9
3676,1
3676,5
3676,9
3677,2
3677,5
3677,7
3677,8
3677,9
3678,1
3678,3
3678,5
3678,6
3678,9
3679,2
3679,3
3679,5
3679,7
3679,9
3680,2
3680,4
3680,6
3680,7
3680,9
3681,2
3681,3
3681,4
3681,5
3681,6
3681,7
3681,9
3682,1
3682,3
3682,4
3682,9
3683,2
3683,3
3683,5
3683,6
3683,7
3683,8
3683,9
3684,1
3684,3
3684,5
3684,6
3684,8
3684,9
3685,1
3685,5
3685,9
3686,2
3686,4
3686,6
3686,7
3686,9
3687,1
3687,2
3687,3
3687,5
3687,7
3687,8
3687,9
3688,1
3688,5
3688,9
3689,1
3689,2
3689,4
3689,6
3689,7
3689,9
3690,2
3690,3
3690,5
3690,7
3690,8
3690,9
3691,2
3691,6
3691,7
3691,9
3692,5
3692,6
3692,9
3693,3
3693,5
3693,9
3694,5
3694,9
3695,2
3695,5
3695,7
3695,9
3696,1
3696,4
3696,6
3696,9
3697,1
3697,2
3697,3
3697,4
3697,5
3697,7
3697,8
3697,9
3698,1
3698,2
3698,3
3698,5
3698,6
3698,7
3698,9
3699,1
3699,2
3699,3
3699,5
3699,6
3699,7
3699,9
3700,3
3700,9
3701,1
3701,4
3701,5
3701,6
3701,9
3702,1
3702,5
3702,6
3702,9
3703,1
3703,2
3703,5
3703,6
3703,7
3703,9
3704,5
3704,9
3705,3
3705,4
3705,5
3705,6
3705,9
3706,5
3706,6
3706,9
3707,1
3707,3
3707,6
3707,9
3708,5
3708,6
3708,9
3709,3
3709,6
3709,9
3710,2
3710,3
3710,4
3710,6
3710,7
3710,9
3711,3
3711,5
3711,6
3711,9
3712,3
3712,4
3712,5
3712,6
3712,9
3713,3
3713,5
3713,6
3713,9
3714,5
3714,9
3715,1
3715,3
3715,5
3715,6
3715,9
3716,5
3716,6
3716,9
3717,1
3717,4
3717,6
3717,9
3718,1
3718,3
3718,4
3718,6
3718,8
3718,9
3719,5
3719,9
3720,5
3720,6
3720,9
3721,2
3721,3
3721,4
3721,6
3721,7
3721,9
3722,1
3722,3
3722,4
3722,6
3722,9
3723,5
3723,9
3724,1
3724,3
3724,4
3724,6
3724,9
3725,1
3725,2
3725,5
3725,6
3725,7
3725,9
3726,3
3726,4
3726,5
3726,9
3727,5
3727,9
3728,2
3728,5
3728,7
3728,9
3729,2
3729,7
3729,9
3730,1
3730,3
3730,4
3730,6
3730,9
3731,2
3731,3
3731,5
3731,7
3731,8
3731,9
3732,1
3732,2
3732,3
3732,4
3732,6
3732,7
3732,9
3733,1
3733,2
3733,5
3733,6
3733,7
3733,9
3734,5
3734,6
3734,9
3735,1
3735,2
3735,5
3735,6
3735,7
3735,9
3736,1
3736,2
3736,3
3736,5
3736,6
3736,7
3736,9
3737,1
3737,5
3737,6
3737,9
3738,1
3738,6
3738,9
3739,9
3740,1
3740,5
3740,6
3740,9
3741,9
3742,1
3742,2
3742,5
3742,7
3742,9
3743,2
3743,5
3743,6
3743,7
3743,9
3744,2
3744,5
3744,6
3744,7
3744,9
3745,2
3745,5
3745,6
3745,7
3745,9
3746,3
3746,5
3746,8
3746,9
3747,2
3747,3
3747,4
3747,6
3747,7
3747,9
3748,3
3748,6
3748,9
3749,1
3749,2
3749,5
3749,6
3749,7
3749,9
3750,1
3750,3
3750,4
3750,8
3750,9
3751,2
3751,5
3751,6
3751,7
3751,9
3752,2
3752,5
3752,7
3752,8
3752,9
3753,4
3753,9
3754,3
3754,5
3754,6
3754,9
3755,5
3755,6
3755,9
3756,1
3756,3
3756,9
3757,1
3757,9
3758,2
3758,3
3758,5
3758,6
3758,7
3758,9
3759,4
3759,6
3759,9
3760,1
3760,3
3760,4
3760,6
3760,9
3761,1
3761,4
3761,9
3762,2
3762,5
3762,7
3762,9
3763,2
3763,3
3763,5
3763,6
3763,7
3763,9
3764,1
3764,5
3764,9
3765,5
3765,8
3765,9
3766,2
3766,5
3766,6
3766,7
3766,9
3767,2
3767,3
3767,4
3767,6
3767,7
3767,9
3768,2
3768,3
3768,4
3768,6
3768,7
3768,8
3768,9
3769,2
3769,3
3769,4
3769,6
3769,7
3769,9
3770,3
3770,4
3770,9
3771,1
3771,2
3771,5
3771,7
3771,8
3771,9
3772,2
3772,5
3772,6
3772,7
3772,9
3773,1
3773,9
3774,4
3774,9
3775,2
3775,5
3775,6
3775,7
3775,9
3776,2
3776,5
3776,6
3776,7
3776,9
3777,1
3777,3
3777,4
3777,6
3777,9
3778,2
3778,3
3778,5
3778,7
3778,9
3779,1
3779,3
3779,4
3779,6
3779,9
3780,1
3780,3
3780,5
3780,6
3780,8
3780,9
3781,2
3781,3
3781,4
3781,5
3781,6
3781,7
3781,9
3782,2
3782,3
3782,4
3782,5
3782,7
3782,8
3782,9
3783,2
3783,3
3783,5
3783,6
3783,7
3783,9
3784,9
3785,1
3785,9
3786,3
3786,4
3786,6
3786,9
3787,5
3787,6
3787,9
3788,5
3788,6
3788,9
3789,1
3789,2
3789,4
3789,6
3789,7
3789,9
3790,1
3790,4
3790,5
3790,9
3791,1
3791,3
3791,4
3791,9
3792,1
3792,9
3793,5
3793,8
3793,9
3794,1
3794,2
3794,3
3794,4
3794,6
3794,7
3794,8
3794,9
3795,4
3795,5
3795,6
3795,9
3796,2
3796,3
3796,5
3796,6
3796,7
3796,9
3797,2
3797,3
3797,5
3797,6
3797,7
3797,9
3798,3
3798,4
3798,9
3799,1
3799,3
3799,5
3799,6
3799,9
3800,2
3800,3
3800,4
3800,7
3800,8
3800,9
3801,2
3801,3
3801,4
3801,6
3801,7
3801,8
3801,9
3802,2
3802,3
3802,6
3802,7
3802,9
3803,3
3803,5
3803,6
3803,9
3804,2
3804,3
3804,4
3804,5
3804,7
3804,8
3804,9
3805,5
3805,9
3806,5
3806,9
3807,1
3807,3
3807,5
3807,9
3808,3
3808,4
3808,6
3808,9
3809,1
3809,3
3809,4
3809,9
3810,9
3811,5
3811,9
3812,2
3812,3
3812,4
3812,7
3812,9
3813,3
3813,5
3813,9
3814,9
3815,5
3815,9
3816,6
3816,9
3817,1
3817,3
3817,4
3817,9
3818,2
3818,3
3818,5
3818,7
3818,9
3819,1
3819,3
3819,4
3819,9
3820,6
3820,9
3821,1
3821,5
3821,9
3822,2
3822,4
3822,6
3822,7
3822,9
3823,9
3824,9
3825,5
3825,9
3826,2
3826,4
3826,6
3826,7
3826,9
3827,5
3827,9
3828,2
3828,5
3828,7
3828,9
3829,5
3829,9
3830,1
3830,5
3830,9
3831,5
3831,8
3831,9
3832,5
3832,6
3832,9
3833,3
3833,5
3833,6
3833,9
3834,2
3834,3
3834,6
3834,7
3834,9
3835,5
3835,6
3835,9
3836,1
3836,4
3836,9
3837,1
3837,3
3837,4
3837,6
3837,9
3838,2
3838,4
3838,6
3838,7
3838,9
3839,1
3839,3
3839,4
3839,9
3840,1
3840,9
3841,9
3842,5
3842,6
3842,8
3842,9
3843,1
3843,3
3843,4
3843,9
3844,1
3844,9
3845,1
3845,9
3846,2
3846,5
3846,6
3846,7
3846,9
3847,2
3847,3
3847,4
3847,5
3847,6
3847,7
3847,9
3848,2
3848,3
3848,4
3848,6
3848,7
3848,9
3849,1
3849,4
3849,6
3849,9
3850,1
3850,3
3850,4
3850,6
3850,9
3851,1
3851,4
3851,6
3851,9
3852,1
3852,2
3852,3
3852,4
3852,6
3852,7
3852,9
3853,3
3853,4
3853,6
3853,9
3854,1
3854,3
3854,5
3854,9
3855,2
3855,5
3855,6
3855,7
3855,9
3856,1
3856,2
3856,3
3856,4
3856,6
3856,7
3856,9
3857,2
3857,3
3857,5
3857,7
3857,8
3857,9
3858,3
3858,4
3858,6
3858,8
3858,9
3859,1
3859,5
3859,9
3860,1
3860,2
3860,3
3860,5
3860,6
3860,7
3860,8
3860,9
3861,2
3861,3
3861,6
3861,7
3861,9
3862,6
3862,9
3863,3
3863,4
3863,8
3863,9
3864,5
3864,6
3864,9
3865,1
3865,9
3866,6
3866,9
3867,1
3867,6
3867,9
3868,1
3868,9
3869,2
3869,5
3869,7
3869,9
3870,1
3870,5
3870,9
3871,1
3871,3
3871,5
3871,6
3871,9
3872,1
3872,5
3872,6
3872,9
3873,1
3873,3
3873,9
3874,1
3874,4
3874,6
3874,9
3875,1
3875,2
3875,5
3875,6
3875,7
3875,9
3876,5
3876,9
3877,5
3877,9
3878,1
3878,5
3878,6
3878,9
3879,1
3879,9
3880,5
3880,9
3881,9
3882,2
3882,5
3882,6
3882,7
3882,9
3883,1
3883,2
3883,5
3883,6
3883,7
3883,9
3884,3
3884,5
3884,8
3884,9
3885,1
3885,4
3885,5
3885,9
3886,1
3886,3
3886,4
3886,9
3887,1
3887,2
3887,3
3887,4
3887,6
3887,7
3887,9
3888,1
3888,2
3888,4
3888,6
3888,7
3888,9
3889,1
3889,2
3889,3
3889,5
3889,6
3889,7
3889,8
3889,9
3890,3
3890,5
3890,6
3890,9
3891,1
3891,2
3891,5
3891,6
3891,7
3891,8
3891,9
3892,3
3892,4
3892,6
3892,9
3893,2
3893,5
3893,6
3893,7
3893,9
3894,2
3894,4
3894,6
3894,7
3894,9
3895,1
3895,3
3895,4
3895,9
3896,1
3896,9
3897,1
3897,2
3897,4
3897,6
3897,7
3897,9
3898,1
3898,4
3898,6
3898,9
3899,1
3899,5
3899,9
3900,1
3900,5
3900,6
3900,9
3901,2
3901,3
3901,5
3901,7
3901,8
3901,9
3902,1
3902,3
3902,5
3902,6
3902,8
3902,9
3903,1
3903,2
3903,5
3903,7
3903,9
3904,1
3904,2
3904,3
3904,5
3904,6
3904,7
3904,9
3905,2
3905,5
3905,7
3905,8
3905,9
3906,1
3906,2
3906,4
3906,6
3906,7
3906,9
3907,1
3907,3
3907,4
3907,6
3907,8
3907,9
3908,2
3908,5
3908,6
3908,7
3908,8
3908,9
3909,3
3909,5
3909,9
3910,5
3910,8
3910,9
3911,5
3911,6
3911,9
3912,2
3912,3
3912,5
3912,6
3912,7
3912,8
3912,9
3913,3
3913,5
3913,9
3914,5
3914,9
3915,2
3915,3
3915,5
3915,6
3915,7
3915,9
3916,1
3916,2
3916,3
3916,5
3916,7
3916,8
3916,9
3917,1
3917,5
3917,9
3918,2
3918,3
3918,4
3918,5
3918,7
3918,8
3918,9
3919,2
3919,3
3919,4
3919,6
3919,7
3919,9
3920,2
3920,4
3920,6
3920,7
3920,9
3921,3
3921,5
3921,6
3921,9
3922,5
3922,6
3922,9
3923,2
3923,3
3923,4
3923,6
3923,7
3923,8
3923,9
3924,1
3924,2
3924,4
3924,6
3924,7
3924,9
3925,1
3925,2
3925,4
3925,6
3925,7
3925,8
3925,9
3926,1
3926,2
3926,4
3926,6
3926,7
3926,9
3927,1
3927,2
3927,3
3927,4
3927,5
3927,6
3927,7
3927,9
3928,2
3928,3
3928,7
3928,8
3928,9
3929,2
3929,3
3929,7
3929,8
3929,9
3930,3
3930,5
3930,6
3930,9
3931,1
3931,2
3931,3
3931,4
3931,6
3931,7
3931,8
3931,9
3932,1
3932,3
3932,5
3932,6
3932,9
3933,1
3933,3
3933,5
3933,6
3933,9
3934,1
3934,2
3934,4
3934,6
3934,7
3934,9
3935,1
3935,2
3935,4
3935,6
3935,7
3935,9
3936,2
3936,3
3936,5
3936,6
3936,7
3936,9
3937,2
3937,3
3937,5
3937,6
3937,7
3937,8
3937,9
3938,2
3938,5
3938,7
3938,9
3939,1
3939,2
3939,3
3939,5
3939,6
3939,7
3939,8
3939,9
3940,3
3940,5
3940,6
3940,9
3941,2
3941,3
3941,4
3941,5
3941,7
3941,8
3941,9
3942,3
3942,6
3942,9
3943,2
3943,3
3943,4
3943,6
3943,7
3943,9
3944,1
3944,3
3944,9
3945,1
3945,6
3945,9
3946,1
3946,9
3947,1
3947,9
3948,1
3948,9
3949,4
3949,6
3949,9
3950,1
3950,3
3950,4
3950,6
3950,9
3951,5
3951,6
3951,9
3952,1
3952,2
3952,5
3952,7
3952,8
3952,9
3953,2
3953,5
3953,6
3953,7
3953,9
3954,3
3954,9
3955,2
3955,4
3955,6
3955,7
3955,9
3956,1
3956,3
3956,8
3956,9
3957,1
3957,2
3957,3
3957,5
3957,6
3957,7
3957,8
3957,9
3958,2
3958,4
3958,6
3958,7
3958,9
3959,2
3959,4
3959,6
3959,7
3959,9
3960,1
3960,3
3960,4
3960,6
3960,9
3961,5
3961,9
3962,1
3962,4
3962,9
3963,2
3963,4
3963,6
3963,7
3963,9
3964,1
3964,9
3965,1
3965,3
3965,4
3965,6
3965,9
3966,1
3966,3
3966,4
3966,6
3966,8
3966,9
3967,2
3967,5
3967,6
3967,7
3967,9
3968,2
3968,3
3968,4
3968,5
3968,6
3968,7
3968,9
3969,2
3969,3
3969,5
3969,7
3969,8
3969,9
3970,2
3970,3
3970,5
3970,6
3970,7
3970,9
3971,3
3971,5
3971,6
3971,9
3972,3
3972,5
3972,6
3972,9
3973,5
3973,6
3973,9
3974,1
3974,6
3974,9
3975,2
3975,7
3975,9
3976,5
3976,8
3976,9
3977,1
3977,2
3977,5
3977,6
3977,7
3977,8
3977,9
3978,2
3978,5
3978,7
3978,8
3978,9
3979,2
3979,3
3979,5
3979,7
3979,8
3979,9
3980,2
3980,4
3980,6
3980,7
3980,9
3981,3
3981,4
3981,6
3981,9
3982,2
3982,4
3982,6
3982,7
3982,9
3983,1
3983,2
3983,4
3983,6
3983,7
3983,9
3984,1
3984,5
3984,9
3985,1
3985,4
3985,9
3986,2
3986,3
3986,5
3986,6
3986,7
3986,9
3987,3
3987,5
3987,6
3987,9
3988,2
3988,3
3988,5
3988,6
3988,7
3988,9
3989,1
3989,5
3989,9
3990,5
3990,9
3991,1
3991,2
3991,3
3991,7
3991,9
3992,5
3992,9
3993,1
3993,2
3993,3
3993,5
3993,6
3993,7
3993,9
3994,3
3994,4
3994,6
3994,9
3995,2
3995,3
3995,6
3995,7
3995,9
3996,2
3996,3
3996,6
3996,7
3996,9
3997,2
3997,3
3997,5
3997,6
3997,7
3997,9
3998,5
3998,6
3998,8
3998,9
3999,1
3999,5
3999,9
4000,1
4000,4
4000,9
4001,1
4001,2
4001,4
4001,6
4001,7
4001,9
4002,1
4002,5
4002,9
4003,2
4003,3
4003,4
4003,6
4003,7
4003,9
4004,5
4004,9
4005,3
4005,5
4005,9
4006,2
4006,3
4006,5
4006,6
4006,7
4006,9
4007,2
4007,3
4007,4
4007,5
4007,6
4007,7
4007,8
4007,9
4008,2
4008,3
4008,4
4008,7
4008,9
4009,1
4009,2
4009,3
4009,4
4009,6
4009,7
4009,9
4010,2
4010,3
4010,4
4010,6
4010,7
4010,9
4011,1
4011,4
4011,6
4011,9
4012,1
4012,4
4012,6
4012,9
4013,1
4013,4
4013,6
4013,9
4014,1
4014,4
4014,6
4014,9
4015,1
4015,3
4015,5
4015,6
4015,9
4016,3
4016,5
4016,6
4016,9
4017,2
4017,3
4017,5
4017,6
4017,7
4017,8
4017,9
4018,1
4018,2
4018,3
4018,4
4018,5
4018,6
4018,7
4018,8
4018,9
4019,1
4019,3
4019,4
4019,6
4019,9
4020,1
4020,3
4020,6
4020,8
4020,9
4021,1
4021,2
4021,3
4021,4
4021,5
4021,7
4021,8
4021,9
4022,2
4022,6
4022,7
4022,8
4022,9
4023,2
4023,3
4023,5
4023,7
4023,9
4024,1
4024,2
4024,3
4024,4
4024,6
4024,7
4024,8
4024,9
4025,1
4025,2
4025,3
4025,4
4025,7
4025,9
4026,1
4026,3
4026,5
4026,6
4026,9
4027,2
4027,3
4027,5
4027,6
4027,7
4027,9
4028,1
4028,2
4028,3
4028,5
4028,6
4028,7
4028,9
4029,1
4029,2
4029,6
4029,7
4029,9
4030,1
4030,3
4030,5
4030,6
4030,9
4031,1
4031,2
4031,3
4031,5
4031,6
4031,7
4031,9
4032,1
4032,2
4032,3
4032,4
4032,6
4032,7
4032,9
4033,3
4033,5
4033,6
4033,8
4033,9
4034,1
4034,6
4034,9
4035,1
4035,6
4035,9
4036,3
4036,5
4036,9
4037,1
4037,5
4037,6
4037,9
4038,4
4038,6
4038,9
4039,3
4039,4
4039,9
4040,1
4040,2
4040,5
4040,6
4040,7
4040,9
4041,3
4041,4
4041,5
4041,9
4042,1
4042,6
4042,9
4043,1
4043,6
4043,9
4044,1
4044,9
4045,1
4045,2
4045,4
4045,7
4045,9
4046,3
4046,4
4046,9
4047,2
4047,3
4047,4
4047,7
4047,9
4048,1
4048,3
4048,5
4048,6
4048,8
4048,9
4049,5
4049,9
4050,2
4050,5
4050,6
4050,7
4050,9
4051,2
4051,3
4051,4
4051,6
4051,7
4051,9
4052,2
4052,5
4052,6
4052,7
4052,9
4053,3
4053,5
4053,9
4054,1
4054,9
4055,1
4055,9
4056,1
4056,5
4056,6
4056,8
4056,9
4057,1
4057,2
4057,3
4057,5
4057,7
4057,8
4057,9
4058,2
4058,3
4058,6
4058,7
4058,9
4059,3
4059,5
4059,6
4059,9
4060,5
4060,6
4060,9
4061,2
4061,3
4061,5
4061,6
4061,7
4061,9
4062,5
4062,9
4063,2
4063,3
4063,5
4063,6
4063,7
4063,8
4063,9
4064,1
4064,3
4064,5
4064,6
4064,9
4065,1
4065,5
4065,9
4066,1
4066,2
4066,3
4066,4
4066,5
4066,6
4066,7
4066,9
4067,1
4067,5
4067,9
4068,1
4068,5
4068,9
4069,5
4069,6
4069,9
4070,3
4070,4
4070,6
4070,9
4071,3
4071,4
4071,6
4071,9
4072,6
4072,9
4073,5
4073,6
4073,9
4074,4
4074,5
4074,9
4075,5
4075,6
4075,9
4076,2
4076,5
4076,6
4076,7
4076,8
4076,9
4077,1
4077,2
4077,3
4077,4
4077,5
4077,6
4077,7
4077,8
4077,9
4078,1
4078,2
4078,6
4078,7
4078,9
4079,1
4079,4
4079,9
4080,2
4080,3
4080,5
4080,6
4080,7
4080,9
4081,1
4081,3
4081,5
4081,6
4081,9
4082,1
4082,2
4082,3
4082,6
4082,7
4082,9
4083,5
4083,9
4084,5
4084,8
4084,9
4085,3
4085,4
4085,5
4085,9
4086,5
4086,9
4087,1
4087,5
4087,6
4087,9
4088,1
4088,5
4088,9
4089,2
4089,3
4089,5
4089,6
4089,7
4089,9
4090,3
4090,5
4090,9
4091,2
4091,3
4091,5
4091,7
4091,9
4092,1
4092,2
4092,6
4092,7
4092,8
4092,9
4093,2
4093,3
4093,4
4093,6
4093,7
4093,9
4094,1
4094,5
4094,9
4095,1
4095,2
4095,4
4095,6
4095,7
4095,9
4096,1
4096,2
4096,6
4096,7
4096,9
4097,1
4097,3
4097,4
4097,6
4097,9
4098,1
4098,9
4099,2
4099,5
4099,6
4099,7
4099,9
4100,3
4100,4
4100,9
4101,1
4101,3
4101,4
4101,5
4101,6
4101,9
4102,5
4102,9
4103,2
4103,3
4103,4
4103,5
4103,6
4103,7
4103,8
4103,9
4104,3
4104,4
4104,9
4105,1
4105,5
4105,6
4105,9
4106,1
4106,2
4106,3
4106,5
4106,6
4106,7
4106,9
4107,5
4107,8
4107,9
4108,2
4108,3
4108,4
4108,6
4108,7
4108,8
4108,9
4109,2
4109,3
4109,4
4109,6
4109,7
4109,9
4110,2
4110,3
4110,5
4110,6
4110,7
4110,9
4111,2
4111,3
4111,5
4111,7
4111,9
4112,1
4112,3
4112,5
4112,9
4113,1
4113,3
4113,5
4113,6
4113,9
4114,1
4114,6
4114,9
4115,1
4115,4
4115,9
4116,1
4116,5
4116,9
4117,3
4117,6
4117,9
4118,1
4118,3
4118,4
4118,9
4119,4
4119,9
4120,1
4120,3
4120,4
4120,9
4121,5
4121,6
4121,9
4122,9
4123,1
4123,6
4123,9
4124,5
4124,6
4124,9
4125,5
4125,6
4125,9
4126,2
4126,3
4126,4
4126,5
4126,6
4126,7
4126,9
4127,2
4127,3
4127,4
4127,6
4127,7
4127,9
4128,1
4128,2
4128,3
4128,4
4128,6
4128,7
4128,9
4129,3
4129,5
4129,6
4129,8
4129,9
4130,2
4130,4
4130,6
4130,7
4130,9
4131,2
4131,3
4131,4
4131,6
4131,7
4131,9
4132,2
4132,4
4132,6
4132,7
4132,9
4133,1
4133,6
4133,9
4134,2
4134,3
4134,4
4134,6
4134,7
4134,8
4134,9
4135,5
4135,9
4136,1
4136,2
4136,3
4136,4
4136,7
4136,8
4136,9
4137,9
4138,4
4138,6
4138,9
4139,2
4139,4
4139,6
4139,7
4139,9
4140,6
4140,9
4141,1
4141,9
4142,1
4142,3
4142,4
4142,5
4142,9
4143,1
4143,4
4143,9
4144,1
4144,5
4144,6
4144,9
4145,3
4145,5
4145,6
4145,9
4146,3
4146,5
4146,9
4147,2
4147,4
4147,6
4147,7
4147,9
4148,1
4148,3
4148,4
4148,5
4148,8
4148,9
4149,1
4149,2
4149,5
4149,6
4149,7
4149,9
4150,1
4150,3
4150,4
4150,9
4151,1
4151,3
4151,6
4151,8
4151,9
4152,3
4152,4
4152,8
4152,9
4153,1
4153,2
4153,3
4153,4
4153,7
4153,9
4154,2
4154,3
4154,4
4154,6
4154,7
4154,8
4154,9
4155,1
4155,9
4156,9
4157,5
4157,6
4157,9
4158,1
4158,4
4158,6
4158,9
4159,5
4159,9
4160,9
4161,2
4161,3
4161,4
4161,6
4161,7
4161,8
4161,9
4162,2
4162,4
4162,6
4162,7
4162,9
4163,1
4163,6
4163,9
4164,1
4164,3
4164,4
4164,6
4164,8
4164,9
4165,1
4165,4
4165,6
4165,9
4166,1
4166,6
4166,9
4167,1
4167,2
4167,3
4167,6
4167,7
4167,9
4168,1
4168,3
4168,4
4168,6
4168,9
4169,1
4169,5
4169,9
4170,1
4170,2
4170,5
4170,7
4170,9
4171,3
4171,4
4171,5
4171,6
4171,9
4172,1
4172,5
4172,6
4172,9
4173,5
4173,8
4173,9
4174,1
4174,3
4174,4
4174,8
4174,9
4175,3
4175,5
4175,8
4175,9
4176,1
4176,4
4176,6
4176,9
4177,1
4177,4
4177,6
4177,9
4178,6
4178,9
4179,1
4179,3
4179,4
4179,9
4180,1
4180,2
4180,3
4180,4
4180,5
4180,6
4180,7
4180,9
4181,1
4181,5
4181,6
4181,8
4181,9
4182,1
4182,2
4182,3
4182,4
4182,6
4182,7
4182,9
4183,1
4183,6
4183,9
4184,1
4184,5
4184,9
4185,5
4185,8
4186,1
4186,3
4186,4
4186,6
4186,9
4187,1
4187,2
4187,4
4187,5
4187,7
4187,9
4188,2
4188,3
4188,6
4188,7
4188,9
4189,1
4189,9
4190,1
4190,4
4190,6
4190,9
4191,4
4191,9
4192,6
4192,9
4193,5
4193,9
4194,2
4194,3
4194,5
4194,6
4194,7
4194,9
4195,3
4195,5
4195,6
4195,9
4196,5
4196,9
4197,3
4197,4
4197,9
4198,1
4198,2
4198,3
4198,5
4198,6
4198,7
4198,8
4198,9
4199,1
4199,4
4199,9
4200,5
4200,8
4200,9
4201,3
4201,4
4201,6
4201,9
4202,3
4202,4
4202,6
4202,9
4203,1
4203,2
4203,3
4203,4
4203,6
4203,7
4203,9
4204,1
4204,4
4204,6
4204,9
4205,3
4205,4
4205,5
4205,6
4205,9
4206,4
4206,6
4206,9
4207,2
4207,4
4207,6
4207,7
4207,9
4208,6
4208,9
4209,2
4209,4
4209,6
4209,7
4209,9
4210,1
4210,3
4210,4
4210,6
4210,9
4211,5
4211,9
4212,1
4212,5
4212,9
4213,2
4213,3
4213,4
4213,5
4213,6
4213,7
4213,9
4214,1
4214,4
4214,9
4215,3
4215,4
4215,9
4216,2
4216,3
4216,4
4216,6
4216,7
4216,9
4217,3
4217,5
4217,6
4217,9
4218,2
4218,5
4218,7
4218,9
4219,2
4219,3
4219,5
4219,6
4219,7
4219,9
4220,6
4220,9
4221,2
4221,5
4221,6
4221,7
4221,8
4221,9
4222,5
4222,9
4223,1
4223,5
4223,6
4223,9
4224,1
4224,2
4224,4
4224,6
4224,7
4224,9
4225,5
4225,6
4225,9
4226,2
4226,4
4226,6
4226,7
4226,9
4227,2
4227,4
4227,6
4227,7
4227,9
4228,2
4228,4
4228,6
4228,7
4228,9
4229,2
4229,4
4229,6
4229,7
4229,9
4230,2
4230,4
4230,6
4230,7
4230,9
4231,2
4231,4
4231,6
4231,7
4231,9
4232,2
4232,4
4232,6
4232,7
4232,9
4233,2
4233,6
4233,7
4233,9
4234,5
4234,6
4234,9
4235,1
4235,5
4235,9
4236,2
4236,3
4236,4
4236,6
4236,7
4236,9
4237,2
4237,4
4237,6
4237,7
4237,9
4238,1
4238,2
4238,3
4238,4
4238,6
4238,7
4238,9
4239,2
4239,4
4239,6
4239,7
4239,9
4240,2
4240,4
4240,6
4240,7
4240,9
4241,2
4241,4
4241,6
4241,7
4241,9
4242,2
4242,4
4242,6
4242,7
4242,9
4243,3
4243,4
4243,6
4243,9
4244,2
4244,4
4244,6
4244,7
4244,9
4245,1
4245,2
4245,3
4245,6
4245,7
4245,9
4246,2
4246,4
4246,6
4246,7
4246,9
4247,2
4247,4
4247,6
4247,7
4247,9
4248,2
4248,4
4248,6
4248,7
4248,9
4249,2
4249,4
4249,6
4249,7
4249,9
4250,2
4250,4
4250,6
4250,7
4250,9
4251,1
4251,2
4251,4
4251,6
4251,7
4251,9
4252,2
4252,4
4252,6
4252,7
4252,9
4253,1
4253,4
4253,6
4253,9
4254,2
4254,4
4254,6
4254,7
4254,9
4255,2
4255,4
4255,6
4255,7
4255,9
4256,2
4256,4
4256,6
4256,7
4256,9
4257,2
4257,4
4257,6
4257,7
4257,9
4258,2
4258,4
4258,6
4258,7
4258,9
4259,2
4259,4
4259,6
4259,7
4259,9
4260,4
4260,6
4260,9
4261,4
4261,6
4261,9
4262,4
4262,6
4262,9
4263,2
4263,4
4263,6
4263,7
4263,9
4264,1
4264,9
4265,1
4265,6
4265,9
4266,1
4266,2
4266,3
4266,5
4266,6
4266,7
4266,9
4267,5
4267,6
4267,9
4268,2
4268,3
4268,5
4268,6
4268,7
4268,9
4269,1
4269,2
4269,3
4269,4
4269,6
4269,7
4269,9
4270,1
4270,3
4270,5
4270,6
4270,9
4271,3
4271,6
4271,9
4272,9
4273,3
4273,4
4273,9
4274,1
4274,2
4274,3
4274,4
4274,6
4274,7
4274,9
4275,3
4275,5
4275,9
4276,1
4276,2
4276,3
4276,5
4276,6
4276,7
4276,9
4277,1
4277,2
4277,3
4277,4
4277,6
4277,7
4277,9
4278,3
4278,4
4278,6
4278,8
4278,9
4279,5
4279,9
4280,2
4280,5
4280,6
4280,7
4280,9
4281,5
4281,9
4282,5
4282,9
4283,1
4283,9
4284,2
4284,3
4284,4
4284,6
4284,7
4284,9
4285,5
4285,9
4286,1
4286,2
4286,3
4286,6
4286,7
4286,9
4287,5
4287,9
4288,2
4288,3
4288,5
4288,6
4288,7
4288,9
4289,3
4289,4
4289,5
4289,6
4289,9
4290,3
4290,4
4290,6
4290,9
4291,5
4291,9
4292,5
4292,9
4293,3
4293,5
4293,6
4293,9
4294,2
4294,4
4294,6
4294,7
4294,9
4295,1
4295,2
4295,3
4295,5
4295,6
4295,7
4295,8
4295,9
4296,3
4296,4
4296,9
4297,1
4297,3
4297,4
4297,9
4298,1
4298,4
4298,5
4298,9
4299,2
4299,3
4299,4
4299,6
4299,7
4299,9
4300,1
4300,2
4300,5
4300,6
4300,7
4300,9
4301,1
4301,5
4301,8
4301,9
4302,2
4302,3
4302,5
4302,6
4302,7
4302,8
4302,9
4303,2
4303,3
4303,5
4303,6
4303,7
4303,9
4304,3
4304,5
4304,8
4304,9
4305,2
4305,5
4305,7
4305,9
4306,1
4306,2
4306,3
4306,5
4306,6
4306,7
4306,9
4307,1
4307,4
4307,9
4308,3
4308,5
4308,6
4308,9
4309,5
4309,9
4310,1
4310,2
4310,3
4310,4
4310,5
4310,6
4310,7
4310,8
4310,9
4311,1
4311,9
4312,2
4312,3
4312,5
4312,6
4312,7
4312,9
4313,3
4313,4
4313,9
4314,9
4315,3
4315,4
4315,5
4315,6
4315,9
4316,1
4316,5
4316,8
4316,9
4317,1
4317,2
4317,4
4317,5
4317,6
4317,7
4317,9
4318,1
4318,3
4318,4
4318,6
4318,9
4319,1
4319,5
4319,9
4320,1
4320,9
4321,1
4321,4
4321,9
4322,9
4323,1
4323,3
4323,4
4323,9
4324,1
4324,5
4324,9
4325,4
4325,6
4325,9
4326,1
4326,3
4326,4
4326,9
4327,1
4327,5
4327,9
4328,2
4328,5
4328,7
4328,9
4329,1
4329,2
4329,3
4329,5
4329,6
4329,7
4329,9
4330,1
4330,2
4330,3
4330,5
4330,6
4330,7
4330,9
4331,1
4331,5
4331,9
4332,1
4332,5
4332,6
4332,9
4333,5
4333,8
4333,9
4334,5
4334,9
4335,5
4335,9
4336,1
4336,3
4336,4
4336,9
4337,5
4337,8
4337,9
4338,3
4338,4
4338,9
4339,2
4339,5
4339,6
4339,7
4339,9
4340,2
4340,5
4340,6
4340,7
4340,9
4341,2
4341,5
4341,7
4341,8
4341,9
4342,2
4342,5
4342,6
4342,7
4342,9
4343,2
4343,5
4343,6
4343,7
4343,9
4344,4
4344,6
4344,9
4345,2
4345,5
4345,7
4345,9
4346,3
4346,5
4346,6
4346,9
4347,5
4347,8
4347,9
4348,3
4348,5
4348,9
4349,2
4349,3
4349,4
4349,7
4349,9
4350,1
4350,3
4350,4
4350,9
4351,2
4351,4
4351,6
4351,7
4351,9
4352,1
4352,5
4352,9
4353,1
4353,2
4353,4
4353,6
4353,7
4353,9
4354,5
4354,6
4354,9
4355,1
4355,2
4355,4
4355,6
4355,7
4355,9
4356,5
4356,6
4356,9
4357,1
4357,4
4357,9
4358,5
4358,9
4359,3
4359,5
4359,6
4359,9
4360,1
4360,9
4361,1
4361,3
4361,4
4361,5
4361,6
4361,9
4362,3
4362,8
4362,9
4363,1
4363,3
4363,4
4363,5
4363,6
4363,9
4364,2
4364,3
4364,5
4364,6
4364,7
4364,9
4365,2
4365,5
4365,6
4365,7
4365,8
4365,9
4366,2
4366,5
4366,6
4366,7
4366,8
4366,9
4367,2
4367,5
4367,6
4367,7
4367,8
4367,9
4368,1
4368,3
4368,4
4368,6
4368,9
4369,2
4369,4
4369,6
4369,7
4369,9
4370,1
4370,3
4370,4
4370,5
4370,6
4370,9
4371,1
4371,3
4371,4
4371,6
4371,9
4372,2
4372,3
4372,4
4372,6
4372,7
4372,8
4372,9
4373,1
4373,2
4373,5
4373,6
4373,7
4373,9
4374,1
4374,3
4374,4
4374,6
4374,9
4375,1
4375,3
4375,4
4375,5
4375,9
4376,2
4376,5
4376,7
4376,9
4377,2
4377,5
4377,6
4377,7
4377,9
4378,1
4378,2
4378,6
4378,7
4378,9
4379,1
4379,3
4379,5
4379,8
4379,9
4380,1
4380,3
4380,4
4380,9
4381,5
4381,6
4381,9
4382,1
4382,3
4382,4
4382,6
4382,9
4383,9
4384,1
4384,2
4384,4
4384,6
4384,7
4384,9
4385,3
4385,5
4385,8
4385,9
4386,9
4387,1
4387,3
4387,4
4387,9
4388,1
4388,3
4388,4
4388,9
4389,2
4389,3
4389,4
4389,6
4389,7
4389,9
4390,6
4390,9
4391,9
4392,6
4392,9
4393,1
4393,5
4393,9
4394,1
4394,4
4394,6
4394,9
4395,1
4395,3
4395,4
4395,9
4396,1
4396,3
4396,4
4396,6
4396,9
4397,2
4397,5
4397,6
4397,7
4397,9
4398,1
4398,3
4398,4
4398,9
4399,1
4399,3
4399,4
4399,6
4399,9
4400,1
4400,3
4400,4
4400,5
4400,6
4400,9
4401,1
4401,3
4401,4
4402,1
4402,3
4402,4
4402,5
4402,6
4402,9
4403,2
4403,3
4403,4
4403,5
4403,6
4403,7
4403,9
4404,3
4404,5
4404,6
4404,9
4405,1
4405,4
4405,6
4405,9
4406,5
4406,9
4407,3
4407,4
4407,5
4407,6
4407,9
4408,3
4408,4
4408,6
4408,9
4409,3
4409,6
4409,9
4410,5
4410,9
4411,1
4411,9
4412,5
4412,9
4413,2
4413,6
4413,7
4413,8
4413,9
4414,1
4414,9
4415,9
4416,1
4416,2
4416,3
4416,5
4416,6
4416,7
4416,9
4417,2
4417,3
4417,4
4417,5
4417,6
4417,7
4417,8
4417,9
4418,1
4418,2
4418,4
4418,5
4418,6
4418,7
4418,9
4419,1
4419,2
4419,3
4419,4
4419,7
4419,9
4420,2
4420,3
4420,5
4420,6
4420,7
4420,9
4421,2
4421,3
4421,5
4421,6
4421,7
4421,9
4422,5
4422,9
4423,2
4423,5
4423,7
4423,9
4424,4
4424,6
4424,9
4425,1
4425,4
4425,5
4425,6
4425,9
4426,1
4426,5
4426,6
4426,9
4427,1
4427,2
4427,3
4427,4
4427,5
4427,6
4427,7
4427,9
4428,9
4429,1
4429,2
4429,5
4429,6
4429,7
4429,9
4430,5
4430,6
4430,8
4430,9
4431,3
4431,5
4431,6
4431,9
4432,2
4432,3
4432,4
4432,6
4432,7
4432,9
4433,1
4433,5
4433,9
4434,2
4434,5
4434,7
4434,9
4435,2
4435,3
4435,4
4435,5
4435,6
4435,7
4435,9
4436,3
4436,5
4436,6
4436,9
4437,1
4437,2
4437,3
4437,5
4437,6
4437,7
4437,8
4437,9
4438,2
4438,3
4438,4
4438,6
4438,7
4438,9
4439,1
4439,2
4439,3
4439,5
4439,7
4439,9
4440,2
4440,5
4440,6
4440,7
4440,8
4440,9
4441,5
4441,9
4442,1
4442,2
4442,3
4442,4
4442,6
4442,7
4442,9
4443,2
4443,3
4443,4
4443,6
4443,7
4443,9
4444,2
4444,3
4444,4
4444,5
4444,7
4444,9
4445,2
4445,3
4445,4
4445,5
4445,7
4445,9
4446,2
4446,5
4446,7
4446,9
4447,1
4447,3
4447,4
4447,6
4447,9
4448,2
4448,5
4448,7
4448,9
4449,1
4449,4
4449,9
4450,1
4450,2
4450,3
4450,4
4450,6
4450,7
4450,8
4450,9
4451,1
4451,3
4451,5
4451,6
4451,9
4452,2
4452,5
4452,7
4452,9
4453,2
4453,5
4453,7
4453,8
4453,9
4454,1
4454,3
4454,4
4454,6
4454,9
4455,1
4455,3
4455,4
4455,6
4455,9
4456,3
4456,5
4456,9
4457,5
4457,9
4458,1
4458,3
4458,5
4458,6
4458,9
4459,3
4459,6
4459,9
4460,1
4460,3
4460,5
4460,6
4460,9
4461,1
4461,3
4461,6
4461,9
4462,5
4462,9
4463,1
4463,5
4463,8
4463,9
4464,1
4464,5
4464,8
4464,9
4465,5
4465,9
4466,1
4466,4
4466,9
4467,1
4467,3
4467,4
4467,9
4468,1
4468,9
4469,1
4469,4
4469,6
4469,9
4470,1
4470,3
4470,5
4470,6
4470,9
4471,1
4471,5
4471,9
4472,2
4472,7
4472,9
4473,3
4473,4
4473,6
4473,9
4474,1
4474,5
4474,8
4474,9
