recipe_id,ingredient_id
1,1
1,2
1,3
1,4
1,5
1,6
2,1
2,7
2,8
2,9
2,10
2,11
2,12
3,13
3,1
3,14
3,15
3,16
3,4
3,3
3,17
4,14
4,18
6,19
7,20
8,21
8,19
8,22
9,23
9,19
9,24
10,25
10,26
11,23
11,26
13,21
13,27
14,25
14,19
15,28
15,29
15,1
15,30
15,11
15,10
16,13
16,31
16,32
16,33
16,34
17,14
17,35
17,36
17,37
17,38
17,39
17,40
18,28
18,1
18,19
18,4
18,30
18,3
18,6
19,13
19,19
19,41
19,42
19,3
20,1
20,43
20,44
20,45
20,10
20,46
21,34
22,47
22,1
22,48
22,35
22,36
22,49
22,37
22,41
22,4
22,38
23,13
23,50
23,51
23,44
23,52
23,10
23,38
23,4
23,53
23,12
23,40
25,13
25,54
25,9
25,4
25,10
26,4
26,3
27,55
27,9
28,56
28,57
28,13
28,19
28,58
28,59
28,9
28,3
28,4
28,53
28,60
28,61
28,62
28,63
28,38
28,30
28,64
29,57
29,65
29,13
29,19
29,59
29,38
29,4
29,66
29,3
29,30
29,10
30,13
30,67
30,4
30,19
31,68
31,67
32,13
32,69
32,70
32,19
32,4
32,60
32,3
32,71
33,13
33,51
33,4
33,55
33,3
33,6
34,13
34,28
34,1
34,19
34,4
34,62
34,61
34,30
34,34
35,13
35,51
35,19
35,58
35,72
35,68
35,3
35,18
35,66
35,60
35,17
35,6
35,34
36,13
36,73
36,4
36,42
36,34
37,13
37,19
37,59
37,52
37,4
37,3
38,13
38,52
38,4
38,53
38,62
38,3
38,6
38,34
39,74
39,14
39,34
40,56
40,65
40,51
40,67
40,75
41,13
41,3
41,38
41,76
42,77
42,78
42,26
42,79
42,80
42,27
43,14
43,51
43,43
43,75
43,41
43,4
43,81
43,66
43,40
43,34
44,13
44,62
44,35
45,13
45,19
45,16
45,3
45,4
45,38
45,61
45,60
45,10
45,6
46,82
46,27
46,76
47,13
47,1
47,70
47,14
47,35
47,36
47,58
47,83
47,75
47,68
47,41
47,4
47,37
47,38
47,30
47,40
47,34
48,10
49,27
50,4
50,35
50,66
50,3
51,21
51,84
52,85
52,78
52,77
52,27
53,86
53,87
53,88
53,72
53,34
53,27
54,18
55,1
56,13
56,1
56,19
56,64
56,68
56,4
56,33
56,3
56,17
56,10
56,6
56,89
57,13
57,47
57,35
57,4
57,81
57,34
58,56
58,31
58,90
58,84
58,38
58,4
58,66
58,3
58,91
58,30
59,13
59,69
59,19
59,92
59,38
59,3
59,64
59,71
60,1
60,35
60,36
60,49
60,58
60,37
60,4
60,40
61,82
61,93
61,27
62,94
62,67
62,4
62,81
62,60
63,86
63,10
63,84
64,56
64,13
64,68
64,4
64,33
64,3
64,6
64,64
65,21
65,77
65,27
66,8
66,62
66,27
67,13
67,28
67,38
67,30
68,11
68,95
68,34
69,56
69,73
69,76
70,96
70,13
70,1
70,69
70,51
70,19
70,54
70,5
70,21
70,4
70,60
70,3
70,6
71,13
71,19
72,28
72,1
72,62
72,4
72,30
72,3
73,57
73,19
73,7
73,4
73,3
73,6
74,13
74,19
74,21
74,4
74,3
74,34
75,13
75,19
75,31
75,32
75,76
75,21
75,4
75,61
75,3
75,34
76,13
76,73
76,52
76,53
76,4
76,30
77,27
78,13
78,95
78,53
78,3
78,12
78,46
80,38
80,4
80,60
81,79
81,19
81,78
81,27
82,67
82,52
82,10
82,76
82,3
82,12
82,6
82,34
83,57
83,13
83,28
83,19
83,78
83,4
83,81
83,30
83,3
83,6
84,59
84,97
84,35
85,19
85,26
85,25
85,62
85,98
85,24
85,99
85,100
86,13
86,1
86,51
86,8
86,4
86,42
86,10
87,56
87,53
87,101
87,71
88,13
88,1
88,31
88,74
88,4
88,66
88,3
89,82
90,56
90,13
90,102
90,29
90,1
90,76
90,10
91,82
91,49
91,58
91,26
91,12
92,13
92,1
92,58
92,42
92,3
92,17
92,103
92,12
92,34
93,13
93,1
93,51
93,52
93,10
93,6
93,68
93,4
93,42
93,17
93,12
93,40
94,70
94,51
94,35
94,49
94,36
94,43
94,95
94,26
94,75
94,37
94,4
94,72
94,34
95,13
95,28
95,31
95,9
95,4
95,18
95,62
95,3
95,30
95,10
95,34
96,12
96,40
97,57
97,13
97,26
97,4
97,53
97,3
98,13
98,47
98,1
98,14
98,35
98,36
98,49
98,28
98,84
98,37
98,4
98,30
98,10
98,40
98,34
99,13
99,53
99,4
99,34
100,13
100,1
100,14
100,7
100,35
100,49
100,36
100,16
100,84
100,37
100,30
100,34
101,13
101,28
101,67
101,83
101,4
101,60
101,3
101,30
101,104
101,6
101,34
102,19
102,30
103,56
103,13
103,35
103,51
103,34
104,13
104,58
104,26
104,38
104,4
104,62
104,3
104,6
105,13
105,28
105,1
105,19
105,44
105,61
105,30
105,105
105,10
105,34
106,13
106,28
106,14
106,58
106,38
106,4
106,53
106,30
106,3
106,63
106,6
106,64
107,57
107,13
107,1
107,2
107,5
107,9
107,4
107,62
107,3
107,105
107,10
107,6
108,58
108,3
109,13
109,3
110,13
110,28
110,62
110,4
110,42
110,30
110,6
110,34
111,57
111,88
111,2
111,34
112,13
112,34
112,14
112,51
112,35
112,36
112,2
112,84
112,37
112,41
112,4
112,106
112,38
112,40
112,22
113,82
113,49
113,79
113,21
113,88
113,27
114,56
114,8
114,67
114,3
114,107
114,12
114,34
115,96
115,19
115,79
115,12
115,40
115,27
116,13
116,28
116,1
116,35
116,36
116,2
116,37
116,4
116,61
116,30
116,10
117,13
117,26
117,38
117,61
117,3
117,30
117,12
117,40
118,13
118,28
118,1
118,29
118,5
118,55
118,30
118,3
119,56
119,96
119,13
119,19
119,31
119,9
119,62
119,108
119,3
119,105
119,71
120,14
120,51
120,58
120,75
120,68
120,4
120,40
121,14
121,35
121,36
121,37
121,109
121,21
121,4
121,106
121,105
121,34
122,13
122,1
122,14
123,13
123,1
123,19
123,95
123,9
123,38
123,3
123,6
124,13
124,1
124,70
124,77
124,14
124,35
124,4
124,81
124,66
124,39
124,40
124,34
125,13
125,48
125,51
125,15
125,52
125,41
125,21
125,4
125,42
125,3
125,88
125,17
125,81
125,38
125,10
125,6
126,50
126,14
126,19
126,51
126,32
126,35
126,49
126,36
126,2
126,37
126,41
126,38
126,110
126,34
127,56
127,57
127,13
127,38
127,61
127,3
127,30
127,111
128,21
128,34
129,67
129,95
129,44
129,21
129,12
130,94
130,51
130,35
130,83
130,75
130,41
130,4
130,105
130,10
130,40
130,34
131,13
131,112
131,48
131,51
131,14
131,35
131,36
131,2
131,10
131,37
131,12
131,40
131,34
132,19
132,58
132,78
132,26
132,53
132,62
132,100
133,56
133,19
133,76
133,10
133,108
133,104
133,107
134,49
134,95
134,18
134,72
134,34
135,70
135,51
135,35
135,9
135,83
135,75
135,41
135,4
135,5
135,40
135,34
136,57
136,13
136,28
136,1
136,35
136,36
136,2
136,37
136,4
136,88
136,62
136,30
137,13
137,50
137,7
137,19
137,35
137,2
137,67
137,10
137,68
137,38
137,4
137,42
137,60
137,30
137,17
137,12
137,6
137,34
138,113
138,13
138,29
138,35
138,114
138,76
138,61
138,34
139,57
139,58
139,49
139,3
140,13
140,95
140,115
140,3
141,82
141,19
141,84
141,21
141,27
142,51
142,38
142,4
142,3
142,17
142,6
143,13
143,19
143,43
143,4
143,3
144,13
144,67
144,4
145,28
145,87
145,82
145,30
145,12
145,27
146,82
146,12
146,27
147,13
147,21
147,10
147,34
148,12
148,19
148,116
148,27
150,77
150,27
151,13
151,19
151,7
151,15
151,58
151,4
151,88
151,3
151,117
151,10
151,6
152,113
152,13
152,1
152,70
152,118
152,76
152,119
152,4
152,62
152,81
152,91
152,120
152,6
153,27
154,75
154,21
154,86
155,56
155,13
155,31
155,4
155,30
155,3
155,6
156,13
156,14
156,7
156,15
156,38
156,30
156,3
156,6
157,12
157,27
158,3
158,53
158,76
159,56
159,121
159,31
159,54
159,3
159,105
160,13
160,28
160,19
160,4
160,30
160,3
161,19
162,82
162,116
162,58
162,84
162,21
162,12
162,93
162,27
163,13
163,51
163,7
163,76
163,83
163,75
163,3
163,10
163,34
164,13
164,73
164,76
164,62
164,81
164,10
165,13
165,65
165,122
165,19
165,31
165,54
165,59
165,4
165,33
165,3
165,105
165,10
165,6
165,64
166,13
166,70
166,4
166,97
166,53
166,3
166,55
166,62
166,6
166,34
167,56
167,13
167,1
167,48
167,51
167,8
167,84
167,4
167,3
167,17
167,10
168,13
168,14
168,51
168,35
168,49
168,36
168,58
168,75
168,37
168,38
168,4
168,110
168,40
169,56
169,13
169,44
169,38
169,4
169,62
169,108
169,3
169,34
170,86
170,19
171,13
171,28
171,1
171,19
171,62
171,30
171,6
172,56
172,13
172,31
172,74
172,62
172,108
172,3
172,10
172,64
173,14
173,12
173,19
173,27
174,56
174,11
174,31
174,3
175,56
175,13
175,29
175,31
175,21
176,13
176,28
176,31
176,9
176,4
176,42
176,18
176,3
176,62
176,72
176,30
176,6
176,34
176,46
177,13
177,19
177,58
177,76
177,61
177,3
177,64
178,57
178,13
178,70
178,35
178,114
178,2
178,26
178,4
178,55
178,40
178,34
179,96
179,86
179,82
179,21
179,72
180,112
180,78
180,44
180,30
180,12
181,14
181,44
181,74
181,12
181,40
182,13
182,70
182,35
182,58
182,67
182,9
182,83
182,75
182,17
182,34
183,51
183,43
183,4
183,61
183,17
183,40
184,95
184,44
184,79
184,38
184,27
185,14
185,51
185,35
185,49
185,83
185,75
185,41
185,4
185,38
186,13
186,28
186,1
186,118
186,73
186,52
186,4
186,30
186,5
186,10
186,6
187,96
187,51
187,35
187,49
187,36
187,37
187,21
187,4
187,33
187,40
187,34
188,19
188,38
188,81
188,3
188,10
189,57
189,28
189,90
189,16
189,41
189,4
189,30
189,3
190,56
190,13
190,21
190,4
190,3
190,108
190,60
190,18
191,13
191,65
191,28
191,31
191,32
191,59
191,4
191,81
191,66
191,3
191,30
191,10
191,6
192,13
192,28
192,31
192,90
192,5
192,53
192,30
192,3
192,105
193,13
193,1
193,109
193,62
193,3
194,13
194,19
194,32
194,76
194,4
194,3
194,6
195,112
195,1
195,14
195,51
195,35
195,10
195,83
195,12
195,40
196,19
196,77
196,116
196,78
196,44
196,27
197,8
197,21
197,12
197,26
198,3
199,69
199,19
199,4
199,66
199,3
200,34
200,21
200,26
200,22
201,123
201,82
201,34
201,27
202,82
202,47
202,123
202,21
202,34
203,96
203,13
203,31
203,9
203,21
203,4
203,72
203,12
203,64
203,34
204,21
204,19
204,124
205,79
205,12
205,26
205,27
206,13
206,21
206,10
206,46
207,8
207,21
207,72
207,12
207,40
207,124
207,27
208,72
208,82
208,12
208,27
209,12
209,40
210,77
210,27
211,56
211,13
211,54
211,21
211,4
211,72
211,34
212,13
212,11
212,9
212,31
213,96
213,13
213,26
213,38
213,62
213,30
213,3
213,64
214,95
214,26
214,84
214,120
214,27
215,12
216,56
216,113
216,13
216,70
216,59
216,26
216,76
216,75
216,3
216,4
216,97
216,60
216,61
216,17
217,13
217,28
217,1
217,19
217,125
217,4
217,30
217,3
217,17
217,6
218,13
218,14
218,19
218,51
218,58
218,95
218,41
218,4
218,3
218,34
219,13
219,9
219,68
219,41
219,4
219,42
219,3
219,72
219,6
219,71
220,13
220,65
220,19
220,31
220,126
220,41
220,4
220,66
220,3
220,105
220,103
221,13
221,70
221,51
221,35
221,49
221,2
221,6
221,4
221,66
221,10
221,40
222,13
222,8
222,21
222,10
222,46
223,82
223,21
223,27
224,56
224,58
224,95
224,72
224,107
224,12
224,27
225,95
225,12
225,40
226,38
226,30
227,13
227,19
227,51
227,43
227,127
227,4
227,81
227,10
227,40
228,95
228,127
228,21
228,12
228,46
229,13
229,31
229,58
229,75
229,61
229,3
229,63
229,103
230,95
230,26
230,25
231,86
231,35
232,13
232,65
232,31
232,21
232,4
232,66
232,3
232,10
232,64
232,34
233,113
233,13
233,47
233,1
233,29
233,4
233,55
233,62
233,6
234,126
234,21
234,27
235,126
235,21
235,125
236,13
236,65
236,1
236,35
236,31
236,59
236,4
236,66
236,3
236,10
237,82
237,21
237,27
238,13
238,94
238,1
238,19
238,35
238,38
238,4
238,10
238,6
238,34
239,65
239,35
239,59
239,5
239,21
239,3
239,105
239,101
240,56
240,65
240,103
240,29
240,43
240,61
240,107
241,57
241,28
241,69
241,19
241,38
241,4
241,30
241,3
242,13
242,31
242,90
242,21
242,4
242,3
242,11
243,31
243,3
243,66
243,5
243,10
244,14
244,51
244,43
244,73
244,75
244,41
244,4
244,10
244,40
244,34
245,13
245,19
245,21
245,4
245,3
245,46
246,69
246,51
246,84
246,75
246,4
246,3
246,40
247,77
247,75
247,4
247,110
247,40
248,56
248,29
248,60
248,76
249,13
249,35
249,36
249,58
249,73
249,75
249,37
249,3
249,63
249,40
250,13
250,1
250,4
250,42
250,17
250,34
251,35
252,34
252,26
252,38
252,4
252,17
252,110
252,10
252,6
252,128
253,113
253,38
253,4
253,3
253,10
254,57
254,13
254,19
254,4
254,64
255,13
255,1
255,31
255,54
255,44
255,21
255,4
255,38
255,61
255,3
255,105
256,48
256,35
256,8
256,84
256,4
256,81
256,129
256,39
256,10
257,21
257,12
257,34
258,13
258,69
258,14
258,19
258,59
258,126
258,4
258,33
258,3
259,26
260,13
260,90
260,72
261,96
261,12
262,123
262,82
263,13
263,1
263,44
263,120
263,110
263,10
264,21
264,12
264,44
264,40
265,13
265,28
265,1
265,73
265,9
265,62
265,30
265,10
265,34
266,34
266,58
266,26
266,12
266,40
266,93
267,79
267,21
267,19
267,27
268,19
269,19
269,8
269,67
269,78
269,126
269,24
269,80
269,27
270,13
270,35
270,73
270,44
270,41
270,4
270,38
270,45
270,10
270,34
271,57
271,48
271,76
271,4
271,3
272,13
272,51
272,35
272,83
272,75
272,41
272,66
272,3
272,34
273,79
273,82
274,26
274,12
274,44
274,40
275,13
275,19
275,4
275,81
275,3
275,17
275,34
276,13
276,19
276,101
276,52
276,10
276,4
276,42
276,81
276,3
276,17
276,12
276,6
277,51
277,49
277,75
277,4
277,66
278,13
278,28
278,76
278,3
278,4
278,38
278,61
278,66
278,30
278,33
278,105
279,13
279,1
279,19
279,3
279,117
279,12
279,6
280,13
280,70
280,54
280,76
280,21
280,61
280,110
280,10
280,34
281,13
281,1
281,19
281,95
281,10
281,41
281,12
281,46
282,82
282,27
283,19
283,27
284,13
284,65
284,19
284,58
284,9
284,4
284,33
284,66
284,3
285,13
285,1
285,19
285,67
285,68
285,4
285,3
285,10
286,75
286,130
286,40
287,13
287,48
287,70
287,35
287,44
287,38
287,4
287,42
287,61
287,97
288,13
288,35
288,73
288,44
288,38
288,81
288,61
288,11
288,10
289,13
289,48
289,35
289,70
289,38
289,4
289,81
289,34
290,56
290,29
290,13
290,46
291,113
291,43
291,6
292,13
292,35
292,19
292,8
292,75
292,131
293,13
293,35
293,16
293,59
293,4
293,42
293,62
293,10
293,34
294,126
294,37
294,82
294,27
295,13
295,35
295,83
295,4
295,40
296,4
296,34
296,3
297,38
297,14
298,75
298,17
298,4
298,40
299,38
299,4
300,57
300,13
300,38
300,4
300,60
300,10
301,76
302,75
302,17
302,10
302,51
303,86
303,75
303,21
303,40
303,27
304,68
304,19
304,77
304,27
305,67
305,125
305,19
306,86
306,77
306,26
306,27
307,38
308,95
308,19
309,17
309,4
309,40
309,34
310,70
310,95
310,5
310,99
310,11
310,34
311,13
311,14
311,125
311,41
311,38
311,3
312,19
312,84
313,13
313,19
313,31
313,4
313,66
313,3
314,13
314,51
314,49
314,38
314,4
314,42
314,30
314,3
314,6
315,75
315,68
315,130
316,68
316,19
316,100
317,75
317,68
317,20
317,100
318,86
318,21
318,27
319,13
319,1
319,70
319,7
319,35
319,49
319,36
319,37
319,33
319,66
320,13
320,8
320,60
321,13
321,29
321,84
321,75
321,74
321,4
321,33
321,66
321,63
321,10
321,34
322,13
322,28
322,38
322,30
322,11
322,110
323,56
323,19
323,58
323,75
323,107
323,22
324,82
324,27
324,93
324,100
325,75
325,58
325,19
325,40
326,13
326,55
326,2
326,3
327,79
327,18
327,12
327,93
327,27
328,21
328,19
328,27
329,126
329,79
330,34
331,19
331,26
332,75
332,68
333,38
333,44
334,13
334,19
334,4
334,66
334,6
335,14
335,35
335,51
335,49
335,36
335,92
335,75
335,37
335,38
335,91
336,56
336,13
336,19
336,67
336,3
336,110
336,111
337,56
337,65
337,13
337,132
337,35
337,90
337,4
337,18
337,66
337,3
337,91
337,81
337,10
338,13
338,105
338,4
338,3
339,13
339,28
339,19
339,68
339,38
339,4
339,30
339,3
340,13
340,49
340,21
340,18
340,72
340,34
341,13
341,38
341,4
341,18
341,3
341,46
342,94
342,19
342,23
342,75
342,18
343,56
343,87
343,77
343,26
343,107
343,34
343,27
344,13
344,1
344,51
344,67
344,75
344,4
344,81
344,133
344,10
344,40
344,34
344,89
345,78
345,26
345,30
345,133
345,34
346,11
346,34
347,77
347,84
347,79
347,123
347,21
347,27
348,56
348,13
348,51
348,84
348,75
348,41
349,94
349,58
349,75
349,68
349,100
350,56
350,13
351,56
351,33
351,107
351,12
351,34
351,27
352,85
352,13
352,28
352,132
352,19
352,84
352,38
352,30
352,3
352,63
352,6
353,113
353,13
353,56
353,15
353,10
353,34
354,95
354,76
354,12
354,34
354,27
355,13
355,110
355,35
355,34
356,93
357,13
357,19
357,134
357,68
357,3
357,11
358,56
358,13
358,29
358,7
358,35
358,58
358,44
358,38
358,110
358,10
358,34
359,135
359,10
359,84
360,13
360,51
360,35
360,84
360,75
360,129
360,5
360,10
360,34
361,75
361,58
361,62
361,40
362,77
362,27
362,26
362,75
362,41
362,100
363,14
363,49
363,58
363,75
363,41
363,38
363,133
363,11
363,40
363,34
364,13
364,1
364,14
364,19
364,35
364,49
364,36
364,37
364,38
364,30
364,133
364,34
365,13
365,19
365,67
365,52
365,4
365,133
365,88
365,17
365,34
366,56
366,13
366,29
366,121
366,73
366,76
366,10
366,34
367,56
367,87
367,26
367,107
367,34
367,27
368,87
368,27
369,82
369,35
369,27
370,23
370,19
370,26
371,13
371,61
371,4
371,60
372,12
372,40
372,27
373,13
373,51
373,135
373,84
373,4
373,129
373,3
373,17
374,67
374,40
375,56
375,92
375,83
375,38
375,66
375,3
375,30
375,71
376,13
376,19
376,67
376,4
376,62
376,3
376,6
377,56
377,87
377,77
377,26
377,107
377,27
378,13
378,70
378,51
378,77
378,14
378,35
378,36
378,83
378,119
378,75
378,41
378,4
378,68
378,66
378,37
378,38
378,34
379,75
379,68
379,94
380,13
380,19
380,32
380,3
380,6
381,57
381,35
381,59
381,67
381,44
381,83
381,68
381,41
381,4
381,42
381,81
381,3
381,38
381,72
381,110
381,10
381,34
382,13
382,19
382,76
382,4
382,3
382,46
383,86
383,21
383,136
383,19
384,126
384,19
384,86
384,79
385,21
385,19
385,3
386,13
386,1
386,14
386,4
386,42
386,62
386,81
386,91
386,40
387,82
387,47
387,14
387,58
387,27
387,34
387,46
388,126
388,72
388,18
388,40
389,13
389,19
389,51
389,68
389,4
389,42
389,3
389,17
389,6
390,13
390,34
390,69
390,51
390,35
390,119
390,68
390,133
390,6
390,71
391,85
391,14
391,7
391,35
391,49
391,36
391,54
391,74
391,37
391,38
391,4
391,30
391,110
391,40
391,34
391,137
392,75
392,68
393,56
393,34
393,7
393,116
393,107
393,12
393,40
393,27
394,57
394,49
394,76
394,75
394,4
394,3
394,11
394,40
394,34
395,14
395,19
395,51
395,41
395,4
395,38
396,13
396,28
396,19
396,76
396,4
396,60
396,3
396,30
397,13
397,19
397,60
397,3
398,94
398,23
398,25
399,23
399,19
399,66
400,13
400,1
400,51
400,59
400,75
400,4
400,42
400,3
400,17
401,56
401,51
401,71
401,84
401,75
401,41
401,3
401,93
402,56
402,107
402,6
402,4
403,28
403,26
403,30
404,49
404,58
404,18
404,3
404,72
404,12
404,27
405,58
405,11
406,79
406,27
407,38
407,62
407,81
407,33
407,104
407,10
407,89
408,13
408,28
408,1
408,76
408,4
408,53
408,30
408,3
408,11
408,105
409,126
409,67
409,138
409,45
410,126
410,21
410,12
411,49
411,67
411,21
411,104
411,66
411,3
411,105
411,10
412,56
412,13
412,122
412,69
412,54
412,38
412,66
412,3
412,71
413,19
413,26
414,75
414,130
415,79
415,12
415,27
416,75
416,68
416,116
417,75
417,130
418,75
418,20
419,23
419,19
420,75
420,116
421,86
421,82
421,84
421,21
421,27
422,62
422,26
423,75
423,4
424,130
424,26
424,38
424,18
424,20
424,10
426,35
426,19
427,1
427,62
427,19
428,114
428,26
428,75
428,139
428,20
429,68
429,66
429,27
430,113
430,13
430,76
430,61
430,34
431,13
431,1
431,14
431,15
431,43
431,75
431,66
431,10
431,40
432,13
432,1
432,69
432,19
432,14
432,49
432,58
432,74
432,68
432,3
432,17
432,6
433,13
433,1
433,19
433,31
433,68
433,4
433,3
434,13
434,50
434,1
434,19
434,4
434,60
434,3
434,105
435,13
435,10
435,74
435,3
435,117
435,12
436,35
436,36
436,49
436,58
436,75
436,37
436,41
436,4
436,104
436,34
437,13
437,94
437,19
437,68
437,4
437,3
437,103
437,6
438,57
438,23
438,19
439,13
439,1
439,19
439,51
439,4
439,42
439,3
439,6
440,13
440,94
440,51
440,19
440,54
440,76
440,4
440,3
440,6
440,71
441,47
441,21
442,96
442,82
443,57
443,13
443,3
444,13
444,55
444,70
444,3
445,13
445,91
445,10
445,3
446,13
446,28
446,30
447,13
447,65
447,35
447,31
447,54
447,4
447,6
447,64
448,113
448,13
448,19
448,90
448,38
448,3
448,63
449,56
449,13
449,19
449,135
449,67
449,63
449,11
449,111
450,13
450,70
450,19
450,55
450,3
451,6
451,1
451,19
451,13
452,43
452,67
452,1
452,3
453,82
453,26
453,126
453,21
453,46
454,13
454,1
454,51
454,75
454,4
454,3
454,10
455,82
455,77
455,58
455,26
455,27
456,56
456,13
456,114
456,73
456,52
456,76
456,4
456,53
456,3
456,11
456,10
456,6
457,57
457,1
457,51
457,35
457,52
457,83
457,75
457,4
457,66
457,34
459,53
459,4
459,66
459,3
459,17
460,56
460,13
460,51
460,19
460,54
460,10
460,4
460,3
460,12
460,71
461,13
461,19
461,67
461,4
461,60
461,3
461,104
462,13
462,19
462,58
462,59
462,60
462,3
462,104
462,71
463,13
463,51
463,8
463,84
463,75
463,4
463,129
463,3
463,17
463,10
464,13
464,28
464,70
464,44
464,38
464,61
464,3
464,30
464,110
464,6
465,126
465,58
465,12
465,40
466,13
466,19
466,58
466,73
466,68
466,4
466,3
467,79
467,115
467,34
468,13
468,31
468,3
469,21
470,13
470,59
470,38
470,4
470,30
470,3
470,10
470,6
471,13
471,71
471,3
472,56
472,82
472,84
472,107
472,27
473,13
473,19
473,58
473,44
473,52
473,5
473,6
473,34
474,13
474,1
474,19
474,4
474,3
474,11
474,110
474,6
475,13
475,48
475,19
475,31
475,90
475,4
475,66
475,3
475,105
476,13
476,1
476,52
476,4
476,6
477,13
477,19
477,58
477,3
477,61
477,60
477,99
478,94
478,44
478,38
478,61
478,10
479,35
479,42
479,3
479,17
479,6
480,25
480,21
480,19
481,13
481,73
481,38
481,4
481,42
481,97
481,3
481,53
481,10
482,13
482,14
482,51
482,67
482,4
482,88
482,17
482,10
482,40
482,34
483,1
483,14
483,7
483,35
483,36
483,16
483,83
483,37
483,38
483,4
483,30
483,40
483,34
484,58
484,67
484,26
485,95
485,34
486,56
486,82
486,21
486,107
486,93
486,27
488,68
488,95
488,44
488,27
489,51
489,19
489,4
489,61
489,17
489,12
489,40
489,34
490,56
490,13
490,14
490,51
490,54
490,8
490,75
490,129
490,17
490,10
490,34
490,46
491,13
491,58
491,52
491,4
491,42
491,53
491,6
492,18
492,82
492,21
492,98
493,31
493,15
493,59
493,8
493,140
493,11
493,141
493,56
493,65
493,13
493,26
493,122
493,50
493,1
493,70
493,51
493,54
493,66
493,10
493,111
493,29
493,35
493,4
493,42
493,5
493,46
494,13
494,1
494,51
494,116
494,26
494,75
494,68
494,4
494,3
494,17
494,10
495,67
495,3
496,38
496,77
496,66
496,27
497,82
497,21
497,27
498,13
498,14
498,26
498,142
498,38
498,3
499,20
499,19
499,26
500,13
500,19
500,21
500,42
500,61
500,3
500,18
500,72
501,94
501,7
501,51
501,77
501,35
501,49
501,9
501,83
501,75
501,4
501,40
501,34
502,56
502,13
502,54
502,42
502,107
503,13
503,94
503,1
503,132
503,19
503,67
503,10
503,63
503,68
503,4
503,42
503,60
503,3
503,17
503,12
504,13
504,28
504,90
504,4
504,61
504,3
504,30
504,105
504,10
505,7
505,75
505,38
505,62
505,110
506,13
506,102
506,1
506,14
506,35
506,36
506,49
506,58
506,37
506,38
506,4
506,30
506,40
506,34
507,13
507,51
507,75
507,18
507,3
507,72
507,103
508,1
508,35
508,38
508,42
508,3
508,6
509,13
509,19
509,51
509,6
509,68
509,41
509,3
509,40
510,56
510,65
510,13
510,19
510,31
510,54
510,42
510,107
511,28
511,1
511,19
511,59
511,4
511,30
511,3
511,10
512,57
512,13
512,48
512,19
512,54
512,83
512,4
512,81
512,3
512,10
512,6
513,94
513,48
513,51
513,49
513,38
514,3
515,13
515,51
515,10
515,74
515,38
515,4
515,62
515,3
515,103
515,34
516,7
516,73
516,4
516,62
516,30
516,3
516,10
516,6
517,13
517,19
517,51
517,31
517,109
517,4
517,62
517,3
517,6
517,34
518,13
518,14
518,51
518,73
518,8
518,21
518,4
518,42
518,81
518,3
518,38
518,10
519,13
519,19
519,67
519,52
519,4
519,17
519,34
520,13
520,51
520,19
520,43
520,73
520,67
520,21
520,4
520,3
520,17
520,40
521,13
521,19
521,43
521,44
521,10
521,38
521,4
521,61
521,3
521,12
521,40
522,13
522,14
522,35
522,36
522,49
522,37
522,41
522,38
522,39
522,40
522,34
522,131
523,28
523,38
523,61
523,30
523,17
524,57
524,13
524,31
524,62
524,3
524,10
525,57
525,113
525,13
525,51
525,16
525,5
525,4
525,3
525,11
525,10
526,14
526,7
526,49
526,38
526,40
526,34
527,1
527,7
527,77
527,35
527,36
527,16
527,37
527,109
527,39
527,110
528,13
528,7
528,26
528,142
528,18
528,40
529,137
529,92
529,51
529,3
530,13
530,28
530,38
530,88
530,4
530,30
530,3
530,17
531,19
531,51
531,59
531,4
531,42
531,61
531,3
531,6
532,126
532,58
532,68
532,75
533,18
533,93
533,45
534,57
534,13
534,44
534,38
534,3
534,110
535,13
535,19
535,71
535,3
536,13
536,1
536,14
536,35
536,36
536,37
536,38
536,4
536,30
536,40
536,34
537,14
539,51
539,73
539,119
539,4
539,62
539,81
539,3
539,10
539,6
540,13
540,1
540,4
540,42
540,61
540,3
540,105
541,57
541,13
541,1
541,51
541,7
541,19
541,4
541,33
541,66
541,3
541,6
542,74
543,57
543,13
543,69
543,19
543,4
543,81
543,3
544,28
544,1
544,26
544,38
544,4
544,53
544,30
544,3
544,40
545,13
545,122
545,1
545,19
545,52
545,10
545,119
545,41
545,4
545,42
545,88
545,3
545,17
545,12
546,112
546,58
546,26
546,88
546,12
547,20
547,24
547,93
548,96
548,65
548,13
548,4
548,46
549,19
549,116
549,26
549,75
549,24
550,13
550,35
550,26
550,6
550,4
550,81
550,61
550,3
550,10
550,40
550,34
551,13
551,14
551,7
551,38
551,4
551,3
552,56
552,13
552,19
552,35
552,32
552,59
552,76
552,83
552,21
552,4
552,38
552,61
552,3
552,30
552,105
553,1
553,9
553,68
553,4
553,42
553,55
553,3
553,91
553,17
553,12
554,13
554,1
554,70
554,2
554,59
554,9
554,126
554,4
554,53
554,55
554,3
554,72
554,10
555,13
555,32
555,73
555,26
555,4
555,97
555,53
555,3
555,6
556,14
556,21
556,12
556,49
557,13
557,19
557,58
557,26
557,4
557,3
558,56
558,28
558,26
558,38
558,30
558,3
559,38
559,4
559,30
559,11
559,10
560,57
560,13
560,41
560,62
560,38
560,30
561,82
561,21
561,88
561,12
561,27
562,13
562,15
562,73
562,59
562,4
562,81
562,10
562,6
563,57
563,13
563,14
563,19
563,38
563,4
563,60
563,3
563,104
564,6
564,19
565,13
565,19
565,38
565,62
565,61
565,3
566,13
566,14
566,68
566,4
566,3
566,6
566,71
567,19
567,51
567,68
567,38
567,60
567,3
567,30
567,10
567,6
568,56
568,13
568,1
568,31
568,38
568,4
568,42
568,105
568,107
568,34
568,131
569,8
569,21
569,27
570,13
570,19
570,77
570,21
570,124
570,27
571,77
571,124
571,27
572,77
572,95
572,26
572,12
572,27
573,13
573,50
573,8
573,9
573,4
573,3
574,13
574,29
574,35
574,76
574,11
574,124
575,13
575,102
575,19
575,31
575,32
575,3
576,13
576,44
577,21
577,12
578,34
578,84
578,21
578,12
578,124
578,27
579,82
579,21
579,18
579,34
580,56
580,13
580,29
580,90
580,55
580,42
580,61
580,71
581,58
581,84
581,21
581,72
581,27
582,56
582,57
582,1
582,31
582,54
582,5
582,4
582,3
583,13
583,1
583,44
583,76
583,38
583,4
583,62
583,11
583,6
584,57
584,13
584,19
584,49
584,3
584,17
585,13
585,87
585,34
586,13
586,26
586,79
586,40
586,27
587,13
587,38
587,4
587,42
587,30
587,3
587,34
588,57
588,13
588,19
588,68
588,38
588,42
588,18
588,3
588,30
589,13
589,2
589,133
589,61
589,42
589,17
589,34
590,57
590,13
590,19
590,2
590,4
590,53
590,55
590,3
590,88
590,11
590,6
591,13
591,1
591,4
591,62
591,3
591,11
591,10
592,57
592,13
592,38
592,4
592,3
592,10
592,34
593,56
593,69
593,19
593,41
593,4
593,62
593,38
593,3
593,64
594,3
594,4
594,53
594,76
595,56
595,1
595,3
596,1
596,9
596,76
596,4
596,53
596,30
596,3
596,91
596,10
597,13
597,59
597,4
597,42
597,66
597,62
597,6
598,13
598,28
598,1
598,19
598,4
598,42
598,55
598,30
598,34
599,13
599,1
599,19
599,7
599,4
599,105
599,10
600,13
600,38
600,30
600,3
600,105
600,64
601,96
601,86
601,82
601,18
601,72
601,115
602,13
602,102
602,51
602,54
602,43
603,57
603,13
603,28
603,1
603,19
603,4
603,30
603,3
604,21
604,93
605,82
605,21
605,35
605,27
606,21
606,44
607,13
607,48
607,75
607,74
607,3
607,17
607,6
608,13
608,65
608,48
608,4
608,53
608,30
608,3
609,1
609,48
609,35
609,34
610,82
610,24
610,93
610,27
611,13
611,19
611,32
611,4
611,104
611,6
612,56
612,57
612,112
612,13
612,14
612,26
612,38
612,108
612,3
613,58
613,21
613,26
614,57
614,13
614,31
614,26
614,6
615,13
615,19
615,73
615,59
615,38
615,4
615,66
615,3
616,13
616,70
616,38
616,62
616,30
616,3
617,56
617,13
617,19
617,31
617,95
617,9
617,4
617,18
617,61
617,3
617,72
617,105
618,13
618,19
618,31
618,95
618,9
618,68
618,4
618,62
618,33
618,3
618,6
618,89
619,57
619,19
619,13
619,3
620,13
620,58
620,67
620,44
620,38
620,105
621,56
621,65
621,13
621,31
621,15
621,76
621,3
621,6
622,79
622,12
622,27
623,19
623,51
623,4
623,17
623,6
624,13
624,28
624,19
624,51
624,68
624,38
624,30
624,110
624,10
624,34
625,75
625,116
626,13
626,65
626,1
626,19
626,68
626,41
626,34
627,57
627,13
627,28
627,16
627,134
627,4
627,30
627,3
627,117
628,13
628,51
628,75
628,4
628,3
629,58
629,12
629,84
630,122
630,51
630,35
630,4
630,17
630,110
630,10
630,6
630,34
631,13
631,4
631,35
631,61
632,13
632,19
632,32
632,76
632,3
632,6
632,34
633,26
633,3
634,96
634,95
634,78
634,44
634,21
634,38
634,34
634,27
635,56
635,19
635,107
635,64
635,27
636,13
636,65
636,84
636,75
636,3
637,82
638,13
638,65
638,28
638,31
638,90
638,38
638,30
638,3
638,105
638,64
639,13
639,19
639,40
640,86
640,115
640,27
641,13
641,14
641,59
641,26
641,4
641,129
641,3
642,13
642,19
642,4
642,62
642,3
642,91
642,6
643,13
643,121
643,70
643,7
643,31
643,35
643,90
643,73
643,59
643,5
643,4
643,81
643,30
643,3
643,10
644,113
644,13
644,19
644,31
644,90
644,3
644,6
645,13
645,62
645,4
645,3
646,57
646,69
646,92
646,38
646,3
647,1
647,51
647,58
647,4
647,3
647,17
647,12
648,13
648,28
648,1
648,90
648,59
648,4
648,53
648,66
648,81
648,30
648,11
648,6
648,34
649,56
649,107
649,19
649,49
650,1
650,70
650,14
650,35
650,49
650,36
650,37
650,38
650,4
650,110
650,40
651,13
651,1
651,62
651,61
652,19
652,44
652,38
652,30
652,3
652,105
652,10
653,70
653,35
653,36
653,49
653,37
653,4
653,110
653,40
653,34
654,29
654,19
654,16
654,8
654,84
654,21
655,51
655,84
655,75
655,10
655,40
655,46
656,13
656,31
656,84
656,66
656,11
657,57
657,13
657,1
657,9
657,68
657,3
657,17
658,56
658,57
658,34
658,77
658,19
658,58
658,26
658,21
658,107
658,12
658,40
658,27
659,13
659,1
659,32
659,58
659,38
659,4
659,55
659,30
659,3
659,105
660,13
660,48
660,51
660,35
660,84
660,83
660,75
660,129
660,72
660,110
660,34
661,13
661,1
661,14
661,35
661,36
661,43
661,73
661,67
661,44
661,9
661,37
661,4
661,40
661,34
661,46
662,13
662,51
662,84
662,75
662,41
662,4
662,133
662,61
662,3
662,42
662,17
662,10
663,13
663,3
663,64
663,76
664,112
664,19
665,13
665,1
665,35
665,59
665,67
665,4
665,3
665,34
666,87
666,26
666,21
666,24
666,34
666,27
667,56
667,31
667,4
667,66
667,3
668,35
668,38
668,4
668,61
668,3
668,12
669,17
669,4
669,19
669,3
670,47
670,132
671,34
671,21
671,143
672,75
672,58
672,25
672,19
673,68
673,28
673,23
673,30
674,28
674,14
674,38
674,30
674,93
675,75
675,68
675,116
676,28
676,26
676,30
677,59
677,62
677,53
677,55
678,13
678,135
678,44
678,6
678,68
678,38
678,61
678,3
678,40
679,75
679,105
679,10
679,51
680,27
681,68
681,82
681,21
682,85
682,110
682,4
682,40
683,56
683,107
683,138
683,143
684,57
684,13
684,32
684,92
684,4
684,3
684,137
685,56
685,113
685,29
685,19
685,2
685,44
686,112
686,1
686,48
686,14
686,35
686,49
686,36
686,83
686,37
686,38
686,105
686,40
687,13
687,69
687,19
687,31
687,41
687,3
687,10
687,6
688,35
688,4
688,81
688,3
688,10
689,1
689,51
689,21
689,4
689,17
689,10
690,4
690,10
691,34
691,104
691,19
691,60
692,13
692,51
692,75
692,4
692,3
692,40
693,85
693,13
693,28
693,35
693,83
693,38
693,4
693,30
693,3
693,6
694,76
694,38
694,4
694,42
694,30
694,3
694,6
695,13
695,4
695,81
695,66
695,3
695,33
695,64
696,13
696,94
696,67
696,68
696,38
696,4
696,88
696,30
696,3
696,17
696,6
697,103
697,7
697,9
697,10
697,4
697,42
697,3
697,17
697,12
697,40
697,34
698,56
698,67
698,38
698,3
698,10
698,71
699,13
699,51
699,58
699,38
699,4
699,60
699,3
699,30
700,13
700,19
701,57
701,28
701,49
701,58
701,26
701,38
701,30
701,3
701,40
702,13
702,76
702,68
702,38
702,4
702,42
702,3
702,6
703,19
703,23
703,26
703,30
703,24
704,13
704,32
704,90
704,4
704,3
704,6
705,19
705,26
706,94
706,19
706,26
707,13
707,35
707,38
707,4
707,61
707,10
708,94
708,51
708,16
708,8
708,84
708,75
708,123
708,129
708,91
708,63
708,10
708,34
709,56
709,13
709,95
709,76
709,68
709,108
709,3
710,57
710,10
710,34
711,75
711,68
711,92
712,19
712,100
713,13
713,94
713,76
713,38
713,4
713,66
713,3
713,30
713,10
714,13
714,132
714,19
714,35
714,76
714,38
714,3
715,75
715,21
716,31
716,4
716,66
716,3
717,13
717,71
717,60
717,3
718,102
718,14
718,51
718,49
718,26
718,68
718,38
718,66
718,40
719,13
719,46
719,76
720,47
720,14
720,51
720,35
720,49
720,36
720,16
720,37
720,41
720,4
720,38
720,40
720,34
721,27
721,84
722,13
722,66
722,84
723,13
723,65
723,69
723,90
723,3
724,13
724,69
724,90
724,4
724,3
724,64
725,47
725,70
725,51
725,14
725,35
725,36
725,144
725,83
725,75
725,74
725,37
725,38
725,63
725,40
725,34
726,21
726,100
727,1
727,19
727,68
727,60
727,6
727,71
728,75
728,40
729,82
729,44
729,21
729,38
729,18
729,3
729,27
730,28
730,38
730,4
730,60
730,30
730,40
731,13
731,41
731,4
731,38
732,112
732,44
732,9
732,38
732,61
733,56
733,13
733,28
733,8
733,38
733,30
733,111
733,6
734,56
734,13
734,50
734,1
734,35
734,129
735,13
735,19
735,51
735,83
735,75
735,41
735,4
735,10
735,46
736,13
736,38
736,62
736,53
736,4
736,3
736,30
737,13
737,19
737,41
737,4
737,62
737,30
737,3
737,133
737,101
737,6
737,34
738,95
739,13
739,51
739,35
739,36
739,26
739,83
739,68
739,75
739,37
739,145
739,63
739,34
740,13
740,14
740,38
740,60
740,3
740,30
740,64
741,112
741,19
741,77
741,100
741,27
742,13
742,135
742,4
742,6
742,34
743,8
743,21
743,12
743,27
744,96
744,19
744,86
745,56
745,13
745,51
745,84
745,33
745,129
745,3
745,10
746,13
746,29
746,54
746,3
746,5
746,99
747,13
747,70
747,35
747,31
747,73
747,59
747,4
747,81
747,3
747,10
748,119
748,53
748,4
748,62
748,3
749,6
749,68
749,19
749,3
750,43
750,3
751,13
751,67
751,10
751,3
752,68
752,67
752,21
752,19
753,94
753,19
753,23
753,68
753,142
753,40
754,56
754,13
754,28
754,19
754,84
754,68
754,38
754,66
754,3
754,30
754,6
755,57
755,13
755,28
755,76
755,4
755,30
755,3
755,6
756,75
756,116
757,57
757,13
757,94
757,19
757,16
757,60
757,3
757,10
758,57
758,13
758,38
758,30
758,3
760,82
760,58
760,21
760,12
760,27
761,13
761,19
761,31
761,4
761,3
761,105
762,86
762,19
762,75
762,21
762,12
763,56
763,57
763,13
763,19
763,58
763,59
763,67
763,74
763,38
763,60
763,3
763,30
763,17
764,13
764,34
764,134
765,13
765,76
765,42
765,3
765,6
766,13
766,51
766,75
766,133
766,34
767,57
767,13
767,47
767,132
767,19
767,126
767,33
767,3
767,99
767,105
767,103
768,13
768,69
768,19
768,31
768,68
768,4
768,18
768,3
769,13
769,58
769,44
769,3
769,38
769,61
769,60
769,6
770,13
770,19
770,31
770,32
770,90
770,3
770,4
770,60
770,66
770,6
771,86
771,44
771,38
771,12
771,27
772,79
772,95
772,27
773,13
773,53
773,4
773,3
774,56
774,13
774,51
774,84
774,75
774,33
774,129
774,3
774,34
775,70
775,51
776,13
776,1
776,35
776,4
776,53
776,3
777,56
777,13
777,94
777,1
777,70
777,35
778,56
778,19
778,68
778,4
778,3
778,6
779,13
779,51
779,75
779,4
779,81
779,11
779,10
779,46
780,13
780,70
780,14
780,35
780,38
780,18
780,30
780,63
782,13
782,1
782,51
782,4
782,3
782,17
782,12
783,1
783,48
783,51
783,142
783,63
783,10
783,17
784,87
784,34
784,27
785,1
785,69
785,19
785,2
785,54
785,4
785,18
785,60
785,3
785,91
785,63
785,62
785,10
785,6
786,56
786,55
786,64
786,31
787,56
787,35
787,135
787,108
787,3
787,10
788,13
788,35
788,16
788,83
788,75
788,41
788,4
788,42
788,110
788,40
789,13
789,94
789,28
789,19
789,10
789,41
789,38
789,60
789,61
789,30
789,104
789,12
789,6
790,51
790,146
790,26
790,75
790,41
790,4
790,10
790,40
791,35
791,51
791,16
791,83
791,75
791,4
791,34
792,82
792,75
792,21
792,18
792,34
793,13
793,19
793,58
793,67
793,68
793,4
793,33
793,3
793,17
793,10
793,6
793,34
793,46
794,126
794,18
794,34
795,13
795,26
796,13
796,1
796,48
796,14
796,35
796,36
796,83
796,37
796,4
796,63
796,110
796,34
796,137
797,13
797,19
797,51
797,75
797,41
798,13
798,70
798,35
798,36
798,43
798,83
798,37
799,6
799,19
799,13
800,13
800,1
800,58
800,26
800,62
800,3
800,40
801,57
801,13
801,19
801,4
801,3
801,6
802,57
802,110
802,40
803,28
803,49
803,67
803,38
803,30
804,13
804,1
804,38
804,61
804,34
805,19
805,27
806,4
806,51
806,10
807,35
807,51
807,84
807,75
807,129
807,3
807,34
808,13
808,65
808,54
808,64
808,46
809,14
809,95
809,26
809,126
809,27
810,13
810,70
810,38
810,53
810,30
810,3
811,56
811,13
811,29
811,70
811,51
811,35
811,38
811,4
811,129
811,34
811,46
812,28
812,68
812,4
812,30
812,3
812,6
813,75
813,4
813,51
813,34
814,75
815,56
815,13
815,28
815,1
815,14
815,38
815,108
815,3
815,30
815,10
815,6
815,34
816,13
816,19
816,31
816,4
816,3
816,6
816,34
817,13
817,28
817,38
817,4
817,30
817,3
817,10
818,56
818,13
818,28
818,19
818,3
818,38
818,61
818,108
818,30
819,13
819,28
819,19
819,147
819,38
819,61
819,3
819,30
819,6
820,57
820,13
820,70
820,31
820,4
820,3
820,10
821,6
821,73
821,38
821,44
822,14
822,7
822,35
822,49
822,36
822,135
822,105
822,37
822,38
822,4
822,110
822,10
822,40
823,77
823,44
823,75
823,136
823,27
824,146
824,95
824,74
824,21
824,12
824,27
825,13
825,1
825,19
825,32
825,4
825,3
825,6
826,13
826,94
826,19
826,15
826,26
826,6
826,68
826,38
826,4
826,81
826,60
826,3
826,10
826,40
826,131
827,68
827,69
827,19
828,82
828,8
828,21
828,24
828,12
828,93
828,27
829,113
829,1
829,93
830,13
830,28
830,51
830,59
830,38
830,4
830,30
830,3
830,6
831,38
831,44
831,61
832,13
832,42
832,61
832,3
832,104
833,54
833,126
833,142
833,40
833,100
834,70
834,51
834,59
834,26
834,84
834,75
834,41
834,4
834,136
834,129
834,38
834,17
834,10
835,13
835,19
835,68
835,4
835,3
836,56
836,14
836,19
836,107
836,64
836,27
837,14
837,59
837,21
837,88
837,57
837,13
837,19
837,55
837,17
837,94
837,67
837,10
837,6
837,52
837,68
837,38
837,4
837,42
837,30
837,3
838,59
838,38
838,6
838,66
839,57
839,13
839,1
839,70
839,31
839,73
839,38
839,4
839,62
839,30
839,3
839,10
840,96
840,13
840,21
840,60
840,3
840,10
840,64
841,13
841,14
841,35
841,36
841,37
841,38
841,4
841,18
841,3
841,63
841,131
842,136
842,27
843,13
843,62
843,4
843,10
843,34
844,13
844,58
844,61
845,148
845,77
845,21
845,46
845,27
846,87
846,126
846,21
846,46
846,38
846,34
846,27
847,19
847,59
847,4
847,3
847,6
848,70
848,58
848,59
848,41
848,4
848,42
848,3
848,17
849,13
849,28
849,35
849,19
849,83
849,62
849,30
849,3
850,2
850,12
850,19
850,100
851,13
851,28
851,31
851,4
851,62
851,30
851,3
851,11
852,13
852,51
852,73
852,59
852,26
852,4
852,81
852,17
852,34
853,44
853,38
853,4
853,3
853,91
853,10
854,14
854,49
854,68
854,142
854,18
854,12
854,40
854,27
855,19
855,51
855,84
855,41
855,38
855,30
855,10
855,34
856,56
856,13
856,28
856,73
856,62
856,4
856,30
856,34
857,13
857,28
857,1
857,19
857,38
857,4
857,30
857,3
858,13
858,90
858,21
858,19
859,13
859,28
859,1
859,90
859,4
859,53
859,30
859,3
859,10
860,13
860,19
860,16
860,4
860,81
860,3
860,6
861,13
861,19
861,31
861,59
861,4
861,53
861,66
861,3
861,81
861,11
861,105
861,10
862,95
862,53
862,26
863,126
863,14
863,12
863,27
864,99
864,95
864,34
864,5
865,12
865,19
866,13
866,19
866,32
866,4
866,3
866,6
867,13
867,86
867,28
867,52
867,6
867,21
867,4
867,81
867,38
867,3
867,30
867,17
867,10
867,40
868,68
868,82
868,21
869,13
869,4
869,42
869,61
869,3
869,17
870,56
870,13
870,86
870,29
870,54
870,95
870,38
870,4
870,53
870,62
870,3
871,56
871,13
871,86
871,28
871,38
871,53
871,55
871,108
871,3
871,30
871,10
871,46
872,96
872,13
872,112
872,1
872,7
872,19
872,73
872,78
872,21
872,4
872,62
872,30
872,3
872,11
872,10
872,6
872,124
873,13
873,1
873,15
873,84
873,75
873,4
873,81
873,3
873,17
873,10
874,72
874,58
874,146
874,18
875,56
875,29
875,14
875,59
875,4
875,42
875,17
876,87
876,19
876,149
876,12
876,40
877,27
878,50
878,73
878,4
878,62
878,30
878,3
878,10
879,58
879,82
879,18
879,27
880,43
880,10
880,3
880,103
880,12
880,34
881,102
881,35
881,36
881,49
881,58
881,37
881,4
881,40
881,34
882,58
882,34
883,1
883,34
883,3
884,56
884,31
884,4
884,66
884,3
885,56
885,11
885,96
885,31
886,127
886,125
886,12
886,27
887,150
887,58
887,77
887,27
888,58
888,19
889,82
889,12
890,56
890,29
890,84
891,13
891,19
891,92
891,38
891,61
891,3
891,63
892,13
892,94
892,19
892,15
892,26
892,38
892,4
892,30
892,3
892,10
893,57
893,13
893,28
893,1
893,70
893,7
893,4
893,53
893,55
893,3
893,62
893,133
893,30
893,10
893,6
893,34
894,13
894,26
894,3
895,13
895,28
895,19
895,30
895,3
895,71
896,14
896,35
896,36
896,49
896,58
896,16
896,75
896,37
896,34
897,56
897,13
897,35
897,10
897,34
897,89
898,13
898,1
898,69
898,19
898,54
898,4
898,61
898,3
898,103
898,34
899,13
899,1
899,35
899,36
899,54
899,37
899,41
899,34
900,13
900,102
900,90
900,21
900,4
900,11
901,50
901,73
901,38
901,4
901,10
902,112
902,14
902,7
902,77
902,51
902,35
902,73
902,10
902,83
902,75
902,68
902,41
902,4
902,109
902,66
902,105
902,12
902,40
903,13
903,19
903,38
903,4
903,60
903,3
904,13
904,35
904,75
904,129
904,3
904,71
904,137
905,14
905,58
905,44
905,74
905,12
906,21
906,93
907,56
907,13
907,19
907,21
907,4
907,38
907,61
907,3
907,20
907,107
907,34
908,57
908,13
908,112
908,1
908,70
908,28
908,26
908,38
908,62
908,30
908,3
908,10
908,34
909,56
909,13
909,19
909,68
909,108
909,3
909,71
910,57
910,13
910,112
910,70
910,19
910,44
910,10
910,34
911,57
911,13
911,1
911,19
911,3
912,82
912,77
912,27
913,16
913,10
913,6
913,60
914,20
914,53
915,13
915,50
915,1
915,28
915,31
915,4
915,53
915,55
915,3
915,151
915,62
915,11
915,30
915,34
916,13
916,50
916,32
916,73
916,4
916,97
916,3
916,6
917,57
917,13
917,28
917,59
917,52
917,38
917,30
917,3
917,10
917,34
918,82
918,14
918,26
918,24
918,27
919,19
919,125
919,75
919,21
919,93
919,27
920,79
920,12
920,26
920,27
921,82
921,21
921,27
922,13
922,1
922,44
922,38
922,61
922,5
922,34
923,2
923,58
923,53
923,4
923,62
923,6
924,112
924,19
924,77
924,67
924,12
924,27
925,82
925,58
925,126
925,45
925,93
926,58
926,67
926,12
926,27
927,7
927,58
927,67
927,26
927,45
927,12
927,27
928,86
928,82
928,84
928,21
928,38
928,40
928,27
929,67
930,38
930,44
931,86
931,9
931,21
931,72
931,12
931,40
931,34
931,27
932,13
932,26
932,61
932,3
932,12
932,40
933,13
933,8
933,12
933,10
934,56
934,82
934,98
934,107
934,27
935,19
936,35
936,82
936,12
936,40
937,19
937,58
937,79
937,12
937,27
938,13
938,28
938,35
938,36
938,44
938,37
938,38
938,62
938,30
938,152
938,6
939,13
939,44
939,38
939,40
939,34
940,13
940,1
940,5
940,44
940,76
940,4
940,55
940,3
941,62
942,13
942,14
942,19
942,38
942,4
942,30
942,34
943,13
943,50
943,1
943,51
943,2
943,75
943,41
943,4
943,81
943,3
943,10
944,13
944,104
944,3
945,13
945,69
945,44
945,38
945,60
945,3
946,13
946,94
946,51
946,19
946,52
946,76
946,126
946,119
946,68
946,4
946,3
946,17
946,110
946,10
946,6
947,57
947,13
947,19
947,3
947,63
947,6
948,13
948,1
948,19
948,55
948,62
948,3
949,13
949,1
949,2
949,4
949,62
949,34
950,82
950,84
951,19
951,26
952,13
952,19
952,51
952,58
952,67
952,4
952,62
952,3
952,17
953,56
953,26
953,38
953,4
953,55
953,108
953,3
953,62
953,30
954,13
954,76
954,4
954,62
954,11
954,6
955,1
955,97
955,6
955,3
956,77
956,43
956,21
956,40
956,27
957,14
957,36
957,153
957,48
957,7
957,75
957,81
957,17
957,110
957,103
957,51
957,84
957,129
957,10
957,35
957,37
957,38
957,4
957,42
957,3
957,34
958,56
958,65
958,13
958,31
958,54
958,59
958,5
958,21
958,4
958,81
958,66
958,3
958,10
958,64
959,96
959,13
959,19
959,54
959,9
959,68
959,21
959,4
959,55
959,3
959,105
959,10
959,6
959,71
959,64
960,56
960,29
960,51
960,4
960,91
960,17
960,10
961,70
961,35
961,36
961,37
961,40
961,124
962,13
962,28
962,19
962,38
962,4
962,30
962,3
962,131
963,38
964,13
964,1
964,4
964,19
965,13
965,95
965,42
965,12
965,40
966,13
966,18
966,19
967,82
967,27
967,84
968,19
968,51
968,3
969,13
969,102
969,19
969,31
969,32
969,4
969,3
969,10
970,56
970,13
970,29
970,73
970,76
970,4
970,10
970,34
971,13
971,19
971,8
971,4
971,62
971,3
972,57
972,13
972,75
972,3
972,6
973,13
973,69
973,29
973,76
973,91
973,11
974,13
974,38
974,60
974,3
975,56
975,57
975,19
975,59
975,107
975,71
976,56
976,65
976,13
976,31
976,54
976,9
976,21
976,4
976,3
976,64
977,56
977,122
977,35
978,13
978,70
978,51
978,35
978,134
978,83
978,68
978,4
978,62
978,40
978,34
979,13
979,1
979,14
979,51
979,52
979,18
979,81
979,3
979,12
979,6
980,87
980,12
980,27
981,51
981,43
981,75
981,4
981,10
981,40
981,34
982,13
982,87
982,35
982,46
982,34
982,27
983,13
983,51
983,9
983,84
983,75
983,72
983,41
983,4
983,18
983,129
983,17
983,105
983,10
983,34
984,75
984,84
985,13
985,51
985,58
985,73
985,59
985,8
985,75
985,38
985,4
985,17
985,10
985,34
986,57
986,13
986,154
986,28
986,19
986,16
986,59
986,83
986,4
986,81
986,30
986,3
986,10
986,6
986,34
987,13
987,1
987,14
987,35
987,36
987,58
987,75
987,37
987,38
987,4
987,30
987,10
987,34
988,13
988,1
988,14
988,7
988,21
988,60
988,10
989,21
989,12
989,34
990,56
990,19
990,8
990,107
990,27
991,13
991,1
991,69
991,19
991,55
991,3
991,64
992,57
992,13
992,68
992,41
992,38
992,30
992,3
992,6
993,13
993,19
993,68
993,4
993,81
993,3
993,10
994,13
994,58
994,67
994,19
995,21
995,77
995,27
996,56
996,13
996,51
996,75
996,41
996,4
996,3
996,63
996,10
997,56
997,122
997,1
997,70
997,84
997,75
997,10
997,34
998,13
998,47
998,1
998,51
998,77
998,35
998,16
998,83
998,155
998,20
998,34
999,13
999,28
999,70
999,51
999,75
999,68
999,41
999,4
999,38
999,66
999,30
999,10
999,34
1000,13
1000,1
1000,48
1000,77
1000,14
1000,35
1000,36
1000,16
1000,37
1000,41
1000,4
1000,155
1000,38
1000,10
1000,40
1000,34
1001,56
1001,13
1001,28
1001,19
1001,35
1001,41
1001,4
1001,53
1001,62
1001,3
1001,38
1001,30
1001,105
1001,10
1001,46
1002,13
1002,19
1003,50
1003,51
1003,5
1003,76
1003,4
1003,42
1003,3
1003,10
1004,49
1004,58
1004,95
1004,67
1004,12
1004,27
1005,82
1005,19
1005,58
1005,79
1005,24
1005,27
1006,19
1007,13
1007,102
1007,19
1007,31
1007,32
1007,4
1007,3
1008,57
1008,13
1008,28
1008,7
1008,15
1008,16
1008,125
1008,38
1008,4
1008,62
1008,30
1008,3
1008,33
1008,17
1008,10
1008,6
1009,49
1009,67
1009,75
1009,123
1009,4
1009,88
1009,3
1009,17
1009,71
1010,112
1010,51
1010,19
1010,58
1010,125
1010,60
1010,3
1010,12
1011,13
1011,1
1011,4
1011,53
1011,3
1011,10
1012,19
1012,51
1012,67
1012,4
1012,3
1012,6
1012,34
1013,38
1013,4
1013,30
1014,13
1014,84
1014,68
1014,38
1014,18
1014,60
1014,3
1015,13
1015,51
1015,8
1015,75
1015,110
1016,31
1016,8
1016,84
1016,75
1016,34
1017,13
1017,19
1017,32
1017,21
1017,61
1017,3
1018,13
1018,28
1018,84
1018,38
1018,33
1018,66
1018,3
1018,30
1018,6
1018,71
1019,13
1019,69
1019,14
1019,70
1019,35
1019,36
1019,92
1019,83
1019,37
1019,38
1019,34
1020,56
1020,33
1020,34
1020,76
1021,67
1021,8
1022,3
1022,51
1022,32
1023,83
1023,16
1023,13
1023,3
1024,14
1024,38
1024,48
1024,26
1025,6
1025,19
1026,75
1026,13
1026,34
1026,66
1027,13
1027,54
1027,21
1027,60
1027,3
1027,71
1028,56
1028,13
1028,132
1028,51
1028,84
1028,75
1028,41
1028,4
1028,129
1028,3
1028,10
1029,19
1029,55
1029,40
1030,75
1030,116
1031,75
1031,92
1031,130
1032,13
1032,35
1032,36
1032,37
1032,38
1032,53
1032,3
1032,10
1033,13
1033,52
1033,10
1033,3
1033,17
1033,12
1033,6
1034,35
1034,51
1034,83
1034,75
1034,4
1034,34
1035,58
1035,67
1036,13
1036,28
1036,35
1036,36
1036,49
1036,73
1036,44
1036,26
1036,37
1036,4
1036,30
1036,34
1037,13
1037,70
1037,14
1037,4
1037,30
1037,40
1037,34
1037,131
1038,13
1038,1
1038,67
1038,76
1038,68
1038,4
1038,42
1038,3
1038,17
1038,6
1038,34
1039,13
1039,51
1039,52
1039,68
1039,42
1039,17
1039,6
1039,34
1040,13
1040,73
1040,38
1040,42
1040,30
1040,6
1040,34
1041,13
1041,118
1041,15
1041,38
1041,4
1041,81
1041,61
1041,3
1041,91
1041,17
1041,30
1041,10
1042,13
1042,35
1042,36
1042,49
1042,58
1042,37
1042,156
1042,41
1042,4
1042,40
1042,34
1043,13
1043,70
1043,67
1043,41
1043,3
1043,17
1043,12
1044,51
1044,35
1044,16
1044,83
1044,75
1044,41
1044,4
1044,40
1045,57
1045,13
1045,14
1045,49
1045,38
1045,4
1046,58
1046,53
1047,57
1047,13
1047,48
1047,19
1047,14
1047,16
1047,144
1047,4
1047,42
1047,33
1047,3
1047,17
1048,3
1049,13
1049,58
1049,67
1049,38
1049,120
1049,34
1050,57
1050,13
1050,69
1050,14
1050,35
1050,31
1050,36
1050,37
1050,21
1050,4
1050,3
1050,6
1050,128
1051,62
1051,55
1051,145
1051,11
1051,6
1052,13
1052,94
1052,14
1052,58
1052,38
1052,61
1052,60
1052,10
1052,34
1053,19
1053,58
1053,62
1053,18
1053,39
1053,27
1054,13
1054,28
1054,19
1054,38
1054,61
1054,3
1054,30
1054,110
1055,14
1055,62
1055,4
1055,10
1055,6
1056,13
1056,28
1056,8
1056,38
1056,66
1056,30
1056,63
1056,11
1056,34
1057,13
1057,38
1057,60
1057,3
1058,13
1058,1
1058,2
1058,59
1058,67
1058,4
1058,3
1058,6
1059,13
1059,102
1059,90
1059,4
1059,3
1060,13
1060,20
1060,35
1061,13
1061,70
1061,51
1061,14
1061,35
1061,83
1061,119
1061,68
1061,38
1061,4
1061,66
1061,63
1061,40
1062,51
1062,19
1062,73
1062,67
1062,52
1062,76
1062,119
1062,68
1062,4
1062,42
1062,60
1062,3
1062,17
1063,95
1063,19
1063,40
1064,19
1065,57
1065,13
1065,68
1065,38
1065,30
1065,3
1065,10
1066,19
1067,75
1067,94
1067,40
1068,51
1068,75
1068,41
1068,4
1068,3
1068,10
1069,13
1069,51
1069,75
1069,4
1069,3
1069,17
1069,10
1070,13
1070,51
1070,75
1070,4
1070,3
1070,17
1070,10
1071,13
1071,19
1071,35
1071,36
1071,37
1071,4
1071,40
1071,34
1071,46
1072,77
1072,58
1072,21
1072,18
1072,27
1073,112
1073,1
1073,14
1073,51
1073,77
1073,35
1073,10
1073,83
1073,75
1073,68
1073,66
1073,12
1073,40
1074,13
1074,92
1074,19
1074,3
1075,48
1075,51
1075,77
1075,70
1075,14
1075,35
1075,36
1075,83
1075,75
1075,68
1075,41
1075,21
1075,4
1075,66
1075,37
1075,34
1076,13
1076,19
1076,31
1076,3
1076,6
1077,56
1077,113
1077,65
1077,1
1077,31
1077,73
1077,21
1077,4
1077,3
1077,10
1078,49
1078,4
1078,42
1078,3
1078,103
1078,12
1079,19
1079,77
1079,27
1080,13
1080,19
1080,32
1080,4
1080,3
1080,6
1081,14
1081,19
1081,26
1081,21
1081,12
1081,64
1081,27
1082,13
1082,28
1082,19
1082,52
1082,4
1082,97
1082,53
1082,3
1082,62
1082,30
1083,19
1083,4
1083,42
1083,62
1083,3
1083,10
1084,13
1084,1
1084,14
1084,67
1084,4
1084,3
1084,17
1084,34
1085,35
1085,67
1085,84
1085,4
1085,3
1086,38
1086,19
1087,13
1087,52
1087,3
1087,4
1087,38
1087,61
1087,60
1087,17
1087,6
1088,13
1088,41
1088,4
1088,3
1088,91
1088,17
1088,6
1089,47
1089,28
1089,19
1089,51
1089,67
1089,119
1089,38
1089,30
1089,3
1090,13
1090,19
1090,31
1090,54
1090,4
1090,62
1090,3
1090,10
1090,6
1090,34
1091,25
1091,19
1091,24
1092,35
1092,81
1092,130
1092,19
1093,94
1093,28
1093,19
1093,51
1093,68
1093,38
1093,4
1093,30
1093,3
1093,10
1094,13
1094,70
1094,55
1094,42
1094,11
1095,57
1095,13
1095,1
1095,4
1095,3
1095,6
1095,46
1096,82
1096,26
1097,82
1098,13
1098,19
1098,3
1099,58
1099,26
1099,18
1099,120
1099,11
1099,12
1100,13
1100,70
1100,32
1100,90
1100,73
1100,5
1100,4
1100,42
1100,81
1100,3
1100,10
1100,6
1101,13
1101,19
1101,58
1101,4
1101,61
1101,3
1101,17
1101,104
1101,34
1102,6
1102,105
1102,19
1103,13
1103,28
1103,26
1103,38
1103,88
1103,30
1103,110
1103,10
1104,13
1104,19
1104,67
1104,4
1104,60
1104,3
1104,110
1105,13
1105,19
1105,49
1105,125
1105,4
1105,3
1105,17
1105,89
1106,13
1106,51
1107,13
1107,44
1107,38
1107,62
1107,61
1107,3
1107,120
1107,10
1107,34
1108,21
1108,19
1108,117
1109,13
1109,35
1109,36
1109,49
1109,37
1109,21
1109,39
1109,110
1109,34
1109,131
1110,27
1111,13
1111,67
1111,3
1112,13
1112,68
1112,60
1112,3
1112,6
1112,71
1113,13
1113,73
1113,38
1113,88
1113,61
1113,10
1113,6
1113,46
1114,13
1114,3
1115,21
1115,19
1116,94
1116,35
1116,36
1116,49
1116,37
1116,63
1116,104
1117,14
1117,35
1117,43
1117,83
1117,75
1117,156
1117,136
1117,66
1117,40
1118,120
1118,95
1118,12
1118,84
1119,13
1119,15
1119,54
1119,41
1119,4
1119,42
1119,81
1119,17
1120,58
1120,49
1121,14
1121,7
1121,35
1121,49
1121,39
1121,109
1121,4
1121,3
1121,63
1121,40
1122,13
1122,14
1122,19
1122,51
1122,35
1122,15
1122,43
1122,16
1122,83
1123,82
1123,30
1124,82
1124,77
1124,41
1124,24
1124,12
1124,27
1125,13
1125,82
1125,29
1125,21
1125,34
1126,13
1126,29
1126,61
1126,76
1127,13
1127,14
1127,35
1127,36
1127,49
1127,37
1127,3
1127,104
1128,120
1128,94
1129,13
1129,50
1129,51
1129,19
1129,49
1129,2
1129,21
1129,41
1129,4
1129,3
1129,105
1129,40
1130,13
1130,65
1130,28
1130,19
1130,38
1130,30
1130,3
1130,103
1130,6
1131,13
1131,112
1131,14
1131,35
1131,36
1131,73
1131,83
1131,75
1131,37
1131,4
1131,12
1131,40
1131,34
1132,38
1132,4
1132,10
1133,82
1133,58
1133,95
1133,21
1133,18
1134,57
1134,13
1134,122
1134,28
1134,49
1134,58
1134,6
1134,21
1134,38
1134,30
1134,3
1134,12
1134,40
1135,13
1135,70
1135,51
1135,59
1135,9
1135,75
1135,4
1135,18
1135,72
1135,10
1135,34
1136,13
1136,28
1136,1
1136,4
1136,62
1136,30
1136,11
1136,10
1137,13
1137,1
1137,14
1137,67
1137,68
1137,4
1137,81
1137,17
1137,10
1137,40
1137,34
1138,13
1138,28
1138,7
1138,43
1138,16
1138,9
1138,134
1138,4
1138,30
1138,3
1138,10
1138,40
1138,34
1139,13
1139,54
1139,58
1139,9
1139,38
1139,62
1139,61
1139,3
1139,11
1140,57
1140,13
1140,19
1140,26
1140,41
1140,60
1140,3
1140,104
1141,156
1141,34
1142,13
1142,1
1142,70
1142,14
1142,35
1142,36
1142,83
1142,37
1142,4
1142,61
1142,17
1142,40
1142,34
1143,75
1143,3
1143,13
1143,32
1144,13
1144,1
1144,68
1144,4
1144,3
1144,6
1145,21
1145,12
1145,40
1146,14
1146,44
1146,21
1146,12
1146,34
1147,126
1147,123
1147,95
1147,8
1148,14
1148,35
1148,36
1148,49
1148,37
1148,38
1148,34
1149,13
1149,70
1149,58
1149,95
1149,61
1149,3
1149,30
1150,13
1150,50
1150,48
1150,35
1150,15
1150,73
1150,38
1150,81
1150,66
1150,3
1150,91
1150,17
1150,30
1150,10
1151,21
1151,12
1151,27
1152,13
1152,38
1152,61
1152,3
1152,120
1153,13
1153,51
1153,49
1153,67
1153,26
1153,75
1153,62
1153,3
1153,17
1154,82
1154,21
1154,18
1154,27
1155,73
1155,62
1155,4
1155,6
1156,13
1156,1
1156,73
1156,52
1156,4
1156,53
1156,81
1156,30
1157,19
1157,51
1157,49
1157,26
1157,3
1158,25
1158,21
1158,19
1158,30
1159,13
1159,70
1159,19
1159,59
1159,4
1159,42
1159,61
1159,3
1159,88
1160,18
1160,21
1160,19
1160,27
1161,95
1161,19
1162,1
1162,73
1162,61
1162,11
1162,40
1162,34
1163,13
1163,14
1163,70
1163,35
1163,49
1163,36
1163,37
1163,38
1163,131
1164,35
1165,21
1165,12
1165,116
1166,70
1166,26
1166,75
1166,4
1166,30
1166,17
1167,56
1167,112
1167,82
1167,35
1167,116
1167,126
1167,107
1167,21
1167,12
1167,27
1168,13
1168,75
1168,38
1168,4
1168,136
1168,3
1168,17
1168,10
1169,96
1169,56
1169,13
1169,126
1169,79
1169,21
1170,11
1170,34
1171,73
1171,59
1171,41
1171,4
1171,62
1171,38
1171,3
1171,17
1172,13
1172,94
1172,19
1172,76
1172,4
1172,3
1172,104
1172,10
1172,6
1173,68
1173,92
1173,19
1174,146
1174,40
1175,82
1175,8
1175,21
1175,45
1175,27
1176,21
1176,27
1176,34
1176,45
1177,13
1177,4
1177,61
1177,3
1177,30
1177,34
1178,27
1178,127
1178,3
1178,110
1178,12
1178,46
1179,102
1179,110
1179,105
1180,150
1180,34
1180,78
1180,26
1180,21
1180,138
1180,124
1180,27
1181,82
1181,21
1181,12
1182,21
1182,77
1182,27
1183,13
1183,62
1183,10
1184,13
1184,19
1184,26
1184,74
1184,4
1184,17
1184,40
1184,46
1185,94
1185,47
1185,14
1185,7
1185,75
1185,68
1185,142
1185,4
1186,28
1186,58
1186,38
1186,30
1186,10
1187,13
1187,47
1187,2
1187,134
1187,53
1187,42
1187,62
1187,152
1188,57
1188,1
1188,118
1188,7
1188,4
1188,53
1188,55
1188,62
1188,10
1188,6
1188,34
1189,87
1189,118
1189,53
1189,3
1189,157
1190,1
1190,118
1190,26
1190,38
1190,24
1191,96
1191,77
1191,44
1191,38
1191,27
1192,82
1192,47
1192,21
1192,93
1192,27
1193,13
1193,54
1193,84
1193,76
1193,4
1193,129
1193,3
1193,105
1193,10
1194,58
1194,64
1194,27
1195,13
1195,65
1195,31
1195,59
1195,4
1195,81
1195,3
1195,10
1196,13
1196,84
1197,57
1197,13
1197,35
1197,75
1197,81
1198,13
1198,10
1198,6
1198,3
1199,57
1199,13
1199,58
1199,52
1199,38
1199,4
1199,30
1199,3
1199,6
1200,13
1200,135
1200,38
1200,4
1200,61
1200,3
1200,105
1200,6
1201,21
1201,77
1201,27
1202,13
1202,102
1202,29
1202,5
1202,10
1202,34
1203,56
1203,113
1203,13
1203,35
1203,61
1203,107
1203,6
1204,13
1204,28
1204,19
1204,8
1204,38
1204,4
1204,18
1204,30
1204,39
1204,10
1204,6
1205,23
1205,21
1205,19
1205,26
1206,56
1206,47
1206,107
1206,27
1207,13
1207,58
1207,26
1207,38
1207,3
1209,96
1209,82
1209,19
1209,146
1209,68
1209,21
1209,136
1209,12
1210,13
1210,1
1210,14
1210,51
1210,35
1210,15
1210,67
1210,75
1210,4
1210,42
1210,81
1210,3
1210,91
1210,117
1210,10
1210,6
1211,95
1211,143
1211,93
1212,56
1212,13
1212,19
1212,59
1212,76
1212,21
1212,3
1212,62
1212,108
1212,66
1212,120
1212,6
1213,87
1213,21
1213,76
1214,13
1214,1
1214,48
1214,70
1214,35
1214,49
1214,36
1214,37
1214,4
1214,40
1214,34
1215,13
1215,28
1215,1
1215,14
1215,19
1215,51
1215,43
1215,5
1215,38
1215,4
1215,42
1215,81
1215,3
1215,30
1215,10
1216,13
1216,19
1216,54
1216,90
1216,4
1216,3
1217,13
1217,47
1217,19
1217,4
1217,34
1219,75
1219,23
1219,19
1220,13
1220,51
1220,54
1220,38
1220,4
1220,61
1220,3
1220,71
1221,13
1221,7
1221,35
1221,2
1221,76
1221,21
1221,4
1221,81
1221,61
1222,13
1222,8
1222,10
1222,34
1222,46
1223,13
1223,7
1223,73
1223,4
1223,10
1223,6
1224,56
1224,12
1224,27
1225,13
1225,19
1225,4
1225,81
1225,3
1225,17
1225,10
1226,23
1226,84
1226,75
1226,153
1226,40
1227,57
1227,13
1227,58
1227,95
1227,38
1227,53
1227,55
1227,30
1227,3
1227,11
1227,10
1228,31
1228,76
1228,4
1228,3
1228,6
1229,1
1229,51
1229,84
1229,75
1229,4
1229,81
1229,129
1229,3
1229,17
1229,10
1229,64
1229,46
1230,19
1231,13
1231,4
1231,61
1231,60
1231,10
1231,6
1232,13
1232,19
1232,21
1232,61
1232,3
1232,34
1233,13
1233,38
1233,61
1233,3
1234,57
1234,13
1234,47
1234,69
1234,19
1234,58
1234,38
1234,4
1234,61
1234,3
1234,10
1235,56
1235,19
1235,120
1235,55
1235,108
1235,3
1235,72
1236,13
1236,50
1236,1
1236,70
1236,35
1236,38
1236,4
1236,42
1236,3
1236,11
1236,110
1236,10
1237,13
1237,94
1237,7
1237,67
1237,52
1237,68
1237,4
1237,62
1237,10
1238,13
1238,19
1238,51
1238,16
1238,84
1238,75
1238,41
1238,142
1238,3
1238,17
1238,10
1239,19
1239,135
1239,76
1239,10
1239,62
1239,3
1239,17
1239,103
1239,12
1240,13
1240,90
1241,37
1241,58
1241,67
1241,26
1242,13
1242,47
1242,1
1242,14
1242,35
1242,36
1242,49
1242,37
1242,38
1242,4
1242,30
1242,40
1242,34
1243,47
1243,70
1243,35
1243,36
1243,26
1243,37
1243,38
1243,4
1243,136
1243,40
1243,34
1244,47
1244,14
1244,35
1244,36
1244,49
1244,37
1244,4
1244,30
1244,40
1244,34
1245,48
1246,13
1246,28
1246,51
1246,44
1246,84
1246,75
1246,38
1246,30
1246,10
1247,21
1247,77
1247,27
1248,79
1248,27
1249,13
1249,28
1249,51
1249,49
1249,68
1249,38
1249,4
1249,30
1249,3
1250,13
1250,21
1250,53
1250,38
1250,66
1250,27
1251,13
1251,112
1251,51
1251,41
1251,4
1251,91
1251,17
1251,103
1251,40
1252,13
1252,1
1252,35
1252,25
1252,61
1253,13
1253,28
1253,1
1253,19
1253,114
1253,31
1253,5
1253,4
1253,62
1253,61
1253,3
1253,30
1253,105
1253,10
1254,75
1254,67
1254,92
1254,40
1255,13
1255,19
1255,32
1255,67
1255,4
1256,79
1256,62
1256,27
1257,13
1257,51
1257,75
1257,4
1257,10
1257,34
1258,13
1258,1
1258,59
1258,4
1258,53
1258,3
1259,13
1259,14
1259,35
1259,36
1259,37
1259,21
1259,38
1259,33
1259,34
1260,13
1260,42
1261,13
1261,1
1261,51
1261,84
1261,75
1261,4
1261,129
1261,17
1261,10
1261,34
1263,136
1263,19
1264,13
1264,1
1264,51
1264,7
1264,35
1264,49
1264,36
1264,37
1264,10
1264,40
1264,34
1265,68
1265,100
1266,56
1266,13
1266,29
1266,109
1266,4
1266,62
1267,13
1267,70
1267,44
1267,61
1267,3
1267,12
1267,6
1267,46
1268,59
1268,26
1269,68
1270,142
1270,130
1270,116
1271,19
1272,116
1272,26
1272,126
1272,68
1272,75
1273,73
1273,38
1273,4
1273,81
1273,61
1273,93
1274,13
1274,50
1274,1
1274,47
1274,51
1274,19
1274,14
1274,67
1274,75
1274,4
1274,42
1274,81
1274,17
1274,10
1274,40
1275,83
1275,26
1275,3
1276,13
1276,28
1276,38
1276,53
1276,4
1276,30
1276,3
1277,13
1277,28
1277,70
1277,53
1277,4
1277,30
1277,3
1278,13
1278,94
1278,14
1278,51
1278,77
1278,35
1278,83
1278,75
1278,38
1278,4
1278,40
1278,34
1278,137
1279,13
1279,6
1279,31
1279,3
1280,13
1280,14
1280,35
1280,36
1280,49
1280,125
1280,37
1280,38
1280,34
1281,34
1282,112
1282,49
1282,126
1282,21
1282,27
1283,13
1283,19
1283,51
1283,135
1283,75
1283,38
1283,4
1283,60
1283,3
1283,30
1283,10
1283,6
1284,13
1284,31
1284,9
1284,4
1284,33
1284,3
1285,14
1285,26
1285,18
1285,3
1285,17
1285,117
1285,10
1286,112
1286,27
1286,77
1286,100
1287,13
1287,1
1287,14
1287,35
1287,36
1287,37
1287,41
1287,4
1287,38
1287,30
1287,40
1288,13
1288,1
1288,19
1288,4
1288,42
1288,3
1289,82
1290,13
1290,44
1290,38
1290,62
1290,61
1290,105
1291,13
1291,14
1291,51
1291,35
1291,36
1291,75
1291,37
1291,106
1291,4
1291,30
1291,40
1292,13
1292,4
1292,6
1292,61
1293,14
1293,35
1293,36
1293,49
1293,144
1293,75
1293,37
1293,41
1293,4
1293,38
1294,56
1294,13
1294,112
1294,51
1294,19
1294,35
1294,54
1294,67
1294,52
1294,10
1294,68
1294,4
1294,17
1294,12
1294,40
1294,71
1295,57
1295,13
1295,70
1295,44
1295,53
1295,61
1295,3
1296,56
1296,13
1296,132
1296,54
1296,83
1296,38
1296,4
1296,66
1296,3
1296,30
1296,104
1296,71
1297,56
1297,65
1297,47
1297,1
1297,13
1297,19
1297,31
1297,14
1297,28
1297,4
1297,30
1297,10
1297,34
1298,56
1298,13
1298,103
1298,28
1298,19
1298,108
1298,3
1298,30
1298,107
1298,71
1299,8
1299,77
1299,27
1300,13
1300,38
1300,30
1300,3
1300,6
1301,86
1301,82
1301,21
1301,34
1301,27
1302,18
1302,27
1303,19
1303,21
1303,4
1303,3
1303,61
1303,66
1304,13
1304,55
1304,3
1304,120
1304,34
1305,34
1305,22
1305,3
1306,14
1306,51
1306,77
1306,74
1306,40
1307,13
1307,35
1307,36
1307,75
1307,37
1307,21
1307,40
1307,34
1308,102
1308,1
1308,14
1308,35
1308,36
1308,37
1308,18
1308,40
1308,34
1309,27
1310,57
1310,13
1310,1
1310,7
1310,5
1310,4
1310,3
1310,105
1310,10
1310,34
1311,19
1311,67
1311,52
1311,4
1311,62
1311,60
1311,3
1312,49
1312,67
1312,45
1312,12
1312,27
1313,13
1313,1
1313,14
1313,7
1313,26
1313,62
1313,18
1313,3
1313,10
1314,56
1314,51
1314,3
1314,66
1314,60
1314,17
1314,6
1314,71
1315,56
1315,13
1315,19
1315,31
1315,76
1315,55
1315,3
1315,10
1315,64
1316,14
1316,35
1316,36
1316,49
1316,16
1316,37
1316,106
1316,30
1317,13
1317,69
1317,135
1317,95
1317,44
1317,76
1317,38
1317,11
1318,138
1318,19
1318,116
1319,13
1319,70
1319,58
1319,44
1319,38
1319,61
1319,3
1319,10
1319,6
1320,56
1320,13
1320,102
1320,58
1320,76
1320,4
1320,3
1321,57
1321,13
1321,28
1321,1
1321,14
1321,31
1321,54
1321,8
1321,38
1321,4
1321,30
1321,3
1322,13
1322,65
1322,1
1322,35
1322,31
1322,81
1322,3
1323,25
1323,19
1323,30
1324,13
1324,47
1324,1
1324,35
1324,4
1324,110
1324,10
1324,34
1324,131
1325,13
1325,1
1325,14
1325,51
1325,67
1325,4
1325,81
1325,17
1325,10
1325,40
1325,34
1326,27
1327,13
1327,19
1327,51
1327,67
1327,68
1327,10
1328,51
1328,38
1328,4
1328,3
1328,17
1329,13
1329,6
1329,34
1329,3
1330,79
1330,19
1330,26
1330,27
1331,56
1331,13
1331,1
1331,9
1331,4
1331,62
1331,108
1331,66
1331,81
1331,33
1331,34
1332,13
1332,50
1332,1
1332,28
1332,4
1332,55
1332,30
1332,40
1333,21
1333,12
1333,27
1334,47
1334,70
1334,14
1334,35
1334,49
1334,36
1334,58
1334,37
1334,109
1334,21
1334,4
1334,30
1334,40
1334,34
1335,19
1336,13
1336,19
1336,38
1336,60
1336,3
1336,34
1337,75
1337,21
1338,38
1338,10
1338,30
1339,13
1339,70
1339,35
1339,36
1339,44
1339,37
1339,38
1339,3
1339,110
1340,13
1340,28
1340,16
1340,59
1340,76
1340,83
1340,4
1340,66
1340,3
1340,30
1340,10
1340,6
1341,13
1341,47
1341,35
1341,36
1341,75
1341,37
1341,4
1341,40
1342,13
1342,31
1342,59
1342,76
1342,4
1342,62
1342,3
1342,105
1342,34
1343,13
1343,4
1343,42
1343,3
1344,77
1344,26
1344,79
1344,21
1344,27
1345,112
1345,1
1345,70
1345,35
1345,36
1345,135
1345,10
1345,37
1345,30
1345,12
1345,40
1346,13
1346,28
1346,1
1346,8
1346,21
1346,53
1346,62
1346,38
1346,30
1346,10
1346,34
1347,58
1347,19
1348,56
1348,31
1348,10
1348,62
1348,81
1348,3
1348,107
1349,62
1349,34
1350,13
1350,48
1350,58
1350,21
1350,139
1350,11
1350,34
1351,67
1351,142
1351,45
1352,13
1352,31
1352,32
1352,90
1352,4
1352,3
1352,105
1353,146
1353,95
1353,74
1353,72
1353,12
1354,13
1354,28
1354,4
1354,30
1354,3
1354,6
1355,73
1355,97
1355,62
1355,4
1355,3
1355,30
1356,13
1356,54
1356,52
1356,4
1356,62
1356,3
1357,11
1357,62
1357,31
1357,3
1358,13
1358,7
1358,4
1358,53
1358,81
1358,3
1358,10
1358,6
1359,4
1359,70
1360,70
1360,51
1360,35
1360,36
1360,83
1360,37
1360,4
1360,136
1361,68
1361,20
1361,136
1362,13
1362,1
1362,38
1362,4
1362,30
1362,3
1362,11
1363,82
1363,12
1363,27
1364,13
1364,115
1365,56
1365,1
1365,51
1365,35
1365,59
1365,84
1365,4
1365,108
1365,129
1365,91
1365,10
1366,10
1366,3
1367,21
1367,19
1367,124
1367,27
1368,13
1368,19
1368,3
1368,104
1368,124
1369,1
1369,73
1369,97
1369,53
1369,62
1369,3
1370,34
1370,26
1370,27
1371,126
1371,21
1371,75
1372,58
1372,21
1372,19
1372,34
1373,13
1373,15
1373,38
1373,4
1373,42
1373,81
1373,3
1373,6
1374,57
1374,4
1374,6
1374,3
1375,13
1375,35
1375,36
1375,49
1375,37
1375,18
1376,13
1376,49
1376,131
1378,85
1378,13
1378,14
1378,77
1378,35
1378,49
1378,36
1378,54
1378,73
1378,37
1378,4
1378,18
1378,33
1378,40
1379,150
1379,87
1379,77
1379,126
1379,21
1379,18
1379,27
1380,19
1380,51
1380,4
1380,3
1380,17
1380,6
1381,13
1381,1
1381,51
1381,15
1381,43
1381,66
1381,10
1381,34
1382,13
1382,49
1383,1
1383,10
1383,6
1384,56
1384,13
1384,1
1384,109
1384,21
1384,55
1384,62
1384,3
1384,64
1385,85
1385,112
1385,28
1385,58
1385,78
1385,30
1385,40
1386,56
1386,111
1386,13
1387,13
1387,103
1387,76
1388,13
1388,28
1388,48
1388,35
1388,36
1388,26
1388,91
1388,37
1388,142
1388,4
1388,3
1388,66
1388,61
1388,42
1388,17
1388,38
1388,30
1388,10
1389,13
1389,94
1389,19
1389,51
1389,15
1389,26
1389,75
1389,81
1389,3
1389,10
1390,13
1390,50
1390,1
1390,2
1390,5
1390,76
1390,21
1390,4
1390,3
1390,6
1391,13
1391,69
1391,44
1391,9
1391,38
1391,61
1391,3
1391,34
1392,86
1392,19
1392,79
1392,21
1392,88
1392,72
1392,12
1392,27
1393,26
1394,13
1394,1
1394,19
1394,2
1394,26
1394,55
1394,10
1395,4
1395,103
1395,13
1396,58
1396,12
1396,26
1396,27
1397,13
1397,14
1397,68
1397,3
1397,17
1397,104
1398,1
1398,35
1398,36
1398,75
1398,37
1398,38
1398,4
1398,81
1398,10
1399,68
1399,40
1400,13
1400,19
1400,8
1400,72
1400,4
1400,55
1400,3
1400,17
1400,105
1400,10
1401,14
1402,136
1403,13
1403,31
1403,4
1403,62
1403,61
1403,3
1403,105
1404,12
1404,44
1405,21
1405,124
1405,27
1406,116
1406,78
1406,26
1406,21
1406,12
1406,34
1406,27
1407,34
1407,27
1408,96
1408,13
1408,70
1408,21
1408,4
1408,61
1409,13
1409,53
1409,115
1410,13
1410,53
1411,35
1411,58
1411,38
1411,4
1411,153
1411,61
1411,62
1411,10
1412,56
1412,13
1412,19
1412,68
1412,4
1412,3
1412,10
1413,13
1413,1
1413,4
1413,53
1413,62
1413,3
1413,81
1413,10
1414,17
1415,56
1415,82
1415,107
1415,21
1415,98
1415,12
1416,56
1416,13
1416,1
1416,29
1416,38
1416,4
1416,53
1417,56
1417,82
1417,8
1417,126
1417,21
1417,107
1418,13
1418,14
1418,35
1418,49
1418,58
1418,38
1418,4
1418,104
1418,40
1418,34
1419,87
1419,116
1419,79
1419,136
1419,27
1420,113
1420,96
1420,44
1420,26
1420,40
1421,13
1421,1
1421,14
1421,15
1421,4
1421,17
1421,10
1421,6
1422,136
1422,44
1423,96
1423,86
1423,19
1423,116
1423,12
1424,56
1424,13
1424,31
1424,74
1424,38
1424,61
1424,3
1424,30
1424,105
1424,10
1425,113
1425,96
1425,28
1425,1
1425,21
1425,30
1426,67
1426,18
1426,27
1427,13
1427,28
1427,19
1427,4
1427,18
1427,61
1427,3
1427,30
1427,103
1428,58
1428,87
1428,21
1428,27
1429,28
1429,54
1429,95
1429,38
1429,30
1429,3
1430,13
1430,70
1430,60
1431,10
1431,2
1432,56
1432,19
1432,67
1432,84
1432,107
1432,34
1432,27
1433,13
1433,44
1433,61
1433,72
1433,105
1434,57
1434,13
1434,28
1434,1
1434,2
1434,76
1434,41
1434,4
1434,53
1434,62
1434,3
1434,30
1434,105
1435,13
1435,1
1435,59
1435,76
1435,38
1435,4
1435,53
1435,30
1435,3
1436,13
1436,67
1436,8
1437,13
1437,19
1437,31
1437,9
1437,62
1437,18
1437,3
1437,72
1437,6
1438,82
1438,77
1438,84
1438,115
1438,27
1439,13
1439,9
1439,75
1439,17
1439,12
1440,19
1440,44
1440,9
1440,18
1440,6
1440,46
1441,82
1442,28
1442,1
1442,84
1442,62
1442,30
1442,3
1442,11
1442,10
1443,68
1443,10
1443,40
1443,26
1444,13
1444,1
1444,9
1444,62
1444,72
1444,12
1444,34
1445,13
1445,109
1445,4
1445,62
1445,11
1445,10
1446,93
1447,7
1447,2
1447,97
1447,62
1447,10
1447,6
1448,13
1448,35
1448,36
1448,2
1448,37
1448,53
1448,10
1449,13
1449,50
1449,14
1449,2
1449,31
1449,10
1449,6
1450,59
1450,4
1450,3
1451,56
1451,110
1451,38
1452,13
1452,94
1452,19
1452,15
1452,38
1452,4
1452,62
1452,81
1452,30
1452,10
1452,6
1453,13
1453,50
1453,1
1453,52
1453,10
1454,13
1454,50
1454,28
1454,70
1454,30
1454,3
1455,56
1455,13
1455,41
1455,38
1455,3
1456,13
1456,28
1456,19
1456,67
1456,68
1456,38
1456,4
1456,30
1456,3
1456,6
1458,13
1458,70
1458,35
1458,83
1458,41
1458,4
1459,13
1459,14
1459,51
1459,35
1459,36
1459,83
1459,37
1459,30
1459,40
1460,13
1460,62
1460,18
1460,134
1461,87
1461,82
1461,77
1461,8
1461,84
1461,21
1461,34
1461,27
1462,19
1462,116
1462,158
1462,62
1462,24
1463,96
1463,87
1463,19
1463,123
1463,21
1463,138
1463,27
1464,96
1464,13
1464,31
1464,58
1464,9
1464,21
1464,41
1464,55
1464,3
1465,94
1465,48
1465,35
1465,75
1465,68
1465,63
1465,40
1466,87
1466,82
1466,47
1466,8
1466,34
1466,27
1467,29
1467,59
1467,41
1467,81
1467,5
1467,10
1468,56
1468,69
1468,31
1468,4
1468,3
1468,120
1469,8
1469,115
1470,13
1470,19
1470,7
1470,105
1470,62
1470,60
1470,110
1470,10
1470,6
1471,113
1471,65
1471,35
1471,136
1471,66
1471,3
1471,101
1472,3
1472,1
1472,84
1472,76
1473,13
1473,69
1473,19
1473,75
1473,3
1473,17
1474,75
1474,100
1475,35
1475,36
1475,49
1475,92
1475,75
1475,37
1475,18
1475,3
1475,40
1476,13
1476,69
1476,29
1476,14
1476,35
1476,73
1476,38
1476,81
1476,3
1476,63
1476,11
1477,56
1477,19
1477,79
1477,107
1477,27
1478,29
1478,19
1478,34
1479,28
1479,1
1479,2
1479,31
1479,76
1479,30
1480,8
1480,21
1480,10
1480,3
1481,13
1481,1
1481,59
1481,62
1481,3
1482,19
1483,19
1484,13
1484,19
1484,21
1484,3
1484,64
1485,13
1485,28
1485,14
1485,78
1485,83
1485,4
1485,30
1485,3
1485,91
1485,10
1485,6
1485,34
1486,57
1486,19
1486,7
1486,147
1486,4
1486,62
1486,60
1486,3
1486,10
1487,75
1487,16
1487,94
1487,3
1488,13
1488,50
1488,19
1488,44
1488,75
1488,4
1488,81
1488,3
1488,10
1490,86
1490,19
1490,77
1490,58
1490,27
1491,148
1491,77
1491,84
1491,79
1491,30
1491,27
1492,13
1492,6
1492,66
1492,3
1493,13
1493,47
1493,1
1493,51
1493,67
1493,75
1493,4
1494,86
1494,34
1494,26
1495,4
1495,84
1496,35
1496,34
1496,84
1497,19
1497,8
1497,84
1497,79
1497,27
1498,56
1498,13
1498,28
1498,69
1498,38
1498,30
1498,3
1499,13
1499,1
1499,70
1499,35
1499,42
1499,61
1500,48
1500,51
1500,16
1500,75
1500,41
1500,3
1500,10
1501,19
1502,75
1502,23
1502,66
1503,58
1503,146
1503,67
1503,18
1503,3
1503,72
1503,12
1503,40
1504,13
1504,102
1504,19
1504,67
1504,44
1504,38
1504,4
1504,110
1505,14
1505,35
1505,49
1505,83
1505,75
1505,38
1505,4
1505,40
1506,1
1506,35
1506,83
1506,75
1506,156
1506,4
1506,133
1506,40
1506,34
1507,82
1507,112
1507,77
1507,130
1507,41
1507,21
1507,12
1507,34
1507,27
1508,51
1508,35
1508,16
1508,83
1508,75
1508,4
1508,133
1508,40
1508,34
1509,56
1509,34
1509,8
1509,26
1509,75
1509,68
1509,107
1509,40
1509,124
1510,19
1510,77
1510,75
1510,68
1510,41
1510,142
1510,27
1511,86
1511,82
1511,21
1511,93
1512,56
1512,13
1512,19
1512,15
1512,26
1512,3
1512,4
1512,108
1512,60
1512,61
1512,10
1513,19
1513,58
1513,4
1513,66
1513,3
1514,87
1514,21
1514,19
1514,117
1515,28
1515,116
1515,75
1515,136
1515,24
1515,30
1516,13
1516,69
1516,19
1516,4
1516,3
1517,82
1517,47
1517,79
1517,21
1517,27
1518,13
1518,14
1518,35
1518,36
1518,49
1518,54
1518,95
1518,75
1518,37
1518,4
1518,104
1519,10
1519,51
1520,13
1520,14
1520,7
1520,9
1520,38
1520,62
1520,30
1520,3
1520,10
1520,6
1521,34
1521,84
1522,6
1522,13
1522,19
1522,60
1523,13
1523,94
1523,28
1523,19
1523,16
1523,38
1523,60
1523,30
1524,13
1524,19
1524,26
1524,84
1524,38
1524,4
1524,53
1524,55
1524,3
1524,62
1524,30
1524,10
1524,6
1525,79
1525,19
1525,40
1525,158
1526,13
1526,14
1526,19
1526,33
1526,3
1526,72
1527,56
1527,92
1528,38
1528,10
1528,44
1529,57
1529,13
1529,94
1529,14
1529,38
1529,3
1529,10
1530,57
1530,13
1530,26
1530,75
1530,60
1530,3
1531,19
1531,66
1532,58
1532,67
1532,77
1532,27
1533,3
1533,4
1533,6
1533,76
1534,56
1534,13
1534,28
1534,1
1534,14
1534,30
1534,3
1534,10
1535,21
1536,13
1536,118
1536,59
1536,62
1536,53
1536,33
1537,13
1537,19
1537,135
1537,53
1537,3
1537,40
1538,94
1538,48
1538,51
1538,35
1538,83
1538,68
1538,142
1538,4
1538,136
1538,66
1538,40
1539,13
1539,38
1539,3
1539,30
1539,66
1540,13
1540,17
1540,19
1540,3
1541,13
1541,19
1541,58
1541,53
1541,3
1542,126
1542,18
1542,67
1542,19
1543,112
1543,28
1543,19
1543,26
1543,30
1543,12
1543,40
1544,56
1544,13
1544,112
1544,19
1544,119
1544,68
1544,3
1544,105
1544,111
1545,13
1545,4
1545,6
1546,13
1546,19
1546,68
1546,4
1546,3
1546,6
1547,13
1547,19
1547,68
1547,3
1547,10
1548,56
1548,13
1548,86
1548,135
1548,108
1548,3
1548,6
1549,13
1549,19
1549,32
1549,4
1549,137
1550,94
1550,28
1550,19
1550,68
1550,38
1550,4
1550,88
1550,30
1550,3
1550,63
1550,6
1551,57
1551,13
1551,68
1551,38
1551,61
1551,3
1551,30
1552,13
1552,112
1552,1
1552,87
1552,73
1552,38
1552,4
1552,34
1553,13
1553,19
1553,51
1553,58
1553,74
1553,68
1553,3
1553,6
1553,34
1554,13
1554,28
1554,1
1554,69
1554,19
1554,54
1554,59
1554,52
1554,4
1554,30
1554,3
1555,87
1555,21
1555,24
1555,3
1555,46
1556,96
1556,21
1556,19
1557,56
1557,13
1557,70
1557,58
1557,53
1557,108
1557,3
1558,82
1558,3
1559,66
1560,56
1560,13
1560,19
1560,31
1560,4
1560,3
1561,13
1561,4
1562,100
1563,13
1563,19
1563,51
1563,4
1563,3
1563,17
1564,13
1564,35
1564,36
1564,73
1564,37
1564,38
1564,4
1564,61
1564,60
1564,30
1564,40
1565,13
1565,28
1565,51
1565,35
1565,36
1565,52
1565,75
1565,68
1565,37
1565,38
1565,136
1565,30
1565,3
1565,40
1566,13
1566,1
1566,70
1566,35
1566,73
1566,52
1566,84
1566,81
1566,110
1566,6
1567,75
1567,26
1568,96
1568,86
1568,82
1568,84
1568,21
1568,24
1568,115
1568,34
1568,27
1569,14
1569,7
1569,49
1569,58
1569,38
1569,40
1569,34
1570,56
1570,13
1570,29
1570,19
1570,68
1570,108
1570,6
1571,19
1571,44
1572,112
1572,87
1572,77
1572,26
1572,24
1572,27
1573,13
1573,19
1573,32
1573,4
1573,6
1574,13
1574,28
1574,19
1574,21
1574,38
1574,30
1575,57
1575,28
1575,70
1575,97
1575,62
1575,4
1575,30
1576,3
1577,87
1577,82
1577,46
1577,34
1577,27
1578,87
1578,21
1578,138
1578,34
1578,27
1579,132
1579,26
1579,18
1579,30
1579,12
1580,87
1580,1
1580,73
1580,10
1580,97
1580,62
1580,30
1580,3
1580,12
1580,34
1581,13
1581,68
1581,62
1581,54
1582,13
1582,54
1582,43
1582,67
1582,41
1582,61
1582,17
1582,10
1582,34
1583,30
1583,136
1583,19
1583,26
1584,11
1584,87
1584,27
1585,14
1586,13
1586,19
1586,43
1586,67
1586,41
1586,61
1586,17
1586,34
1587,57
1587,13
1587,31
1587,3
1588,13
1588,43
1588,156
1588,41
1588,18
1588,61
1588,40
1589,14
1589,12
1589,18
1590,20
1590,19
1590,24
1590,158
1591,13
1591,43
1591,67
1591,41
1591,33
1591,17
1592,112
1592,77
1592,116
1592,26
1592,12
1592,27
1593,13
1593,43
1593,84
1593,41
1593,4
1593,61
1593,17
1593,34
1594,13
1594,28
1594,32
1594,38
1594,4
1594,30
1594,3
1594,63
1595,13
1595,112
1595,1
1595,70
1595,51
1595,14
1595,35
1595,73
1595,76
1595,38
1595,4
1595,88
1595,11
1595,40
1595,34
1596,13
1596,43
1596,41
1596,4
1596,61
1596,17
1596,34
1597,13
1597,1
1597,44
1597,38
1597,3
1597,11
1598,11
1598,40
1598,49
1599,23
1599,19
1600,77
1600,67
1600,126
1600,18
1600,120
1600,27
1601,58
1601,44
1601,38
1601,62
1601,104
1602,13
1602,94
1602,132
1602,28
1602,15
1602,38
1602,30
1602,3
1602,10
1603,21
1603,110
1603,86
1603,46
1604,56
1604,13
1604,15
1604,84
1604,41
1604,4
1604,42
1604,10
1604,34
1605,65
1605,69
1605,19
1605,4
1605,3
1606,13
1606,47
1606,51
1606,116
1606,35
1606,15
1606,16
1606,36
1606,75
1606,37
1606,4
1606,81
1606,10
1606,40
1606,34
1607,13
1607,47
1607,1
1607,14
1607,35
1607,36
1607,49
1607,37
1607,21
1607,30
1607,110
1607,40
1607,34
1608,86
1608,21
1608,27
1608,84
1610,113
1610,13
1610,1
1610,35
1610,2
1610,21
1610,4
1610,38
1610,61
1610,30
1610,11
1610,105
1610,10
1610,34
1610,131
1611,56
1611,13
1611,31
1611,42
1611,61
1612,13
1612,35
1612,4
1612,34
1612,131
1613,13
1613,1
1613,7
1613,31
1613,21
1613,6
1613,64
1614,13
1614,7
1614,35
1614,158
1614,36
1614,73
1614,10
1614,37
1614,38
1614,4
1614,42
1614,62
1614,91
1614,12
1615,56
1615,13
1615,28
1615,8
1615,38
1615,30
1615,10
1615,111
1616,38
1617,56
1617,13
1617,102
1617,19
1617,41
1617,4
1617,3
1618,26
1619,57
1619,113
1619,13
1619,1
1619,70
1619,19
1619,34
1619,58
1619,44
1619,38
1619,4
1619,10
1619,93
1620,13
1620,34
1620,1
1620,51
1620,7
1620,84
1620,75
1620,4
1620,129
1620,10
1620,71
1621,12
1621,34
1622,13
1622,1
1622,35
1622,2
1622,15
1622,59
1622,75
1622,41
1622,4
1622,17
1623,1
1623,4
1623,53
1623,62
1623,30
1623,34
1624,13
1625,13
1625,82
1625,34
1625,21
1625,115
1625,12
1625,124
1625,27
1626,13
1626,132
1626,73
1626,76
1626,4
1626,97
1626,61
1626,3
1626,53
1626,6
1627,28
1627,62
1627,4
1627,30
1627,3
1628,13
1628,73
1628,97
1628,3
1629,21
1629,27
1630,13
1630,1
1630,26
1630,38
1630,4
1630,53
1630,62
1630,3
1630,30
1631,13
1631,35
1631,19
1631,43
1631,81
1631,60
1631,20
1632,13
1632,1
1632,29
1632,51
1632,70
1632,59
1632,75
1632,4
1632,42
1632,129
1632,91
1632,17
1632,10
1632,34
1633,1
1633,51
1633,4
1633,10
1633,40
1634,94
1634,35
1634,16
1634,83
1634,75
1634,4
1635,14
1635,77
1635,35
1635,16
1635,83
1635,75
1635,156
1635,21
1635,4
1635,39
1635,34
1635,137
1636,13
1636,70
1636,19
1636,35
1636,36
1636,58
1636,26
1636,75
1636,37
1636,4
1636,17
1636,34
1637,13
1637,1
1637,35
1637,36
1637,83
1637,37
1637,109
1637,4
1637,34
1637,157
1638,13
1638,1
1638,14
1638,51
1638,35
1638,83
1638,75
1638,4
1638,145
1639,73
1639,4
1639,10
1640,13
1640,94
1640,1
1640,51
1640,67
1640,41
1640,4
1640,34
1641,57
1641,94
1641,16
1641,75
1641,68
1641,41
1641,3
1642,51
1642,35
1642,36
1642,16
1642,73
1642,75
1642,37
1642,4
1642,66
1642,157
1643,14
1644,95
1644,34
1644,124
1645,13
1645,19
1645,68
1645,4
1645,155
1645,3
1646,13
1646,59
1646,84
1646,75
1646,38
1646,4
1646,33
1646,3
1646,63
1646,10
1646,17
1647,21
1648,13
1648,1
1648,2
1648,38
1648,10
1649,34
1649,19
1649,26
1650,35
1650,26
1650,78
1650,124
1651,13
1651,48
1651,35
1651,2
1651,38
1651,4
1651,3
1651,17
1651,10
1652,56
1652,8
1652,38
1652,30
1652,111
1653,50
1653,1
1653,35
1653,76
1653,21
1653,34
1654,13
1654,1
1654,54
1654,68
1654,38
1654,4
1654,42
1655,27
1655,34
1655,84
1656,116
1656,67
1656,21
1656,136
1656,12
1656,40
1656,34
1656,27
1657,96
1657,27
1657,44
1657,126
1657,37
1657,12
1657,46
1658,65
1658,28
1658,19
1658,32
1658,76
1658,4
1658,30
1658,3
1658,6
1658,34
1659,13
1659,67
1659,104
1659,19
1660,58
1660,27
1661,12
1661,27
1662,13
1662,1
1662,78
1662,44
1662,76
1662,62
1663,13
1663,19
1663,31
1663,32
1663,35
1663,73
1663,76
1663,4
1663,61
1664,13
1664,11
1664,10
1664,118
1665,57
1665,28
1665,26
1665,38
1665,4
1665,61
1665,30
1666,57
1666,13
1666,28
1666,16
1666,59
1666,76
1666,4
1666,155
1666,30
1666,3
1666,10
1667,56
1667,31
1667,21
1667,53
1667,111
1667,40
1668,13
1668,1
1668,70
1668,19
1668,26
1668,55
1668,62
1668,24
1668,3
1669,21
1669,1
1669,6
1670,14
1670,35
1670,36
1670,16
1670,75
1670,37
1670,41
1670,4
1670,5
1670,34
1671,56
1671,57
1671,85
1671,69
1671,13
1671,19
1671,31
1671,86
1671,79
1671,68
1671,21
1671,4
1671,98
1671,66
1671,3
1671,62
1671,38
1671,27
1672,13
1672,19
1672,51
1672,6
1672,42
1672,81
1672,3
1672,17
1672,117
1672,40
1673,13
1673,1
1673,19
1673,134
1673,4
1673,42
1673,53
1673,10
1673,34
1674,19
1674,26
1675,69
1675,19
1675,18
1675,3
1675,64
1676,13
1676,70
1676,35
1676,73
1676,76
1676,4
1676,42
1676,3
1676,11
1676,10
1677,13
1677,29
1677,34
1678,82
1678,27
1679,13
1679,19
1680,13
1680,9
1680,68
1680,38
1680,3
1680,72
1681,26
1682,21
1682,27
1682,84
1683,87
1683,19
1683,8
1683,44
1683,26
1683,12
1683,34
1683,27
1684,13
1684,59
1684,4
1684,42
1684,62
1684,10
1685,13
1685,62
1685,4
1686,86
1686,19
1686,27
1687,57
1687,13
1687,1
1687,54
1687,5
1687,3
1687,10
1688,68
1689,8
1689,12
1689,40
1689,27
1690,56
1690,29
1690,70
1690,44
1690,10
1690,21
1690,55
1690,12
1690,40
1690,34
1691,19
1691,58
1691,44
1691,21
1691,12
1691,34
1692,94
1692,76
1692,38
1692,4
1692,3
1693,94
1693,50
1693,7
1693,77
1693,43
1693,26
1693,126
1693,41
1693,4
1693,18
1693,66
1693,110
1693,103
1693,40
1694,126
1694,27
1695,13
1695,73
1695,59
1695,4
1695,53
1695,62
1695,81
1695,30
1695,6
1695,34
1696,19
1697,13
1697,1
1697,51
1697,52
1697,10
1697,4
1697,88
1697,3
1697,12
1697,40
1698,82
1698,14
1698,78
1698,26
1698,84
1698,24
1698,34
1699,85
1699,13
1699,35
1699,19
1699,49
1699,36
1699,37
1699,4
1700,77
1700,67
1700,21
1700,40
1700,27
1701,75
1701,17
1701,4
1701,13
1702,56
1702,13
1702,58
1702,53
1702,3
1702,11
1702,111
1703,13
1703,73
1703,5
1703,76
1703,4
1703,62
1703,61
1703,3
1703,110
1703,10
1703,6
1704,13
1704,19
1704,21
1704,3
1704,34
1705,23
1705,19
1705,30
1706,56
1706,73
1706,78
1706,13
1707,13
1707,19
1707,9
1707,55
1707,3
1707,64
1708,14
1708,35
1708,43
1708,9
1708,83
1708,75
1708,156
1708,66
1708,39
1708,103
1708,40
1708,34
1709,10
1709,76
1709,53
1709,3
1709,103
1710,58
1710,26
1710,124
1710,27
1711,116
1711,79
1711,75
1711,21
1711,136
1711,34
1712,13
1712,28
1712,1
1712,38
1712,62
1712,61
1712,3
1712,30
1712,6
1713,13
1713,8
1713,76
1713,21
1713,11
1713,34
1714,13
1714,35
1714,38
1714,81
1714,61
1715,86
1715,77
1715,35
1715,95
1715,44
1715,76
1715,21
1715,72
1715,27
1716,86
1716,72
1716,12
1716,34
1717,13
1717,40
1717,26
1718,56
1718,13
1718,102
1718,29
1718,21
1719,13
1719,51
1719,43
1719,67
1719,4
1719,61
1719,10
1719,34
1720,34
1721,13
1721,43
1721,156
1721,81
1721,61
1721,40
1721,34
1722,119
1722,1
1722,6
1722,34
1723,56
1723,13
1723,29
1723,7
1723,31
1723,8
1723,61
1724,1
1724,62
1724,81
1724,10
1724,6
1724,34
1725,21
1725,98
1726,13
1726,67
1726,68
1726,3
1726,17
1726,103
1727,19
1728,58
1728,62
1728,26
1729,19
1729,53
1729,4
1729,62
1729,34
1730,13
1730,1
1730,15
1730,26
1730,38
1730,4
1730,24
1731,112
1731,38
1731,30
1732,19
1732,95
1732,44
1732,38
1732,153
1733,13
1733,94
1733,20
1733,19
1734,13
1734,51
1734,19
1734,35
1734,59
1734,8
1734,84
1734,75
1734,4
1734,42
1734,62
1734,129
1734,91
1734,110
1734,10
1734,34
1734,131
1735,19
1735,100
1736,1
1736,35
1736,144
1736,26
1736,83
1736,75
1736,41
1736,3
1736,34
1737,13
1737,86
1737,29
1737,31
1737,44
1737,38
1737,60
1738,13
1738,38
1739,13
1739,39
1739,53
1739,4
1739,55
1739,62
1739,72
1739,6
1739,34
1740,14
1740,19
1740,44
1740,38
1740,18
1740,61
1740,30
1740,39
1741,56
1741,13
1741,76
1742,13
1742,14
1742,43
1742,146
1742,38
1742,40
1742,34
1743,56
1743,13
1743,28
1743,19
1743,68
1743,38
1743,30
1743,3
1743,64
1743,71
1744,19
1744,59
1744,26
1744,84
1744,75
1744,4
1744,34
1745,13
1745,19
1745,31
1745,32
1745,21
1745,4
1745,61
1745,3
1745,105
1747,35
1747,51
1747,83
1747,75
1747,40
1748,13
1748,35
1748,36
1748,49
1748,37
1748,4
1748,18
1748,40
1749,57
1749,13
1749,19
1749,44
1749,38
1749,3
1750,86
1750,159
1750,12
1750,19
1751,19
1751,30
1752,13
1752,35
1752,15
1752,38
1752,4
1752,30
1752,10
1752,34
1753,56
1753,13
1753,69
1753,76
1753,11
1754,28
1754,1
1754,14
1754,16
1754,83
1754,4
1754,42
1754,30
1754,3
1754,117
1754,10
1755,19
1756,47
1756,27
1757,35
1757,51
1757,8
1757,84
1757,75
1757,41
1758,58
1758,19
1758,22
1759,96
1760,13
1760,97
1760,3
1761,51
1761,32
1761,68
1761,41
1761,4
1761,3
1761,6
1762,13
1762,19
1762,35
1762,16
1762,4
1762,61
1762,60
1762,131
1763,126
1763,77
1763,27
1764,35
1764,19
1764,36
1764,147
1764,37
1764,3
1765,37
1765,35
1765,40
1765,36
1766,75
1766,58
1767,75
1767,136
1768,75
1768,19
1769,58
1769,90
1769,67
1769,26
1769,3
1769,27
1770,13
1770,19
1770,41
1770,4
1770,3
1770,91
1770,89
1771,13
1771,19
1771,68
1771,3
1771,71
1772,13
1772,70
1772,19
1772,59
1772,38
1772,62
1772,30
1772,3
1773,13
1773,50
1773,155
1773,66
1773,3
1774,35
1774,118
1774,40
1775,95
1775,21
1775,120
1775,12
1775,27
1776,56
1776,31
1776,76
1776,74
1776,4
1776,3
1776,10
1777,56
1777,76
1777,38
1777,108
1777,3
1778,56
1778,120
1778,107
1778,71
1779,13
1779,1
1779,31
1779,73
1779,21
1779,81
1779,30
1779,3
1780,19
1780,77
1780,34
1780,27
1781,79
1781,21
1781,18
1781,27
1782,13
1782,19
1782,31
1782,3
1783,38
1783,10
1783,44
1783,30
1784,13
1784,4
1784,3
1784,11
1784,10
1785,56
1785,13
1785,1
1785,2
1785,38
1785,3
1785,11
1785,111
1786,13
1786,47
1786,14
1786,19
1786,51
1786,15
1786,68
1786,41
1786,142
1786,66
1787,13
1787,58
1787,38
1788,56
1788,13
1788,8
1788,38
1788,30
1789,56
1789,13
1789,19
1789,135
1789,67
1789,63
1789,11
1789,111
1790,13
1790,94
1790,66
1791,67
1791,146
1791,95
1791,76
1791,21
1792,13
1792,70
1792,59
1792,26
1792,75
1792,4
1792,97
1792,17
1793,96
1793,13
1793,70
1793,59
1793,62
1793,66
1793,5
1794,13
1794,1
1794,97
1794,62
1794,81
1794,3
1794,30
1794,10
1795,82
1795,21
1795,47
1795,27
1796,1
1796,19
1796,4
1796,97
1796,53
1796,3
1796,30
1796,6
1797,82
1797,21
1797,115
1798,19
1798,58
1798,26
1798,68
1798,30
1798,12
1799,19
1799,83
1799,21
1799,4
1799,145
1799,3
1799,6
1800,19
1800,59
1800,52
1800,68
1800,4
1800,3
1801,13
1802,51
1802,35
1802,43
1802,83
1802,75
1802,4
1802,61
1802,91
1802,34
1803,75
1803,41
1803,10
1803,51
1804,56
1804,21
1804,107
1804,34
1804,27
1805,113
1805,13
1805,1
1805,48
1805,14
1805,15
1805,73
1805,62
1805,42
1805,5
1805,11
1805,6
1806,56
1806,65
1806,13
1806,29
1806,31
1806,15
1806,90
1806,4
1806,88
1807,47
1807,132
1807,21
1807,34
1807,27
1808,82
1808,26
1808,21
1808,24
1808,27
1809,56
1809,113
1809,13
1809,35
1809,31
1809,76
1809,21
1809,131
1810,56
1810,1
1810,19
1810,31
1810,8
1810,4
1810,3
1810,110
1811,38
1811,3
1811,11
1811,110
1811,6
1812,56
1812,31
1812,52
1812,10
1812,68
1812,4
1812,81
1812,3
1812,17
1812,12
1812,71
1813,56
1813,57
1813,65
1813,28
1813,7
1813,31
1813,2
1813,59
1813,4
1813,88
1813,66
1813,3
1813,30
1813,64
1814,56
1814,65
1814,132
1814,31
1814,4
1814,66
1814,3
1814,34
1814,89
1815,56
1815,13
1815,69
1815,15
1815,38
1815,30
1815,3
1815,6
1816,1
1816,70
1816,51
1816,59
1816,41
1816,4
1816,3
1816,17
1816,10
1817,56
1817,13
1817,29
1817,48
1817,35
1817,73
1817,59
1817,44
1817,52
1817,38
1817,4
1817,81
1817,3
1817,12
1817,6
1818,56
1818,13
1818,48
1818,51
1818,59
1818,8
1818,9
1818,4
1818,3
1818,10
1818,131
1819,79
1819,19
1820,38
1820,30
1820,3
1820,120
1820,11
1821,56
1821,85
1821,58
1821,44
1821,142
1821,38
1821,30
1821,3
1821,110
1821,111
1822,102
1822,19
1822,67
1822,4
1822,63
1822,6
1823,28
1823,19
1823,16
1823,8
1823,30
1824,56
1824,54
1824,58
1824,26
1824,38
1824,61
1824,3
1824,71
1825,47
1825,14
1825,35
1825,36
1825,49
1825,37
1825,4
1825,40
1826,13
1826,1
1826,14
1826,77
1826,19
1826,58
1826,44
1826,38
1826,104
1826,34
1826,27
1827,13
1827,17
1827,40
1827,42
1828,30
1829,58
1829,67
1829,27
1830,13
1830,70
1830,59
1830,125
1830,26
1830,84
1830,75
1830,38
1830,4
1830,153
1830,136
1830,129
1830,17
1830,34
1831,27
1832,13
1832,1
1832,19
1832,55
1832,3
1832,10
1833,57
1833,76
1833,4
1833,3
1833,34
1834,56
1834,13
1834,31
1834,4
1834,3
1834,10
1834,64
1835,13
1835,4
1835,42
1835,62
1835,3
1835,81
1835,105
1835,10
1836,96
1836,19
1837,57
1837,1
1837,51
1837,35
1837,59
1837,84
1837,75
1837,63
1837,4
1837,81
1837,3
1837,17
1837,10
1838,13
1838,1
1838,35
1838,4
1838,62
1838,61
1838,3
1838,10
1838,131
1839,137
1839,19
1839,51
1839,88
1839,81
1839,3
1839,40
1839,34
1839,89
1840,126
1840,21
1840,12
1840,98
1841,56
1841,146
1841,142
1841,136
1841,107
1841,27
1842,12
1842,40
1842,93
1842,27
1843,1
1843,38
1843,62
1843,30
1843,3
1844,13
1844,28
1844,8
1844,21
1844,4
1844,38
1844,30
1844,3
1844,34
1845,13
1845,28
1845,1
1845,70
1845,19
1845,97
1845,30
1845,3
1846,19
1846,7
1846,43
1846,4
1846,3
1846,10
1847,13
1847,122
1847,134
1847,53
1847,30
1847,3
1847,104
1848,38
1848,4
1848,30
1848,3
1848,10
1849,13
1849,69
1849,19
1849,7
1849,158
1849,38
1849,4
1849,3
1849,10
1849,6
1850,96
1850,72
1850,12
1850,40
1851,13
1851,35
1851,8
1851,75
1851,3
1851,17
1851,10
1851,131
1852,57
1852,26
1852,41
1852,38
1852,61
1852,3
1852,30
1852,17
1852,10
1852,40
1853,4
1853,3
1853,11
1853,10
1853,6
1854,86
1854,26
1854,21
1854,88
1854,72
1855,4
1855,46
1856,58
1856,18
1857,56
1857,10
1857,4
1857,60
1857,3
1857,107
1857,34
1858,28
1858,75
1858,4
1858,30
1858,3
1858,6
1858,40
1859,14
1859,12
1859,10
1859,3
1860,75
1860,68
1860,30
1860,116
1861,112
1861,82
1861,7
1861,21
1861,3
1862,13
1862,51
1862,9
1862,75
1862,41
1862,4
1862,3
1863,28
1863,19
1863,44
1863,76
1863,30
1864,13
1864,19
1864,51
1864,68
1864,4
1864,81
1864,3
1864,17
1864,10
1864,6
1865,56
1865,68
1865,4
1865,71
1866,1
1866,62
1866,6
1867,62
1867,1
1867,4
1867,3
1868,73
1868,4
1868,61
1868,10
1869,56
1869,31
1869,9
1869,21
1869,55
1869,3
1869,46
1870,19
1870,44
1870,79
1870,38
1870,12
1871,16
1871,62
1871,61
1872,49
1872,44
1872,26
1872,38
1872,3
1872,40
1873,56
1873,29
1874,56
1874,65
1874,50
1874,1
1874,51
1874,84
1874,41
1874,4
1874,129
1875,13
1875,58
1875,52
1875,38
1875,4
1875,53
1875,61
1875,3
1875,62
1875,10
1876,8
1876,44
1876,26
1876,12
1876,27
1877,113
1877,35
1877,114
1877,26
1877,38
1877,136
1877,61
1877,30
1878,56
1878,65
1878,94
1878,28
1878,38
1878,4
1878,30
1878,3
1878,10
1879,56
1879,41
1879,21
1879,108
1879,34
1880,13
1880,84
1880,18
1880,11
1880,34
1880,100
1881,84
1882,56
1882,94
1882,19
1882,3
1882,10
1882,6
1882,71
1883,19
1883,32
1883,52
1883,4
1883,3
1883,133
1883,6
1884,56
1884,13
1884,87
1884,47
1884,19
1884,6
1884,153
1884,20
1884,10
1884,111
1885,56
1885,21
1885,107
1885,12
1885,34
1885,27
1886,12
1886,129
1887,13
1887,51
1887,59
1887,26
1887,75
1887,4
1887,3
1887,17
1888,13
1888,51
1888,75
1888,33
1888,10
1888,34
1889,56
1889,13
1889,32
1889,3
1889,38
1889,153
1889,108
1889,60
1889,33
1889,63
1889,6
1890,24
1890,27
1891,13
1891,1
1891,51
1891,58
1891,75
1891,38
1891,4
1891,53
1891,66
1891,3
1891,88
1891,62
1891,30
1891,6
1892,56
1892,34
1892,33
1892,3
1892,107
1892,12
1892,40
1892,27
1893,56
1893,19
1893,21
1893,24
1893,107
1894,19
1894,51
1894,3
1894,10
1894,6
1895,56
1895,13
1895,69
1895,19
1895,4
1895,53
1895,3
1895,91
1895,64
1896,13
1896,35
1896,73
1896,76
1896,4
1896,81
1896,6
1897,56
1897,1
1897,19
1897,84
1897,4
1897,61
1897,3
1897,107
1898,56
1898,13
1898,31
1898,84
1898,4
1898,66
1898,3
1898,11
1899,56
1899,19
1899,26
1899,160
1899,64
1899,27
1900,13
1900,28
1900,19
1900,35
1900,36
1900,83
1900,37
1900,30
1900,3
1900,40
1901,75
1901,23
1902,75
1902,146
1903,82
1903,58
1903,126
1903,79
1903,24
1903,93
1903,27
1904,51
1904,8
1904,75
1904,41
1904,4
1904,110
1905,136
1905,40
1906,56
1906,82
1906,76
1906,98
1906,107
1907,13
1907,48
1907,44
1907,38
1907,4
1907,153
1907,61
1907,81
1907,11
1908,13
1908,1
1908,48
1908,51
1908,15
1908,8
1908,84
1908,4
1908,42
1908,129
1908,33
1908,10
1909,19
1909,4
1909,53
1909,3
1909,11
1909,6
1910,85
1910,13
1910,14
1910,35
1910,36
1910,49
1910,52
1910,37
1910,4
1910,30
1910,63
1910,40
1910,34
1910,131
1911,13
1911,47
1911,1
1911,51
1911,35
1911,36
1911,43
1911,75
1911,37
1911,4
1911,40
1911,34
1912,13
1912,6
1912,60
1912,3
1913,13
1913,3
1914,19
1914,3
1914,4
1914,33
1914,61
1914,66
1914,10
1914,6
1915,57
1915,69
1915,38
1915,3
1916,126
1916,24
1916,27
1917,75
1917,21
1918,58
1918,23
1918,19
1918,100
1919,56
1919,13
1919,34
1919,5
1919,3
1919,10
1919,6
1919,71
1920,59
1920,4
1920,19
1920,3
1921,13
1921,28
1921,19
1921,59
1921,52
1921,41
1921,4
1921,30
1921,3
1922,1
1922,26
1922,4
1922,53
1922,3
1922,34
1923,58
1923,146
1923,12
1923,40
1923,34
1924,18
1924,68
1924,136
1924,44
1925,82
1925,21
1926,56
1926,31
1926,109
1926,53
1926,62
1926,3
1927,13
1927,84
1927,38
1927,3
1927,91
1927,10
1928,56
1928,82
1928,21
1928,107
1928,93
1928,27
1929,13
1929,19
1929,147
1929,4
1929,81
1929,63
1929,10
1929,6
1930,56
1930,19
1930,78
1930,25
1930,107
1930,12
1930,27
1931,30
1932,30
1932,26
1932,24
1933,56
1933,13
1933,51
1933,84
1933,41
1933,4
1933,129
1933,3
1933,10
1934,116
1934,23
1934,78
1934,26
1934,75
1935,6
1935,11
1935,38
1935,44
1936,75
1936,26
1937,130
1938,13
1938,35
1938,116
1938,36
1938,16
1938,75
1938,37
1938,41
1938,4
1938,136
1938,3
1939,75
1939,116
1940,13
1940,94
1940,38
1940,60
1940,3
1940,30
1940,63
1940,6
1941,13
1941,51
1941,84
1941,75
1941,4
1941,3
1941,34
1942,13
1942,1
1942,14
1942,26
1942,3
1942,117
1943,51
1943,35
1943,16
1943,83
1943,75
1943,41
1943,4
1944,51
1944,35
1944,43
1944,83
1944,75
1944,4
1944,61
1944,91
1944,34
1945,3
1946,75
1946,116
1947,13
1947,28
1947,3
1947,4
1947,61
1947,66
1947,30
1947,10
1947,6
1948,13
1948,1
1948,35
1948,4
1948,3
1949,23
1949,26
1950,13
1950,28
1950,19
1950,54
1950,74
1950,42
1950,30
1950,3
1950,39
1950,10
1950,6
1950,34
1951,13
1951,1
1951,8
1951,38
1951,81
1951,60
1951,63
1951,11
1951,10
1951,6
1952,56
1952,1
1952,30
1952,108
1952,6
1953,13
1953,1
1953,19
1953,4
1953,53
1953,62
1953,30
1953,91
1953,10
1953,6
1953,34
1954,13
1954,28
1954,2
1954,59
1954,26
1954,4
1954,42
1954,66
1954,30
1955,13
1955,8
1955,84
1956,134
1956,3
1957,3
1958,57
1958,58
1958,75
1958,38
1958,4
1958,61
1958,110
1959,75
1959,51
1959,84
1960,96
1960,46
1960,3
1961,57
1961,19
1962,86
1962,82
1962,47
1962,11
1962,12
1962,27
1963,57
1963,76
1963,4
1963,88
1963,66
1963,3
1963,10
1964,56
1964,72
1964,38
1964,55
1965,50
1965,1
1965,14
1965,35
1965,36
1965,49
1965,37
1965,38
1965,4
1965,34
1966,14
1966,49
1966,58
1966,21
1966,34
1967,21
1967,19
1968,2
1968,54
1968,90
1968,21
1968,4
1968,97
1968,53
1968,3
1968,10
1969,119
1969,68
1969,142
1969,136
1969,160
1969,53
1970,95
1970,21
1970,8
1971,70
1971,5
1971,4
1971,42
1971,3
1971,10
1971,6
1972,28
1972,1
1972,52
1972,62
1972,4
1972,30
1972,3
1973,57
1973,19
1973,54
1973,60
1973,3
1973,10
1974,75
1974,40
1975,28
1975,6
1975,30
1976,1
1976,51
1976,75
1976,41
1976,4
1976,3
1976,10
1977,67
1977,1
1977,61
1978,21
1979,14
1979,19
1979,51
1979,68
1979,4
1979,33
1979,17
1979,6
1979,34
1980,56
1980,96
1980,19
1980,21
1980,107
1980,27
1981,35
1981,73
1981,10
1981,4
1981,81
1981,3
1981,17
1981,12
1982,82
1982,12
1982,27
1983,110
1983,4
1983,3
1984,55
1984,53
1984,3
1985,82
1985,47
1986,82
1986,26
1986,84
1987,13
1987,47
1987,70
1987,14
1987,35
1987,49
1987,36
1987,37
1987,21
1987,30
1987,40
1988,28
1988,53
1988,4
1988,30
1988,3
1989,58
1989,12
1989,149
1989,22
1990,53
1990,4
1990,3
1991,19
1991,3
1992,93
1993,13
1993,1
1993,14
1993,4
1993,53
1993,3
1993,117
1994,57
1994,13
1994,51
1994,67
1994,52
1994,4
1994,17
1994,10
1994,40
1995,13
1995,19
1995,15
1995,38
1995,4
1995,62
1995,81
1995,3
1995,91
1995,30
1995,10
1995,6
1996,13
1996,1
1996,7
1996,73
1996,8
1996,38
1996,4
1996,60
1996,30
1996,110
1996,34
1997,13
1997,1
1997,116
1997,10
1997,41
1997,12
1998,13
1998,28
1998,1
1998,70
1998,118
1998,73
1998,5
1998,52
1998,76
1998,4
1998,30
1998,3
1998,91
1998,11
1998,6
1999,21
1999,12
1999,93
1999,27
2000,28
2000,10
2000,38
2000,30
2000,12
2001,82
2001,27
2002,82
2004,13
2004,1
2004,70
2004,15
2004,16
2004,4
2004,62
2004,5
2004,11
2004,10
2006,19
2006,58
2006,67
2006,125
2006,44
2006,38
2006,110
2007,126
2007,53
2007,27
2007,84
2008,13
2008,14
2008,19
2008,16
2008,76
2008,10
2008,38
2008,4
2008,42
2008,61
2008,3
2008,62
2008,12
2009,77
2009,116
2009,68
2009,21
2009,129
2009,27
2010,21
2010,12
2010,40
2011,13
2011,1
2011,51
2011,59
2011,84
2011,4
2011,3
2011,10
2011,34
2012,116
2012,114
2012,139
2012,12
2012,40
2013,21
2013,29
2013,26
2013,124
2014,13
2014,90
2014,9
2014,26
2014,4
2014,62
2014,3
2015,13
2015,1
2015,70
2015,76
2015,83
2015,11
2017,21
2017,29
2017,22
2017,84
2019,113
2019,38
2020,3
2020,4
2020,19
2020,76
2021,35
2021,36
2021,37
2021,109
2021,40
2021,34
2022,11
2022,38
2022,60
2023,1
2023,19
2023,31
2023,76
2023,4
2023,62
2023,61
2023,3
2023,91
2023,81
2024,1
2024,55
2024,62
2025,87
2025,84
2025,12
2025,34
2025,27
2026,14
2026,51
2026,43
2026,10
2026,4
2026,17
2026,12
2026,40
2026,34
2027,84
2028,28
2028,61
2028,30
2029,57
2029,1
2029,70
2029,59
2029,4
2029,3
2029,34
2030,96
2030,27
2030,44
2030,100
2031,82
2032,56
2032,19
2032,18
2032,107
2032,12
2032,34
2033,13
2033,68
2033,3
2034,8
2034,125
2034,9
2034,3
2034,10
2034,40
2035,56
2035,13
2035,29
2035,76
2035,21
2035,81
2035,66
2035,61
2035,10
2035,34
2036,13
2036,51
2036,15
2036,8
2036,67
2036,4
2036,10
2037,86
2037,12
2037,19
2037,34
2038,79
2038,95
2038,19
2038,27
2039,86
2039,115
2039,27
2039,84
2040,57
2040,13
2040,1
2040,2
2040,38
2040,62
2040,30
2040,3
2040,10
2041,68
2041,30
2041,51
2041,66
2042,38
2042,14
2042,40
2043,50
2043,48
2043,2
2043,49
2043,44
2043,21
2043,38
2043,81
2043,17
2043,11
2043,110
2043,10
2044,48
2044,35
2044,70
2044,49
2044,36
2044,37
2044,40
2045,21
2045,14
2045,34
2045,76
2046,56
2046,13
2046,29
2046,55
2046,62
2046,66
2046,6
2047,62
2047,44
2048,4
2048,17
2048,12
2048,19
2049,56
2049,34
2049,51
2049,35
2049,84
2049,63
2049,41
2049,129
2049,17
2049,10
2049,71
2050,38
2050,61
2050,3
2050,30
2050,17
2050,10
2050,40
2051,58
2051,11
2051,84
2052,120
2052,95
2052,78
2053,116
2053,26
2053,24
2053,12
2053,93
2054,56
2054,13
2054,102
2054,29
2054,1
2054,4
2054,34
2055,13
2055,65
2055,90
2055,73
2055,21
2055,61
2055,10
2056,56
2056,104
2056,107
2056,19
2057,7
2057,4
2057,53
2057,55
2057,3
2057,62
2057,81
2057,11
2057,10
2058,73
2058,1
2058,4
2058,38
2059,13
2059,35
2059,15
2059,73
2059,44
2059,61
2059,10
2059,46
2060,14
2060,19
2060,38
2060,3
2060,6
2060,137
2061,156
2061,40
2062,75
2063,40
2064,20
2064,19
2064,40
2064,24
2065,44
2065,26
2065,3
2065,40
2065,124
2066,56
2066,57
2066,13
2066,1
2066,35
2066,36
2066,58
2066,8
2066,52
2066,37
2066,109
2066,38
2066,4
2066,18
2066,62
2066,3
2066,91
2066,10
2067,113
2067,58
2067,29
2067,61
2068,57
2068,26
2068,12
2068,40
2068,100
2069,11
2069,21
2069,6
2070,13
2070,54
2070,38
2070,61
2070,3
2070,10
2071,21
2071,55
2071,3
2071,34
2071,46
2072,13
2072,7
2072,2
2072,106
2072,4
2072,55
2072,62
2072,10
2073,56
2073,87
2073,107
2073,136
2073,72
2073,12
2073,34
2073,27
2074,28
2074,58
2074,75
2074,38
2074,62
2074,30
2074,3
2075,13
2075,19
2075,73
2075,8
2075,109
2075,4
2075,97
2075,61
2075,3
2075,53
2076,102
2076,1
2076,28
2076,19
2076,4
2076,30
2076,3
2076,6
2077,56
2077,13
2077,1
2077,31
2077,21
2077,3
2077,64
2078,7
2078,73
2078,4
2078,62
2078,3
2078,10
2078,34
2079,13
2079,21
2079,38
2079,61
2079,3
2080,56
2080,96
2080,13
2080,54
2080,68
2080,4
2080,60
2080,3
2080,71
2081,13
2081,28
2081,58
2081,21
2081,62
2081,30
2081,11
2082,19
2083,11
2083,33
2083,66
2083,84
2084,14
2084,51
2084,35
2084,83
2084,68
2084,75
2085,19
2085,51
2085,16
2085,4
2085,3
2085,10
2086,14
2086,19
2086,3
2087,11
2087,62
2087,4
2087,19
2088,51
2088,41
2088,4
2088,38
2088,3
2088,10
2089,4
2089,19
2089,66
2089,3
2090,90
2090,59
2090,38
2090,62
2090,66
2090,3
2090,6
2091,14
2091,35
2091,36
2091,49
2091,37
2091,38
2091,4
2091,40
2091,34
2092,9
2092,38
2092,4
2092,66
2092,3
2093,56
2093,8
2093,38
2093,81
2093,63
2093,11
2093,111
2094,57
2094,73
2094,97
2094,61
2094,17
2094,12
2094,34
2095,146
2095,67
2095,92
2095,75
2095,68
2095,4
2096,75
2096,40
2096,34
2097,56
2097,13
2097,69
2097,38
2097,4
2097,62
2097,108
2097,3
2097,30
2097,6
2098,113
2098,13
2098,54
2098,76
2098,38
2098,4
2098,42
2098,3
2098,17
2098,117
2098,10
2099,13
2099,28
2099,76
2099,83
2099,68
2099,4
2099,42
2099,30
2099,3
2099,117
2099,10
2099,6
2100,6
2100,13
2100,19
2100,60
2101,84
2101,4
2101,3
2101,117
2101,10
2102,56
2102,122
2102,1
2102,62
2102,81
2102,108
2102,3
2102,34
2102,46
2103,79
2103,67
2103,21
2104,73
2104,4
2104,53
2104,62
2104,3
2104,30
2104,6
2104,40
2105,56
2105,57
2105,28
2105,1
2105,14
2105,19
2105,26
2105,76
2105,75
2105,30
2105,3
2105,34
2106,17
2106,4
2106,19
2106,3
2107,56
2107,13
2107,19
2107,58
2107,67
2107,68
2107,108
2107,3
2107,27
2108,56
2108,13
2108,69
2108,19
2108,58
2108,76
2108,3
2108,108
2108,61
2108,101
2109,28
2109,70
2109,7
2109,10
2109,30
2109,91
2109,11
2109,12
2110,57
2110,19
2110,62
2110,10
2110,6
2110,46
2111,13
2111,21
2111,104
2111,60
2112,19
2112,67
2112,76
2112,21
2112,3
2112,104
2113,1
2113,51
2113,68
2113,60
2113,3
2113,17
2113,6
2114,94
2114,51
2114,35
2114,16
2114,75
2114,4
2114,81
2114,91
2114,10
2115,4
2115,3
2115,101
2115,6
2115,89
2116,67
2116,87
2116,27
2116,84
2117,51
2117,84
2117,75
2117,72
2117,41
2117,4
2117,18
2117,129
2117,33
2117,17
2117,10
2117,64
2117,34
2118,79
2118,67
2118,19
2118,84
2119,70
2119,19
2119,54
2119,55
2119,4
2119,3
2120,19
2120,59
2120,4
2120,53
2120,3
2120,6
2121,79
2121,21
2121,19
2121,27
2122,62
2122,19
2122,76
2123,79
2123,27
2124,79
2124,19
2125,13
2125,94
2125,14
2125,51
2125,35
2125,83
2125,75
2125,68
2125,66
2125,34
2126,13
2126,65
2126,3
2127,10
2127,2
2127,84
2128,75
2129,56
2129,13
2129,19
2129,161
2129,38
2129,4
2129,53
2129,108
2129,3
2130,126
2130,19
2130,77
2130,27
2131,19
2131,27
2132,13
2132,10
2133,6
2133,4
2133,19
2133,49
2134,84
2135,13
2135,19
2135,21
2135,12
2135,40
2136,56
2136,29
2136,21
2136,115
2136,133
2136,11
2136,107
2137,56
2137,13
2137,29
2137,41
2137,10
2138,1
2138,14
2138,16
2138,5
2138,83
2138,30
2138,3
2138,117
2139,1
2139,14
2139,35
2139,36
2139,95
2139,75
2139,37
2139,61
2139,104
2140,13
2140,1
2140,14
2140,70
2140,35
2140,36
2140,73
2140,37
2141,13
2141,19
2141,51
2141,147
2141,83
2141,75
2141,3
2141,63
2141,141
2141,10
2142,56
2142,13
2142,132
2142,35
2142,3
2142,4
2142,81
2142,108
2142,66
2142,38
2142,30
2142,131
2143,13
2143,1
2143,14
2143,118
2143,51
2143,35
2143,15
2143,36
2143,2
2143,37
2143,41
2143,21
2143,38
2143,3
2143,10
2144,56
2144,1
2144,29
2144,70
2144,58
2144,59
2144,26
2144,41
2144,4
2144,81
2144,3
2144,17
2144,12
2145,85
2145,65
2145,132
2145,90
2145,59
2145,38
2145,4
2145,3
2146,56
2146,31
2146,54
2146,59
2146,76
2146,38
2146,66
2146,3
2146,89
2147,158
2147,84
2147,21
2147,18
2147,24
2147,34
2148,50
2148,1
2148,69
2148,19
2148,43
2148,67
2148,142
2148,97
2148,3
2148,17
2149,56
2149,28
2149,1
2149,84
2149,3
2149,38
2149,61
2149,108
2149,30
2150,1
2150,19
2150,59
2150,4
2150,3
2151,94
2151,132
2151,48
2151,14
2151,35
2151,83
2151,75
2151,68
2151,38
2151,66
2151,145
2151,63
2152,19
2152,21
2152,40
2152,27
2153,6
2153,4
2153,19
2153,3
2154,19
2154,32
2154,38
2154,4
2154,3
2154,34
2155,1
2155,14
2155,19
2155,60
2156,132
2156,32
2156,59
2156,38
2156,4
2156,3
2156,10
2157,126
2157,19
2158,35
2158,81
2158,19
2158,20
2159,96
2159,58
2159,12
2159,19
2160,56
2160,86
2160,132
2160,19
2160,76
2160,21
2160,108
2160,3
2161,51
2161,76
2161,119
2161,66
2161,11
2161,6
2162,95
2162,19
2162,40
2163,57
2163,14
2163,10
2163,3
2164,6
2164,20
2164,19
2165,19
2165,4
2165,81
2165,66
2165,3
2165,6
2165,89
2166,69
2166,19
2166,18
2166,61
2166,39
2166,6
2166,34
2167,8
2167,95
2167,34
2167,84
2168,35
2168,36
2168,49
2168,84
2168,37
2169,19
2169,114
2169,26
2169,75
2169,160
2169,24
2169,20
2170,23
2170,19
2170,30
2171,56
2171,13
2171,35
2171,59
2171,81
2171,11
2171,10
2171,93
2172,56
2172,69
2172,92
2172,38
2172,71
2173,68
2173,20
2173,19
2173,100
2174,13
2174,35
2174,19
2174,7
2174,49
2174,16
2174,36
2174,37
2174,10
2174,34
2175,82
2175,12
2175,34
2175,27
2176,38
2176,30
2176,3
2176,10
2176,6
2177,13
2177,35
2177,2
2177,42
2177,60
2177,3
2177,81
2177,17
2177,89
2178,132
2178,19
2178,120
2178,44
2178,38
2178,3
2178,63
2179,56
2179,38
2179,4
2179,30
2179,3
2179,6
2180,56
2180,19
2180,8
2180,21
2180,107
2180,27
2181,47
2181,14
2181,118
2181,38
2181,66
2181,40
2181,34
2182,98
2182,153
2182,61
2183,13
2183,70
2183,35
2183,36
2183,58
2183,83
2183,37
2183,4
2183,40
2183,34
2184,13
2184,16
2184,75
2184,4
2184,42
2184,40
2184,34
2185,26
2185,75
2185,4
2185,136
2185,81
2185,3
2185,63
2185,17
2186,75
2187,75
2187,20
2187,156
2188,56
2188,51
2188,19
2188,49
2188,67
2188,41
2188,4
2188,42
2188,17
2188,10
2188,40
2188,34
2189,35
2189,59
2189,153
2189,3
2189,17
2190,75
2190,8
2191,56
2191,13
2191,54
2191,39
2191,10
2191,40
2191,34
2192,14
2192,35
2192,36
2192,49
2192,147
2192,37
2192,38
2192,3
2192,40
2192,34
2193,56
2193,70
2193,35
2193,51
2193,4
2194,31
2194,84
2194,75
2194,4
2194,3
2194,34
2195,57
2195,117
2195,10
2195,3
2196,56
2196,69
2196,75
2196,38
2196,4
2196,61
2196,3
2196,111
2197,17
2197,112
2197,41
2197,59
2198,39
2198,28
2198,30
2198,49
2199,48
2199,10
2199,38
2199,4
2199,42
2199,81
2199,12
2199,34
2200,21
2200,27
2201,13
2201,1
2201,51
2201,16
2201,67
2201,52
2201,4
2201,10
2201,40
2202,35
2202,58
2202,44
2202,38
2202,61
2203,13
2203,19
2203,35
2203,58
2203,38
2203,4
2203,61
2203,3
2204,56
2204,102
2204,29
2204,4
2204,10
2205,79
2205,8
2205,19
2205,27
2206,58
2206,1
2206,61
2206,3
2207,56
2207,13
2207,1
2207,38
2207,3
2207,111
2208,122
2208,102
2208,1
2208,70
2208,35
2208,36
2208,37
2209,75
2209,20
2210,130
2210,16
2210,134
2210,75
2210,68
2210,41
2210,4
2210,142
2210,3
2210,17
2211,56
2211,13
2211,86
2211,29
2211,35
2211,3
2211,10
2211,131
2212,56
2212,38
2212,30
2212,3
2212,101
2212,34
2213,56
2213,34
2213,75
2214,56
2214,19
2214,90
2214,108
2214,3
2215,13
2215,94
2215,51
2215,8
2215,67
2215,4
2215,3
2215,17
2216,56
2216,31
2216,38
2216,4
2216,61
2216,3
2216,30
2216,6
2216,71
2217,19
2217,40
2217,26
2218,13
2218,1
2218,14
2218,35
2218,36
2218,26
2218,37
2218,10
2218,34
2219,13
2219,51
2219,35
2219,59
2219,5
2219,8
2219,75
2219,41
2219,4
2219,3
2219,17
2219,131
2220,50
2220,59
2220,38
2220,4
2220,18
2220,3
2220,10
2221,51
2221,59
2221,84
2221,83
2221,41
2221,38
2221,81
2221,129
2221,3
2221,30
2221,17
2221,10
2222,13
2222,1
2222,51
2222,84
2222,75
2222,4
2222,3
2222,10
2223,75
2223,146
2223,136
2223,92
2224,56
2224,64
2224,61
2224,3
2225,56
2225,19
2225,90
2225,66
2225,3
2225,64
2226,13
2226,35
2226,15
2226,59
2226,26
2226,6
2227,56
2227,13
2227,31
2227,90
2227,91
2228,13
2228,1
2228,70
2228,35
2228,4
2228,3
2229,47
2229,1
2229,51
2229,35
2229,49
2229,36
2229,5
2229,37
2229,45
2229,10
2229,40
2230,13
2230,14
2230,84
2230,41
2230,4
2230,38
2230,3
2230,10
2231,19
2231,162
2231,79
2231,68
2231,138
2231,40
2231,124
2232,4
2232,26
2232,3
2233,7
2233,90
2233,4
2233,62
2233,66
2233,3
2233,81
2233,33
2233,6
2234,13
2234,1
2234,14
2234,19
2234,59
2234,52
2234,38
2234,4
2234,3
2234,17
2234,12
2235,57
2235,19
2235,32
2235,21
2235,4
2235,61
2235,103
2235,34
2236,13
2236,69
2236,49
2236,147
2236,3
2236,40
2237,75
2237,68
2237,66
2238,68
2239,34
2239,163
2240,38
2240,31
2240,3
2241,94
2241,47
2241,14
2241,7
2241,51
2241,77
2241,35
2241,75
2241,68
2241,38
2241,66
2241,39
2242,51
2242,59
2242,8
2242,75
2242,3
2242,17
2243,13
2243,84
2243,21
2243,11
2243,34
2243,46
2244,19
2244,40
2244,24
2245,56
2245,65
2245,1
2245,29
2246,56
2246,47
2246,77
2246,26
2246,21
2246,107
2246,27
2247,79
2247,25
2247,21
2247,12
2247,27
2249,47
2249,14
2249,51
2249,7
2249,35
2249,43
2249,16
2249,83
2249,75
2249,41
2249,4
2249,66
2250,13
2250,1
2250,70
2250,8
2250,78
2250,4
2250,53
2250,61
2250,3
2250,55
2250,62
2250,11
2251,56
2251,57
2251,13
2251,31
2251,73
2251,59
2251,4
2251,30
2251,3
2251,6
2252,13
2252,48
2252,19
2252,35
2252,21
2252,63
2252,10
2252,34
2253,56
2253,11
2253,61
2253,3
2254,56
2254,1
2254,31
2254,61
2254,3
2254,10
2255,58
2255,12
2255,19
2256,1
2256,14
2256,35
2256,36
2256,54
2256,16
2256,37
2256,30
2256,110
2257,56
2257,13
2257,70
2257,35
2257,2
2257,73
2257,52
2257,76
2257,10
2257,4
2257,81
2257,30
2257,3
2257,91
2257,12
2257,89
2258,13
2258,34
2258,1
2258,61
2259,56
2259,13
2259,70
2259,7
2259,90
2259,73
2259,30
2259,3
2259,11
2259,10
2260,13
2260,67
2260,4
2260,60
2261,94
2261,38
2261,34
2262,1
2262,51
2262,19
2262,6
2262,4
2262,42
2262,62
2262,3
2262,117
2262,12
2262,40
2263,1
2263,70
2263,76
2263,4
2263,62
2263,61
2263,3
2263,10
2263,6
2264,68
2264,42
2264,3
2264,17
2264,12
2264,6
2265,13
2265,31
2265,90
2265,11
2265,10
2266,19
2266,90
2266,68
2266,4
2266,66
2266,3
2267,12
2267,26
2268,14
2268,117
2268,10
2268,3
2269,57
2269,52
2269,26
2269,4
2269,97
2269,3
2269,133
2269,10
2270,13
2270,1
2270,14
2270,19
2271,70
2271,7
2271,77
2271,14
2271,35
2271,49
2271,73
2271,36
2271,54
2271,2
2271,84
2271,37
2271,18
2271,10
2271,34
2272,11
2272,53
2273,68
2273,4
2273,19
2273,3
2274,13
2274,1
2274,51
2274,67
2274,68
2275,96
2275,82
2275,78
2275,126
2275,21
2275,100
2276,57
2276,28
2276,26
2276,4
2276,81
2276,30
2276,3
2276,117
2277,57
2277,21
2277,61
2277,3
2278,52
2278,53
2278,62
2278,61
2278,3
2278,10
2279,135
2279,58
2279,147
2279,38
2279,61
2279,3
2279,34
2280,56
2280,69
2280,19
2280,31
2280,3
2281,13
2281,68
2281,19
2281,3
2282,53
2282,3
2283,82
2283,21
2283,19
2284,87
2284,26
2284,68
2284,142
2284,21
2284,136
2284,27
2285,1
2285,117
2286,35
2286,19
2286,27
2287,19
2287,8
2287,68
2287,21
2287,18
2287,40
2287,27
2288,77
2288,27
2289,1
2289,19
2289,135
2289,26
2289,3
2289,117
2289,6
2290,1
2290,4
2290,10
2290,3
2291,13
2291,21
2292,13
2292,1
2292,90
2292,4
2292,53
2292,3
2292,10
2293,37
2293,35
2293,36
2293,49
2294,57
2294,19
2294,3
2295,102
2295,4
2295,19
2295,31
2296,50
2296,1
2296,28
2296,21
2296,4
2296,97
2296,62
2296,3
2296,30
2297,85
2297,35
2297,49
2297,134
2297,83
2297,38
2297,4
2297,110
2297,40
2298,14
2298,35
2298,36
2298,49
2298,73
2298,83
2298,37
2298,4
2298,10
2298,137
2299,1
2299,7
2299,4
2299,97
2299,62
2299,10
2299,6
2300,8
2300,75
2300,41
2300,129
2300,12
2300,34
2301,3
2302,132
2302,1
2302,81
2302,3
2302,91
2302,46
2303,56
2303,113
2303,2
2303,76
2303,21
2303,4
2303,60
2303,61
2304,13
2304,1
2304,7
2304,54
2304,52
2304,4
2304,53
2304,30
2304,3
2304,10
2305,58
2305,8
2305,67
2305,26
2305,38
2306,56
2306,13
2306,31
2306,21
2306,60
2306,3
2306,10
2306,6
2307,13
2308,56
2308,11
2308,38
2308,108
2309,19
2309,23
2309,26
2309,75
2309,21
2310,120
2310,24
2310,93
2311,68
2311,94
2311,153
2311,40
2312,19
2312,116
2312,76
2312,21
2312,27
2313,28
2313,1
2313,19
2313,144
2313,52
2313,68
2313,4
2313,62
2313,81
2313,3
2313,30
2313,6
2314,58
2314,26
2314,21
2314,120
2314,27
2315,121
2315,53
2315,4
2315,6
2316,1
2316,53
2316,55
2316,62
2316,3
2316,81
2316,10
2316,6
2317,56
2317,82
2317,21
2317,107
2317,27
2318,56
2318,28
2318,21
2318,62
2318,30
2318,3
2318,111
2318,34
2319,96
2319,1
2319,51
2319,10
2319,6
2319,3
2319,117
2319,12
2319,40
2320,67
2320,1
2320,6
2321,87
2321,34
2322,136
2322,38
2322,10
2322,3
2323,19
2323,78
2323,126
2323,21
2323,12
2323,40
2323,27
2324,28
2324,1
2324,8
2324,42
2324,60
2324,30
2324,91
2324,34
2325,1
2325,10
2325,42
2325,3
2325,12
2326,14
2326,51
2326,7
2326,19
2326,43
2326,9
2326,4
2326,10
2326,40
2326,34
2327,73
2327,38
2327,97
2327,153
2327,34
2328,1
2328,44
2328,9
2328,38
2328,4
2328,62
2328,11
2329,21
2329,53
2329,4
2329,81
2329,3
2329,38
2329,6
2330,51
2330,35
2330,73
2330,10
2330,4
2330,81
2330,17
2330,11
2330,12
2330,34
2331,19
2331,51
2331,4
2331,42
2331,3
2331,10
2331,6
2332,1
2332,19
2332,35
2332,21
2332,4
2332,81
2332,3
2332,17
2332,10
2333,67
2333,19
2333,26
2333,27
2334,19
2334,134
2334,4
2334,3
2334,34
2335,28
2335,19
2335,4
2335,30
2335,117
2336,28
2336,1
2336,4
2336,55
2336,61
2336,3
2336,30
2336,46
2337,21
2338,56
2338,82
2338,34
2338,26
2338,84
2338,21
2338,88
2338,93
2338,27
2339,126
2339,82
2339,146
2339,27
2340,52
2340,62
2340,53
2340,4
2340,3
2341,13
2341,28
2341,38
2341,30
2341,3
2341,10
2341,34
2342,13
2342,62
2342,4
2342,3
2342,10
2343,57
2343,13
2343,28
2343,4
2343,30
2343,3
2343,6
2344,30
2345,28
2345,1
2345,62
2345,4
2345,53
2345,3
2345,30
2346,19
2346,76
2346,12
2346,64
2346,27
2347,90
2348,28
2348,97
2348,53
2348,4
2348,3
2348,30
2349,90
2349,4
2349,81
2349,3
2349,110
2350,126
2350,21
2350,27
2350,79
2351,102
2351,5
2351,4
2351,3
2352,90
2352,9
2352,21
2352,3
2352,64
2353,65
2353,35
2353,76
2353,81
2353,34
2354,38
2354,62
2354,4
2354,81
2354,3
2354,30
2354,11
2354,6
2355,34
2355,12
2355,124
2355,27
2356,38
2356,14
2357,56
2357,47
2357,8
2357,107
2357,27
2358,13
2358,19
2358,76
2358,21
2358,6
2359,13
2359,28
2359,19
2359,21
2359,38
2359,61
2359,3
2359,30
2359,10
2360,58
2360,138
2361,32
2361,90
2361,76
2361,4
2361,81
2361,30
2361,3
2362,56
2362,13
2362,96
2362,31
2362,62
2362,64
2363,19
2364,56
2364,82
2364,47
2364,44
2364,84
2364,38
2364,34
2364,27
2365,82
2365,47
2365,27
2366,56
2366,13
2366,102
2366,31
2366,21
2366,4
2366,11
2367,13
2367,102
2367,4
2367,3
2368,57
2368,28
2368,1
2368,14
2368,7
2368,78
2368,62
2368,81
2368,30
2368,6
2369,113
2369,13
2369,70
2369,4
2369,62
2369,61
2369,11
2369,10
2370,8
2370,21
2370,34
2370,60
2371,13
2371,11
2371,95
2371,61
2372,87
2372,27
2372,19
2372,8
2373,19
2374,56
2374,13
2374,35
2374,73
2374,62
2374,81
2374,63
2374,11
2374,10
2374,34
2375,21
2375,77
2375,27
2376,70
2376,44
2376,97
2376,11
2376,10
2377,56
2377,69
2377,54
2377,76
2377,4
2377,11
2378,1
2378,14
2378,4
2378,3
2378,117
2378,10
2378,6
2379,62
2379,19
2379,32
2380,56
2380,52
2380,76
2380,21
2380,4
2380,62
2380,3
2380,12
2381,104
2381,61
2382,38
2382,61
2382,3
2383,8
2383,10
2383,19
2383,34
2384,63
2384,38
2384,61
2384,3
2385,58
2385,67
2385,34
2385,49
2386,26
2386,24
2387,13
2387,112
2387,1
2387,4
2387,62
2387,3
2387,17
2387,12
2388,85
2388,19
2388,12
2388,40
2389,18
2389,25
2389,19
2389,26
2390,56
2390,19
2390,9
2390,38
2390,3
2390,111
2390,34
2391,57
2391,13
2391,1
2391,25
2391,4
2391,97
2391,61
2391,3
2391,53
2391,30
2392,82
2392,34
2392,18
2392,24
2392,3
2392,12
2392,40
2392,93
2393,26
2393,19
2393,24
2394,56
2394,13
2394,31
2394,4
2394,62
2394,3
2395,56
2395,26
2395,24
2395,30
2395,12
2395,40
2395,34
2396,82
2396,35
2396,78
2396,21
2396,27
2397,19
2397,78
2397,26
2397,44
2397,24
2397,30
2398,56
2398,13
2398,76
2398,3
2398,120
2399,3
2399,19
2399,84
2400,57
2400,13
2400,35
2400,38
2400,4
2400,62
2400,66
2400,3
2400,81
2400,33
2400,89
2401,79
2401,164
2401,75
2401,138
2401,98
2401,27
2402,14
2402,118
2402,51
2402,35
2402,49
2402,36
2402,75
2402,68
2402,37
2402,41
2402,4
2402,38
2402,66
2403,56
2403,57
2403,26
2403,4
2403,62
2403,108
2403,3
2404,26
2404,79
2404,24
2404,93
2404,27
2405,113
2405,1
2405,38
2405,4
2405,61
2405,3
2405,6
2406,82
2407,13
2407,1
2407,19
2407,8
2407,67
2407,68
2407,38
2407,4
2407,53
2407,62
2407,3
2407,30
2408,38
2408,44
2409,132
2409,19
2409,32
2409,147
2409,76
2409,68
2409,38
2409,4
2409,3
2409,6
2409,89
2410,65
2410,5
2410,4
2410,3
2411,96
2411,19
2411,38
2411,3
2411,124
2412,56
2412,38
2412,2
2412,76
2413,1
2413,2
2413,21
2413,55
2413,10
2414,51
2414,26
2414,75
2414,136
2414,10
2414,34
2415,50
2415,10
2415,2
2416,4
2416,10
2416,71
2416,3
2417,57
2417,1
2417,4
2417,3
2417,10
2418,75
2418,142
2418,10
2418,51
2419,58
2419,38
2419,4
2419,61
2419,104
2420,14
2421,48
2421,2
2421,8
2421,75
2421,41
2421,10
2421,34
2422,1
2422,70
2422,14
2422,73
2422,38
2422,4
2422,3
2422,110
2422,10
2422,6
2423,28
2423,1
2423,14
2423,62
2423,30
2423,3
2423,103
2423,34
2424,126
2424,96
2424,86
2425,96
2425,86
2425,112
2425,72
2425,12
2425,40
2426,28
2426,109
2426,4
2426,30
2427,40
2428,34
2429,16
2429,4
2429,19
2429,84
2430,8
2430,4
2430,10
2430,84
2431,13
2431,35
2431,135
2431,84
2431,21
2431,4
2431,42
2431,66
2431,3
2431,55
2431,62
2432,1
2433,40
2433,27
2434,113
2434,13
2434,1
2434,61
2434,11
2434,34
2435,21
2435,38
2435,3
2436,1
2436,118
2436,4
2436,62
2436,3
2436,6
2437,28
2437,7
2437,62
2437,4
2437,30
2437,34
2438,13
2438,95
2438,9
2438,53
2438,4
2439,56
2439,13
2439,53
2439,4
2439,55
2439,62
2439,6
2440,68
2441,56
2441,31
2441,55
2441,3
2441,103
2441,6
2442,95
2442,44
2442,38
2442,62
2442,30
2442,3
2443,56
2443,34
2443,26
2443,72
2443,107
2443,12
2443,40
2443,27
2444,13
2444,1
2444,54
2444,76
2444,55
2444,62
2444,3
2444,6
2445,56
2445,34
2445,8
2445,72
2445,124
2445,107
2445,12
2445,40
2445,27
2446,57
2446,51
2446,26
2446,4
2446,3
2446,117
2447,96
2447,21
2447,19
2448,56
2448,13
2448,29
2448,7
2448,19
2448,35
2448,10
2448,4
2448,61
2448,107
2448,6
2449,75
2449,139
2449,12
2449,114
2450,13
2450,95
2450,44
2450,38
2450,12
2451,79
2451,19
2451,44
2451,27
2452,13
2452,1
2452,76
2452,55
2452,6
2453,73
2453,26
2453,97
2453,30
2453,34
2454,13
2454,35
2454,19
2454,21
2454,6
2455,34
2455,1
2455,28
2455,19
2455,26
2455,21
2455,4
2455,30
2455,22
2456,13
2456,1
2456,52
2456,4
2456,42
2456,66
2456,3
2456,17
2456,12
2456,40
2457,56
2457,1
2457,31
2457,90
2457,73
2457,21
2457,4
2457,53
2457,30
2457,3
2457,10
2457,6
2458,24
2459,56
2459,28
2459,1
2459,7
2459,19
2459,76
2459,62
2459,66
2459,3
2459,30
2459,10
2460,56
2460,65
2460,28
2460,1
2460,19
2460,76
2460,62
2460,61
2460,3
2460,30
2460,6
2461,70
2461,19
2461,54
2461,76
2461,21
2461,4
2461,61
2461,3
2461,11
2461,34
2462,79
2462,82
2462,93
2462,27
2463,13
2463,28
2463,19
2463,49
2463,26
2463,37
2463,38
2463,4
2463,30
2463,3
2463,6
2464,13
2464,94
2464,47
2464,70
2464,14
2464,35
2464,49
2464,36
2464,37
2464,109
2464,4
2464,30
2464,110
2464,40
2465,113
2465,13
2465,47
2465,14
2465,35
2465,16
2465,109
2465,106
2465,34
2466,47
2466,1
2466,48
2466,77
2466,51
2466,14
2466,35
2466,36
2466,73
2466,37
2466,109
2466,4
2466,30
2466,39
2466,40
2467,19
2467,79
2467,98
2467,24
2467,27
2468,13
2468,47
2468,4
2468,40
2469,73
2469,97
2469,3
2470,1
2470,48
2470,35
2470,76
2470,21
2470,42
2470,3
2470,10
2471,50
2471,73
2471,4
2471,42
2471,97
2471,3
2471,17
2472,94
2472,38
2472,3
2473,35
2473,36
2473,95
2473,37
2473,38
2473,4
2474,52
2474,62
2474,53
2474,4
2474,3
2475,1
2475,69
2475,38
2475,4
2475,53
2475,3
2475,10
2476,57
2476,112
2476,14
2476,51
2476,35
2476,36
2476,37
2476,38
2476,4
2476,12
2476,40
2477,29
2477,35
2477,76
2477,38
2477,61
2477,3
2477,10
2478,79
2478,21
2479,13
2479,35
2479,36
2479,49
2479,37
2479,30
2480,113
2480,13
2480,28
2480,1
2480,14
2480,35
2480,36
2480,84
2480,37
2480,30
2480,40
2481,44
2481,26
2481,64
2482,23
2482,19
2483,13
2483,28
2483,1
2483,38
2483,61
2483,30
2483,11
2483,34
2484,13
2484,35
2484,109
2484,62
2484,11
2484,10
2485,13
2485,4
2485,66
2485,3
2485,91
2486,126
2486,58
2486,67
2487,13
2487,51
2487,75
2487,4
2487,3
2487,91
2487,10
2487,6
2488,56
2488,13
2488,90
2488,8
2488,62
2488,108
2488,3
2488,10
2489,56
2489,19
2489,8
2489,26
2489,84
2489,21
2489,12
2489,27
2490,56
2490,48
2490,51
2490,73
2490,59
2490,9
2490,84
2490,4
2490,153
2490,129
2490,17
2490,11
2490,10
2491,84
2491,115
2491,12
2491,34
2491,27
2492,56
2492,13
2492,29
2492,55
2492,3
2492,11
2493,7
2493,26
2493,4
2493,3
2493,10
2493,6
2493,34
2494,56
2494,31
2494,76
2494,61
2494,103
2495,56
2495,13
2495,19
2495,31
2495,21
2495,4
2495,33
2495,3
2495,10
2495,64
2496,21
2496,18
2496,24
2497,73
2497,76
2497,4
2497,30
2497,10
2497,6
2498,56
2498,44
2498,38
2498,21
2498,108
2500,57
2500,4
2500,26
2500,3
2501,5
2501,38
2501,3
2502,13
2502,11
2502,70
2503,87
2503,27
2504,35
2504,44
2504,41
2504,4
2504,81
2504,38
2504,30
2504,17
2504,10
2504,34
2505,13
2505,35
2505,134
2505,41
2505,4
2505,133
2505,42
2505,17
2506,18
2506,19
2506,34
2507,84
2507,21
2507,138
2507,30
2507,34
2508,56
2508,82
2508,21
2508,107
2508,27
2509,13
2509,1
2509,70
2509,35
2509,44
2509,4
2509,42
2509,66
2509,62
2509,133
2509,10
2509,34
2510,13
2510,47
2510,48
2510,7
2510,51
2510,70
2510,15
2510,14
2510,35
2510,49
2510,36
2510,37
2510,38
2510,4
2510,63
2510,40
2510,34
2511,13
2511,51
2511,43
2511,67
2511,52
2511,75
2511,68
2511,41
2511,81
2511,33
2511,3
2511,10
2511,40
2512,13
2512,19
2512,4
2512,3
2512,6
2512,89
2513,58
2513,146
2513,67
2513,142
2513,136
2513,40
2514,56
2514,111
2514,3
2515,56
2515,29
2515,13
2516,1
2516,35
2516,36
2516,49
2516,37
2516,4
2516,40
2516,34
2517,70
2517,51
2517,59
2517,84
2517,75
2517,38
2517,4
2517,136
2517,129
2517,17
2517,10
2517,34
2518,94
2518,51
2518,16
2518,75
2518,68
2518,142
2518,4
2518,17
2518,10
2518,40
2518,34
2519,38
2519,10
2519,19
2519,61
2520,126
2520,146
2520,124
2520,27
2521,19
2522,13
2522,35
2522,36
2522,37
2522,4
2522,30
2522,6
2523,83
2523,38
2523,70
2523,35
2524,35
2524,21
2524,19
2524,76
2525,75
2525,68
2525,116
2526,68
2526,25
2527,75
2527,26
2527,130
2527,24
2528,75
2528,116
2529,79
2529,19
2529,27
2530,56
2530,57
2530,19
2530,54
2530,126
2530,21
2530,108
2530,3
2531,56
2531,69
2531,19
2531,31
2531,4
2531,3
2531,34
2532,56
2532,86
2532,19
2532,31
2532,62
2532,33
2532,108
2532,3
2533,56
2533,69
2533,31
2533,59
2533,4
2533,66
2533,3
2533,30
2533,10
2534,56
2534,28
2534,1
2534,54
2534,3
2534,38
2534,108
2534,66
2534,30
2535,56
2535,19
2535,31
2535,84
2535,3
2535,4
2535,60
2535,66
2535,6
2535,64
2536,56
2536,65
2536,13
2536,15
2536,16
2536,9
2536,75
2536,38
2536,33
2536,66
2536,3
2536,30
2537,56
2537,13
2537,94
2537,15
2537,59
2537,67
2537,92
2537,68
2537,3
2537,91
2537,71
2538,56
2538,13
2538,51
2538,35
2538,144
2538,129
2538,3
2538,131
2539,56
2539,19
2539,31
2539,32
2539,35
2539,83
2539,4
2539,3
2540,56
2540,65
2540,13
2540,132
2540,1
2540,31
2540,59
2540,4
2540,3
2541,35
2541,51
2541,36
2541,37
2541,4
2542,1
2542,19
2542,38
2542,53
2542,30
2542,3
2542,91
2542,17
2542,11
2543,14
2543,35
2543,36
2543,49
2543,37
2543,4
2543,30
2543,3
2543,104
2543,40
2544,56
2544,34
2544,1
2544,59
2544,67
2544,68
2544,4
2544,10
2544,71
2545,132
2545,38
2545,4
2545,66
2545,3
2545,10
2546,56
2546,19
2546,59
2546,4
2546,108
2546,3
2547,13
2547,4
2547,81
2547,3
2547,91
2548,13
2548,38
2549,116
2549,24
2550,51
2550,8
2550,84
2550,4
2550,81
2550,129
2550,10
2550,64
2550,34
2551,34
2551,28
2551,16
2551,59
2551,134
2551,41
2551,4
2551,42
2551,81
2551,30
2551,10
2551,6
2551,124
2552,14
2552,16
2552,76
2552,10
2552,156
2552,38
2552,4
2552,81
2552,91
2552,17
2552,12
2552,40
2552,34
2553,19
2553,35
2553,155
2553,3
2553,10
2553,6
2554,13
2554,4
2554,42
2554,10
2555,17
2555,94
2555,51
2555,67
2556,1
2556,51
2556,75
2556,4
2556,3
2556,10
2557,56
2557,31
2557,38
2557,3
2557,11
2557,10
2558,58
2558,82
2558,21
2559,17
2559,26
2560,56
2560,65
2560,96
2560,147
2560,66
2560,3
2560,40
2561,13
2561,1
2561,51
2561,67
2561,4
2561,42
2561,3
2561,17
2562,67
2562,51
2562,3
2563,94
2563,1
2563,14
2563,51
2563,41
2563,38
2563,10
2563,40
2563,34
2564,68
2565,99
2565,73
2565,10
2565,55
2566,26
2566,12
2566,24
2567,126
2567,24
2568,28
2568,70
2568,97
2568,53
2568,4
2568,3
2568,55
2568,30
2569,57
2569,65
2569,19
2569,3
2570,27
2570,19
2570,34
2570,64
2571,26
2572,14
2572,21
2572,4
2572,3
2573,3
2574,126
2574,21
2574,19
2574,27
2575,19
2575,59
2575,4
2575,3
2575,6
2576,19
2576,7
2576,59
2576,4
2576,3
2576,6
2577,95
2577,14
2577,22
2578,34
2578,27
2579,14
2579,35
2579,36
2579,49
2579,37
2579,38
2579,40
2580,112
2580,51
2580,35
2580,73
2580,10
2580,83
2580,41
2580,4
2580,45
2580,17
2580,12
2580,40
2580,34
2581,113
2581,56
2581,13
2581,69
2581,15
2581,59
2581,38
2581,4
2581,30
2581,3
2582,126
2582,19
2582,26
2582,3
2583,13
2583,51
2583,49
2583,15
2583,58
2583,75
2583,68
2583,142
2583,136
2583,66
2583,40
2584,1
2584,52
2584,68
2584,38
2584,3
2584,6
2585,73
2585,38
2585,62
2585,4
2585,30
2585,3
2585,6
2586,94
2586,1
2586,51
2586,35
2586,43
2586,83
2586,109
2586,41
2586,4
2586,38
2586,63
2586,40
2586,34
2587,104
2587,19
2587,61
2588,73
2588,62
2588,97
2588,61
2588,6
2589,34
2590,28
2590,19
2590,38
2590,21
2590,30
2590,34
2591,69
2591,70
2591,38
2591,4
2591,3
2591,34
2592,28
2592,1
2592,61
2592,30
2592,34
2594,85
2594,86
2594,14
2594,78
2594,21
2594,18
2594,27
2595,26
2595,27
2596,28
2596,76
2596,4
2596,61
2596,30
2596,10
2596,6
2597,56
2597,122
2597,113
2597,86
2597,76
2598,28
2598,1
2598,19
2598,30
2598,6
2598,34
2599,28
2599,145
2599,30
2599,11
2599,10
2600,35
2600,98
2600,27
2601,21
2601,77
2601,27
2602,19
2602,26
2603,21
2603,19
2604,113
2604,70
2604,61
2604,105
2604,10
2605,58
2605,82
2605,78
2605,34
2606,13
2606,70
2606,14
2606,35
2606,49
2606,36
2606,16
2606,37
2606,109
2606,21
2606,4
2606,41
2606,38
2606,30
2606,110
2606,40
2606,34
2607,73
2607,78
2607,109
2607,4
2607,62
2607,3
2607,6
2608,56
2608,13
2608,1
2608,48
2608,51
2608,70
2608,59
2608,8
2608,26
2608,4
2608,3
2608,17
2608,10
2608,131
2609,82
2609,21
2609,34
2609,135
2610,3
2610,10
2610,76
2611,8
2611,21
2611,104
2611,145
2612,95
2612,8
2613,77
2613,8
2613,79
2613,30
2613,27
2614,26
2614,24
2615,67
2615,82
2615,12
2615,27
2617,70
2617,7
2617,35
2617,73
2617,76
2617,38
2617,4
2617,11
2617,10
2617,6
2618,65
2618,132
2618,59
2618,74
2618,21
2618,4
2618,3
2618,10
2618,6
2618,89
2619,13
2619,35
2619,36
2619,15
2619,58
2619,73
2619,83
2619,75
2619,37
2619,21
2619,133
2619,40
2619,34
2620,10
2620,42
2620,3
2621,4
2621,19
2621,3
2623,56
2623,13
2623,35
2623,15
2623,84
2623,62
2623,11
2623,10
2623,34
2624,149
2624,21
2624,12
2624,44
2625,96
2625,19
2625,126
2625,79
2625,27
2626,96
2626,82
2626,77
2626,116
2626,26
2626,76
2626,21
2626,34
2626,27
2627,56
2627,96
2627,82
2627,107
2627,27
2628,14
2628,34
2629,56
2629,58
2629,26
2629,108
2629,64
2630,1
2630,4
2630,53
2630,3
2631,56
2631,13
2631,69
2631,70
2631,19
2631,31
2631,76
2631,55
2631,62
2631,3
2632,13
2632,1
2632,73
2632,4
2632,42
2632,61
2632,97
2632,62
2632,30
2632,11
2633,87
2633,12
2633,34
2633,27
2634,87
2634,19
2634,26
2634,27
2635,113
2635,35
2635,76
2635,61
2635,10
2635,6
2636,68
2637,1
2637,16
2637,84
2637,62
2637,10
2637,6
2639,70
2639,158
2639,78
2639,62
2639,34
2640,56
2640,13
2640,31
2640,32
2640,59
2640,4
2640,66
2640,3
2640,6
2641,62
2641,4
2641,118
2641,34
2642,21
2642,14
2642,77
2642,27
2643,116
2643,82
2643,124
2643,27
2644,1
2644,48
2644,51
2644,14
2644,35
2644,43
2644,83
2644,75
2644,4
2644,10
2644,40
2644,34
2644,46
2645,112
2645,19
2645,58
2645,26
2645,40
2646,59
2646,52
2646,53
2646,4
2646,3
2647,21
2647,12
2648,38
2648,3
2649,56
2649,38
2649,30
2649,3
2649,10
2649,71
2650,26
2650,27
2651,16
2651,4
2651,66
2651,3
2652,116
2653,43
2653,82
2653,21
2653,27
2654,73
2654,3
2654,4
2654,61
2654,66
2654,6
2654,34
2655,54
2655,4
2655,19
2655,31
2656,35
2656,31
2656,3
2656,30
2656,5
2657,70
2657,19
2657,53
2657,4
2657,3
2658,19
2659,87
2659,78
2659,26
2659,24
2659,27
2660,34
2660,7
2660,26
2660,12
2660,40
2660,22
2660,27
2661,10
2661,19
2661,34
2662,82
2662,21
2662,12
2662,26
2663,1
2663,70
2663,5
2663,4
2663,3
2663,6
2664,17
2664,41
2664,12
2665,56
2665,7
2665,136
2665,120
2665,107
2665,12
2665,34
2665,27
2666,13
2666,2
2666,76
2666,55
2666,53
2666,62
2666,6
2667,13
2667,1
2667,62
2667,3
2667,10
2667,6
2668,13
2668,4
2668,81
2668,3
2668,104
2668,34
2668,46
2669,148
2669,77
2669,26
2669,21
2669,24
2669,30
2669,27
2670,13
2670,51
2670,4
2670,12
2670,40
2671,19
2671,78
2671,26
2671,30
2671,12
2673,13
2673,26
2673,38
2673,4
2673,3
2673,100
2674,56
2674,13
2674,165
2674,31
2674,44
2674,38
2674,4
2674,55
2674,62
2674,3
2674,11
2674,34
2675,67
2675,26
2675,24
2675,3
2675,120
2675,12
2675,34
2676,19
2676,59
2676,4
2676,61
2676,3
2676,34
2677,73
2677,10
2677,34
2678,13
2678,73
2678,78
2678,53
2678,3
2679,56
2679,1
2679,109
2679,38
2679,3
2679,6
2680,56
2680,85
2680,82
2680,28
2680,77
2680,78
2680,30
2680,12
2680,40
2680,27
2681,114
2681,26
2681,84
2681,126
2681,139
2681,21
2681,20
2681,40
2681,34
2682,13
2682,1
2682,52
2682,76
2682,38
2682,4
2682,53
2682,61
2682,3
2683,56
2683,13
2683,165
2683,19
2683,58
2683,108
2684,49
2684,58
2684,52
2684,17
2684,34
2685,8
2685,104
2685,60
2685,76
2686,105
2686,4
2686,3
2687,38
2687,44
2688,35
2688,36
2688,37
2688,4
2688,30
2688,6
2688,34
2689,110
2689,38
2690,96
2690,86
2690,91
2690,72
2690,12
2690,40
2691,61
2692,13
2692,1
2692,4
2692,62
2692,3
2692,10
2692,6
2693,96
2693,19
2693,26
2693,126
2693,21
2693,18
2693,101
2693,27
2694,56
2694,96
2694,86
2694,28
2694,77
2694,19
2694,27
2694,21
2694,30
2694,107
2694,12
2694,64
2695,4
2695,3
2697,57
2697,94
2697,38
2697,4
2697,61
2697,17
2697,103
2697,40
2697,34
2698,56
2698,1
2698,19
2698,5
2698,76
2698,4
2698,3
2698,6
2699,34
2700,56
2700,13
2700,28
2700,38
2700,55
2700,4
2700,30
2700,3
2701,13
2701,105
2701,6
2702,13
2702,1
2702,76
2702,62
2702,10
2702,6
2703,13
2703,28
2703,1
2703,58
2703,4
2703,62
2703,30
2704,13
2704,2
2704,1
2704,40
2705,2
2705,7
2705,62
2705,10
2705,6
2705,34
2706,2
2707,13
2707,75
2707,18
2707,3
2707,72
2708,12
2708,40
2708,116
2708,27
2709,20
2709,24
2710,13
2710,1
2710,62
2711,56
2711,13
2711,94
2711,15
2711,38
2711,30
2711,3
2711,91
2711,10
2711,6
2711,71
2712,63
2712,28
2712,24
2712,30
2713,95
2713,21
2713,120
2713,12
2713,34
2713,27
2714,56
2714,31
2714,54
2714,90
2714,9
2714,55
2715,56
2715,85
2715,13
2715,58
2715,38
2715,30
2715,3
2715,111
2716,79
2716,19
2716,116
2716,27
2717,56
2717,77
2717,8
2717,26
2717,107
2717,124
2717,27
2718,56
2718,19
2718,72
2718,12
2718,40
2718,34
2718,27
2719,95
2719,115
2719,34
2720,57
2720,13
2720,62
2720,4
2720,3
2720,34
2721,49
2722,56
2722,4
2722,31
2722,3
2723,56
2723,29
2723,51
2723,31
2723,4
2723,3
2723,6
2725,12
2726,13
2726,19
2726,44
2726,26
2726,10
2726,38
2726,12
2726,40
2727,13
2727,2
2727,55
2727,62
2727,61
2727,3
2727,10
2727,6
2728,50
2728,7
2728,2
2728,62
2728,10
2728,6
2728,34
2729,75
2729,53
2729,9
2729,3
2730,54
2730,4
2730,3
2731,56
2731,13
2731,28
2731,48
2731,31
2731,59
2731,119
2731,38
2731,4
2731,66
2731,3
2731,91
2731,30
2731,64
2732,13
2732,1
2732,14
2732,118
2732,35
2732,49
2732,36
2732,75
2732,6
2732,37
2732,4
2732,120
2732,40
2732,34
2733,115
2733,19
2733,26
2734,1
2734,19
2734,4
2734,62
2734,3
2734,17
2734,10
2734,6
2735,51
2735,43
2735,75
2735,61
2735,17
2735,10
2735,34
2736,35
2736,34
2736,6
2736,61
2737,105
2737,38
2737,3
2738,110
2738,4
2738,44
2738,38
2739,1
2739,14
2739,19
2739,35
2739,36
2739,37
2739,38
2739,4
2739,61
2739,30
2739,40
2740,48
2740,35
2740,83
2740,75
2740,11
2741,14
2741,38
2741,103
2742,50
2742,1
2742,7
2742,73
2742,52
2742,53
2742,81
2742,10
2742,6
2742,34
2743,13
2743,65
2743,29
2743,3
2743,6
2743,64
2744,67
2744,19
2744,4
2744,51
2745,58
2745,1
2745,12
2746,4
2746,19
2746,3
2747,38
2747,61
2747,3
2748,56
2748,13
2748,28
2748,1
2748,14
2748,31
2748,16
2748,9
2748,4
2748,62
2748,30
2748,3
2748,10
2748,34
2749,13
2749,1
2749,19
2749,67
2749,18
2749,17
2749,12
2750,43
2750,90
2750,41
2750,4
2750,18
2750,61
2750,17
2750,40
2751,19
2751,67
2751,52
2751,4
2751,18
2751,17
2751,12
2751,40
2751,34
2752,56
2752,96
2752,19
2752,58
2752,21
2752,108
2753,1
2753,54
2753,3
2753,4
2753,5
2754,46
2755,85
2755,13
2755,1
2755,19
2755,51
2755,15
2755,61
2755,3
2755,10
2756,79
2756,19
2756,27
2757,6
2757,34
2757,19
2757,66
2758,56
2758,102
2758,19
2758,4
2758,3
2758,120
2758,34
2760,13
2760,14
2760,34
2761,13
2761,67
2761,38
2761,4
2761,42
2761,81
2761,3
2761,17
2761,40
2762,13
2762,51
2762,7
2762,35
2762,15
2762,36
2762,73
2762,59
2762,37
2762,4
2762,81
2762,61
2762,110
2762,10
2763,51
2763,16
2763,26
2763,75
2763,41
2763,10
2764,56
2764,87
2764,116
2764,107
2764,27
2765,75
2766,75
2766,68
2766,136
2766,116
2767,13
2767,1
2767,70
2767,51
2767,14
2767,35
2767,15
2767,73
2767,59
2767,9
2767,26
2767,84
2767,75
2767,4
2767,5
2767,72
2767,11
2767,10
2768,51
2768,75
2768,41
2768,4
2768,10
2769,51
2769,75
2769,41
2769,81
2769,3
2770,51
2770,41
2770,38
2770,81
2770,10
2771,41
2771,4
2771,26
2771,10
2772,35
2772,4
2772,51
2772,10
2773,59
2773,75
2773,4
2773,3
2773,133
2773,6
2774,1
2774,35
2774,116
2774,36
2774,75
2774,37
2774,42
2774,34
2775,96
2775,73
2775,59
2775,4
2775,3
2775,17
2775,10
2775,34
2776,34
2777,51
2777,8
2777,147
2777,84
2777,75
2777,38
2777,129
2777,3
2777,110
2777,10
2778,56
2778,10
2778,84
2778,4
2778,81
2778,33
2778,101
2778,34
2779,65
2779,64
2779,34
2780,10
2780,84
2781,1
2781,51
2781,59
2781,8
2781,84
2781,10
2782,56
2782,82
2782,77
2782,27
2782,78
2782,21
2782,136
2782,97
2782,93
2782,100
2783,56
2783,34
2783,64
2783,66
2784,56
2784,28
2784,14
2784,31
2784,62
2784,30
2784,10
2784,6
2784,34
2785,56
2785,13
2785,31
2785,15
2785,68
2785,3
2785,38
2785,108
2785,66
2785,30
2785,10
2786,113
2786,91
2786,1
2786,4
2787,13
2787,14
2787,35
2787,36
2787,49
2787,44
2787,84
2787,37
2787,38
2787,4
2787,30
2787,110
2787,10
2787,40
2787,131
2788,56
2788,57
2788,13
2788,69
2788,70
2788,73
2788,21
2788,4
2788,66
2788,3
2788,10
2788,6
2788,34
2789,132
2789,48
2789,70
2789,158
2789,75
2789,68
2789,41
2789,4
2789,38
2789,66
2789,3
2790,13
2790,35
2790,36
2790,15
2790,76
2790,37
2790,21
2790,4
2790,3
2790,10
2790,6
2791,73
2791,61
2791,60
2791,63
2791,11
2792,28
2792,132
2792,134
2792,38
2792,4
2792,30
2792,3
2793,54
2793,43
2793,1
2793,3
2794,75
2794,34
2794,100
2795,14
2795,51
2795,76
2795,68
2795,38
2795,4
2795,3
2796,14
2796,19
2796,73
2796,75
2796,68
2796,81
2796,66
2796,117
2796,12
2796,34
2797,19
2797,79
2797,30
2797,12
2797,34
2798,113
2798,17
2798,38
2798,66
2799,75
2799,136
2800,29
2800,76
2801,70
2801,73
2801,59
2801,76
2801,4
2801,3
2801,10
2801,6
2801,34
2802,35
2802,36
2802,49
2802,37
2802,4
2802,110
2802,40
2802,34
2803,56
2803,4
2803,66
2803,84
2804,1
2804,32
2804,4
2804,81
2804,3
2804,91
2804,6
2805,56
2805,69
2805,38
2805,108
2805,3
2806,13
2806,94
2806,132
2806,14
2806,49
2806,26
2806,75
2806,104
2807,1
2807,48
2807,51
2807,8
2807,84
2807,4
2807,129
2807,3
2807,10
2808,56
2808,19
2808,31
2808,26
2808,40
2809,57
2809,104
2809,3
2810,21
2810,27
2811,75
2811,68
2811,8
2811,21
2812,13
2812,4
2812,33
2812,3
2813,70
2813,51
2813,146
2813,84
2813,4
2813,129
2813,3
2813,10
2814,54
2814,58
2814,84
2814,75
2814,129
2814,3
2815,56
2815,47
2815,21
2815,111
2816,13
2816,47
2816,14
2816,51
2816,35
2816,49
2816,15
2816,58
2816,36
2816,147
2816,37
2816,41
2816,38
2816,10
2816,40
2816,34
2817,57
2817,13
2817,32
2817,52
2817,38
2817,4
2817,53
2817,66
2817,3
2817,30
2818,13
2818,35
2818,16
2818,81
2818,63
2818,10
2818,131
2819,13
2819,1
2819,130
2819,58
2819,26
2819,136
2819,88
2819,34
2820,56
2820,13
2820,122
2820,132
2820,49
2820,3
2820,62
2820,42
2820,108
2820,66
2820,61
2820,17
2820,38
2820,30
2821,13
2821,94
2821,15
2821,76
2821,38
2821,4
2821,42
2821,30
2821,3
2821,17
2821,10
2822,69
2822,19
2822,3
2823,13
2823,35
2823,58
2823,44
2823,38
2823,4
2823,61
2823,91
2824,13
2824,19
2824,59
2824,4
2824,3
2824,91
2824,10
2824,6
2825,77
2825,58
2825,75
2825,136
2825,27
2826,30
2826,12
2826,19
2826,26
2827,19
2828,79
2828,68
2828,82
2828,21
2829,66
2829,84
2830,96
2830,116
2831,79
2831,142
2831,24
2831,27
2832,20
2832,19
2832,66
2833,84
2833,41
2833,4
2833,18
2833,129
2833,38
2833,33
2833,72
2833,10
2833,34
2834,147
2834,38
2834,4
2834,61
2834,3
2834,6
2835,28
2835,1
2835,70
2835,90
2835,5
2835,4
2835,30
2835,3
2835,117
2835,10
2835,6
2836,15
2836,13
2836,84
2837,59
2837,6
2837,4
2837,3
2837,64
2838,38
2838,4
2838,33
2838,66
2838,3
2838,6
2838,71
2838,64
2839,13
2839,1
2839,70
2839,44
2839,76
2839,21
2839,62
2839,10
2840,28
2840,132
2840,67
2840,26
2840,30
2841,82
2842,34
2843,79
2843,82
2843,86
2843,27
2844,56
2844,82
2844,26
2844,107
2844,34
2844,27
2845,13
2845,35
2845,75
2845,41
2845,4
2846,13
2846,59
2846,38
2846,4
2846,33
2846,30
2846,3
2846,6
2847,13
2847,14
2847,51
2847,15
2847,26
2847,84
2847,38
2847,34
2848,13
2848,43
2848,52
2848,76
2848,68
2848,38
2848,30
2848,3
2848,10
2848,34
2849,13
2849,70
2849,35
2849,26
2849,75
2849,38
2849,4
2849,42
2849,3
2849,10
2849,34
2850,13
2850,28
2850,19
2850,32
2850,4
2850,30
2850,3
2850,6
2851,47
2851,48
2851,35
2851,36
2851,49
2851,90
2851,37
2851,21
2851,4
2851,38
2851,66
2851,40
2852,19
2852,73
2852,59
2852,4
2852,97
2852,62
2852,3
2853,19
2853,66
2853,3
2854,56
2854,94
2854,51
2854,19
2854,26
2854,76
2854,68
2854,33
2854,3
2854,17
2854,71
2855,58
2855,26
2855,75
2855,142
2855,3
2855,63
2855,10
2856,130
2856,26
2856,75
2856,62
2856,24
2856,30
2857,56
2857,65
2857,28
2857,38
2857,81
2857,66
2857,3
2857,91
2857,30
2857,89
2858,13
2858,49
2858,4
2858,40
2858,34
2859,17
2859,1
2859,4
2859,3
2860,69
2860,19
2860,38
2860,4
2860,66
2860,3
2861,13
2861,104
2861,60
2861,3
2862,19
2862,8
2862,61
2862,60
2862,104
2862,10
2863,14
2863,35
2863,36
2863,75
2863,37
2863,30
2863,3
2863,104
2863,40
2864,13
2864,19
2864,84
2864,83
2864,4
2864,62
2864,11
2864,104
2865,57
2865,13
2865,112
2865,28
2865,26
2865,3
2865,4
2865,104
2865,61
2865,66
2865,91
2865,30
2865,117
2866,79
2866,78
2866,153
2866,27
2867,13
2867,94
2867,51
2867,26
2867,134
2867,75
2867,41
2867,3
2868,126
2868,19
2868,27
2869,13
2869,69
2869,19
2869,3
2869,71
2870,13
2870,19
2870,52
2870,4
2870,62
2870,3
2871,13
2871,4
2871,61
2871,70
2872,13
2872,35
2872,36
2872,39
2872,37
2872,68
2872,38
2872,81
2872,61
2872,3
2872,63
2873,13
2873,28
2873,132
2873,4
2873,53
2873,30
2873,3
2873,117
2874,13
2874,68
2874,66
2874,3
2874,6
2874,71
2875,16
2875,35
2875,84
2875,76
2876,56
2876,76
2876,4
2876,60
2876,3
2877,28
2877,1
2877,19
2877,4
2877,30
2877,3
2878,13
2878,14
2878,51
2878,35
2878,36
2878,16
2878,83
2878,75
2878,37
2878,41
2878,38
2878,30
2878,40
2878,34
2879,13
2879,14
2879,35
2879,49
2879,38
2879,30
2879,3
2879,104
2879,40
2880,13
2880,19
2880,52
2880,68
2880,38
2880,4
2880,30
2880,3
2880,17
2881,13
2881,70
2881,51
2881,75
2881,3
2881,17
2881,10
2882,56
2882,57
2882,13
2882,28
2882,31
2882,38
2882,4
2882,30
2882,3
2882,91
2883,27
2883,76
2884,19
2884,84
2885,8
2885,26
2885,24
2885,27
2886,28
2886,21
2886,19
2886,30
2887,19
2887,90
2887,62
2887,4
2887,6
2888,19
2888,16
2888,62
2888,3
2888,6
2889,19
2889,52
2889,68
2889,4
2889,53
2889,3
2889,6
2890,51
2890,59
2890,84
2890,4
2890,129
2890,3
2890,10
2890,34
2891,1
2891,59
2891,84
2891,10
2891,119
2891,4
2891,129
2891,12
2891,34
2892,56
2892,1
2892,51
2892,8
2892,84
2892,129
2892,34
2893,13
2893,38
2893,61
2893,3
2893,63
2894,13
2894,19
2895,14
2895,49
2895,54
2895,4
2895,33
2895,110
2895,34
2896,13
2896,19
2896,68
2896,3
2896,17
2897,56
2897,4
2897,13
2897,46
2898,13
2898,51
2898,35
2898,15
2898,16
2898,75
2898,4
2898,3
2898,10
2898,6
2899,3
2899,4
2899,76
2900,57
2900,13
2900,112
2900,16
2900,83
2900,4
2900,3
2900,117
2900,10
2901,49
2901,58
2901,26
2901,21
2901,12
2902,57
2902,13
2902,112
2902,19
2902,60
2902,3
2902,133
2902,10
2903,13
2903,1
2903,35
2903,36
2903,15
2903,37
2903,4
2903,40
2903,34
2904,13
2904,47
2904,14
2904,51
2904,35
2904,36
2904,37
2904,41
2904,4
2904,34
2904,137
2905,18
2905,34
2906,113
2906,13
2907,113
2907,1
2907,13
2907,54
2908,13
2908,4
2908,33
2908,66
2908,3
2908,89
2909,70
2909,51
2909,14
2909,35
2909,49
2909,36
2909,76
2909,75
2909,37
2909,21
2910,13
2910,14
2910,49
2910,11
2910,10
2910,34
2911,20
2911,40
2912,13
2912,47
2912,14
2912,49
2912,30
2912,39
2912,34
2913,47
2913,1
2913,70
2913,14
2913,35
2913,36
2913,37
2913,30
2913,110
2913,40
2913,34
2914,112
2914,47
2914,14
2914,35
2914,36
2914,49
2914,37
2914,30
2914,40
2914,34
2915,113
2915,13
2915,1
2915,70
2915,14
2915,35
2915,49
2915,36
2915,16
2915,37
2915,106
2915,4
2915,38
2915,30
2915,110
2915,40
2916,67
2916,78
2916,26
2916,68
2916,12
2917,13
2917,50
2917,67
2917,52
2917,76
2917,68
2917,4
2917,6
2918,13
2918,14
2918,54
2918,67
2918,4
2918,81
2918,3
2918,10
2919,56
2919,67
2919,84
2919,21
2919,33
2919,60
2919,3
2919,6
2919,71
2921,75
2921,19
2922,57
2922,112
2922,14
2922,35
2922,36
2922,58
2922,52
2922,37
2922,88
2922,30
2922,12
2923,56
2923,68
2923,19
2923,3
2924,87
2924,19
2924,77
2924,21
2924,12
2924,27
2925,82
2925,25
2925,27
2926,112
2926,67
2926,88
2926,24
2926,3
2927,56
2927,19
2927,26
2927,24
2927,3
2927,64
2927,27
2928,13
2928,4
2928,3
2928,12
2928,6
2929,19
2929,16
2929,134
2929,83
2929,4
2929,42
2929,3
2929,6
2929,34
2930,75
2930,68
2930,21
2930,12
2931,13
2931,14
2931,19
2931,51
2931,67
2931,4
2931,42
2931,3
2931,17
2931,6
2932,56
2932,13
2932,29
2932,15
2932,84
2932,41
2933,19
2933,78
2933,26
2933,75
2933,24
2933,30
2934,75
2934,48
2934,51
2935,13
2935,19
2935,21
2935,3
2935,10
2935,6
2936,14
2936,35
2936,36
2936,75
2936,68
2936,37
2936,38
2936,4
2936,66
2936,39
2936,40
2936,34
2937,14
2937,77
2937,16
2937,142
2937,41
2937,38
2937,66
2938,13
2938,114
2938,90
2938,4
2938,53
2938,3
2938,6
2939,103
2939,3
2940,14
2940,51
2940,54
2940,43
2940,10
2940,4
2940,17
2940,103
2940,40
2940,34
2941,56
2941,87
2941,19
2941,8
2941,107
2941,12
2941,40
2941,27
2942,11
2942,61
2942,3
2943,13
2943,95
2943,38
2944,75
2944,68
2944,10
2944,51
2945,82
2945,22
2945,27
2946,13
2946,28
2946,1
2946,73
2946,52
2946,4
2946,30
2946,3
2947,113
2947,142
2947,158
2948,13
2948,53
2948,3
2948,17
2948,117
2948,34
2949,13
2949,19
2949,8
2949,67
2949,37
2949,4
2949,3
2949,10
2950,58
2950,21
2950,19
2950,90
2951,75
2953,87
2953,19
2953,26
2953,12
2953,34
2954,56
2954,19
2954,58
2954,8
2954,107
2954,27
2955,82
2955,58
2955,8
2955,34
2955,27
2956,13
2956,30
2956,12
2956,26
2957,57
2957,13
2957,19
2957,32
2957,38
2957,4
2957,30
2957,3
2957,6
2958,58
2958,26
2958,3
2959,56
2959,28
2959,1
2959,70
2959,7
2959,31
2959,4
2959,30
2959,3
2959,10
2959,6
2960,56
2960,13
2960,1
2960,19
2960,2
2960,4
2960,3
2960,6
2961,13
2961,19
2961,51
2961,52
2961,68
2961,4
2961,42
2961,3
2961,17
2961,6
2962,1
2962,35
2962,73
2962,26
2962,38
2962,81
2962,30
2962,3
2962,6
2963,57
2963,13
2963,1
2963,19
2963,68
2963,4
2963,62
2963,3
2963,17
2964,28
2964,14
2964,19
2964,38
2964,30
2964,3
2965,56
2965,58
2965,144
2965,75
2965,60
2965,3
2965,17
2965,71
2966,1
2966,51
2966,54
2966,68
2966,4
2966,42
2966,3
2966,10
2966,46
2967,95
2967,21
2968,13
2968,1
2968,15
2968,84
2968,46
2969,76
2969,21
2969,38
2969,61
2969,3
2969,30
2969,11
2970,57
2970,69
2970,19
2970,83
2970,145
2970,3
2971,13
2971,19
2971,35
2971,8
2971,4
2971,53
2971,61
2971,3
2971,34
2972,69
2972,10
2972,3
2973,79
2973,21
2973,19
2973,27
2974,13
2974,19
2974,49
2974,4
2974,42
2974,3
2974,17
2974,6
2975,126
2975,21
2976,56
2976,86
2976,19
2976,116
2976,43
2976,107
2976,12
2977,12
2977,40
2978,40
2978,100
2979,13
2979,51
2979,75
2979,4
2979,3
2979,17
2979,10
2980,13
2980,28
2980,1
2980,19
2980,21
2980,60
2980,30
2980,10
2980,34
2981,13
2981,28
2981,1
2981,19
2981,2
2981,32
2981,26
2981,4
2981,30
2981,3
2981,10
2981,6
2982,13
2982,29
2982,52
2982,26
2982,41
2982,4
2982,38
2982,17
2982,34
2983,13
2983,1
2983,15
2983,59
2983,76
2983,3
2983,17
2983,10
2983,128
2984,13
2984,19
2984,73
2984,4
2984,62
2984,3
2985,85
2985,13
2985,132
2985,62
2985,60
2986,14
2986,35
2986,70
2986,49
2986,36
2986,135
2986,37
2986,38
2986,10
2986,40
2986,34
2987,82
2987,21
2987,78
2987,27
2988,3
2989,57
2989,103
2989,4
2989,3
2990,56
2990,13
2990,103
2990,86
2990,31
2990,10
2990,61
2990,3
2990,107
2991,75
2991,110
2991,104
2991,3
2992,35
2992,36
2992,58
2992,73
2992,37
2992,4
2992,97
2992,61
2992,3
2992,30
2993,77
2993,116
2993,75
2993,142
2993,136
2993,27
2994,21
2994,19
2994,84
2995,56
2995,13
2995,1
2995,29
2995,8
2995,4
2996,13
2996,28
2996,1
2996,4
2996,66
2996,3
2996,30
2996,10
2996,6
2997,13
2997,1
2997,8
2997,4
2997,42
2997,60
2997,3
2998,56
2998,28
2998,1
2998,19
2998,54
2998,142
2998,4
2998,62
2998,30
2998,3
2998,107
2998,6
2999,19
2999,116
2999,130
2999,23
2999,92
2999,26
2999,75
2999,68
2999,142
2999,136
2999,160
2999,66
2999,88
2999,20
2999,40
3000,13
3000,94
3000,15
3000,9
3000,75
3000,4
3000,81
3000,66
3000,3
3000,91
3000,72
3000,10
3001,13
3001,34
3001,1
3001,58
3001,44
3001,10
3001,75
3001,41
3001,4
3001,142
3001,88
3001,3
3001,62
3001,38
3001,12
3001,40
3001,93
3002,13
3002,28
3002,70
3002,73
3002,59
3002,26
3002,75
3002,38
3002,4
3002,97
3002,30
3002,17
3003,13
3003,28
3003,51
3003,35
3003,15
3003,59
3003,75
3003,4
3003,155
3003,81
3003,3
3003,30
3003,10
3003,131
3004,13
3004,35
3004,58
3004,76
3004,75
3004,41
3004,4
3004,142
3004,61
3004,62
3004,81
3004,63
3004,10
3004,34
3004,131
3005,1
3005,116
3005,62
3005,4
3005,10
3006,13
3006,14
3006,51
3006,15
3006,16
3006,75
3006,41
3006,4
3006,38
3006,3
3006,91
3006,10
3007,16
3007,62
3007,4
3008,13
3008,35
3008,116
3008,36
3008,75
3008,37
3008,38
3008,4
3008,62
3008,12
3008,40
3008,34
3009,98
3009,78
3009,24
3010,8
3010,10
3010,129
3011,1
3011,7
3011,4
3011,53
3011,62
3011,3
3011,10
3012,96
3012,58
3012,67
3012,26
3012,88
3013,75
3013,116
3013,45
3014,56
3014,57
3014,13
3014,3
3014,62
3014,108
3014,60
3014,66
3015,1
3015,19
3015,7
3015,9
3015,53
3015,62
3015,11
3016,73
3016,4
3016,3
3017,62
3017,53
3017,4
3017,3
3017,10
3018,69
3018,19
3018,73
3018,21
3018,61
3018,3
3018,11
3019,13
3019,14
3019,51
3019,35
3019,8
3019,84
3019,75
3019,41
3019,4
3019,38
3019,129
3019,10
3019,34
3019,131
3020,14
3020,19
3020,62
3020,11
3020,103
3021,14
3021,120
3021,38
3021,4
3021,63
3022,56
3022,13
3022,19
3022,35
3022,63
3022,11
3022,10
3022,111
3022,131
3023,37
3023,35
3023,40
3023,36
3024,112
3024,87
3024,19
3024,21
3024,18
3025,94
3025,48
3025,51
3025,35
3025,39
3025,83
3025,75
3025,68
3025,41
3025,81
3025,66
3025,91
3025,63
3025,40
3026,115
3027,112
3027,14
3027,51
3027,35
3027,36
3027,37
3027,38
3027,4
3027,10
3027,40
3028,13
3028,19
3028,21
3028,10
3028,34
3029,96
3029,82
3029,21
3029,98
3030,13
3030,102
3030,29
3030,3
3031,13
3031,17
3031,10
3031,3
3032,13
3032,1
3032,19
3032,7
3032,62
3032,10
3033,13
3033,38
3033,3
3033,115
3033,6
3034,13
3034,53
3034,4
3034,3
3035,146
3035,21
3035,35
3035,27
3036,56
3036,13
3036,87
3036,69
3036,19
3036,90
3036,21
3036,4
3036,108
3036,3
3036,64
3037,56
3037,13
3037,17
3037,10
3037,64
3037,34
3038,51
3038,147
3038,75
3038,17
3038,10
3039,57
3039,96
3039,112
3039,13
3039,19
3039,66
3039,3
3039,63
3040,56
3040,13
3040,8
3040,21
3040,107
3040,40
3040,34
3040,27
3041,79
3041,26
3041,27
3042,96
3042,82
3042,135
3042,26
3042,68
3042,142
3042,21
3042,40
3042,34
3043,75
3043,78
3043,61
3044,48
3044,51
3044,70
3044,14
3044,35
3044,49
3044,16
3044,36
3044,37
3044,40
3044,34
3044,137
3045,1
3045,14
3045,51
3045,4
3045,40
3045,34
3046,56
3046,13
3046,28
3046,54
3046,4
3046,66
3046,3
3046,30
3047,13
3047,1
3047,69
3047,19
3047,59
3047,3
3047,6
3048,112
3048,1
3048,19
3048,78
3048,3
3048,40
3049,112
3049,35
3049,36
3049,52
3049,37
3049,38
3049,4
3049,40
3050,56
3050,29
3050,48
3050,35
3050,8
3050,153
3050,17
3051,56
3051,13
3051,50
3051,118
3051,31
3051,35
3051,90
3051,59
3051,4
3051,3
3051,10
3052,57
3052,28
3052,1
3052,118
3052,19
3052,58
3052,78
3052,4
3052,30
3052,3
3052,17
3053,56
3053,73
3053,30
3054,7
3054,73
3054,4
3054,55
3054,81
3054,3
3054,30
3054,10
3054,6
3056,13
3056,7
3056,73
3056,4
3056,97
3056,53
3056,3
3056,62
3056,81
3056,30
3056,10
3057,13
3057,21
3057,4
3057,3
3057,91
3057,64
3057,89
3058,13
3058,102
3058,5
3058,76
3058,4
3058,3
3059,13
3059,1
3059,90
3059,59
3059,76
3059,4
3059,3
3059,10
3059,6
3059,34
3060,13
3060,104
3060,19
3061,126
3061,21
3062,120
3062,38
3062,30
3063,102
3063,32
3063,90
3063,76
3063,4
3063,3
3064,13
3064,19
3064,73
3064,59
3064,4
3064,3
3064,6
3065,13
3065,28
3065,1
3065,30
3065,3
3065,10
3065,6
3066,4
3066,103
3066,6
3066,3
3067,13
3067,132
3067,19
3067,4
3067,62
3067,3
3068,56
3068,107
3068,40
3068,27
3069,57
3069,13
3069,102
3069,1
3069,32
3069,9
3069,4
3069,62
3069,81
3069,3
3069,117
3069,103
3069,34
3070,57
3070,13
3070,94
3070,51
3070,19
3070,76
3070,68
3070,4
3070,53
3070,3
3070,17
3070,6
3071,14
3071,36
3071,59
3071,21
3071,13
3071,48
3071,19
3071,75
3071,110
3071,144
3071,83
3071,10
3071,131
3071,35
3071,37
3071,41
3071,4
3071,42
3071,38
3071,34
3072,62
3072,4
3072,38
3072,3
3073,57
3073,19
3073,38
3073,62
3073,61
3073,3
3073,30
3073,6
3074,56
3074,13
3074,19
3074,38
3074,53
3074,30
3074,3
3074,103
3074,6
3074,71
3075,82
3075,21
3075,76
3076,28
3076,1
3076,19
3076,32
3076,4
3076,55
3076,24
3076,3
3076,62
3076,30
3076,10
3077,13
3077,1
3077,14
3077,51
3077,15
3077,5
3077,75
3077,41
3077,4
3077,42
3077,62
3077,3
3077,17
3077,117
3078,13
3078,35
3078,36
3078,37
3078,4
3078,153
3078,61
3078,3
3078,53
3078,34
3079,28
3079,1
3079,70
3079,4
3079,53
3079,55
3079,3
3079,30
3079,10
3079,6
3080,37
3080,58
3080,138
3080,39
3081,1
3081,19
3081,35
3081,36
3081,95
3081,44
3081,9
3081,37
3081,4
3081,3
3081,39
3082,87
3082,21
3082,27
3083,13
3083,65
3083,31
3083,54
3083,59
3083,21
3083,4
3083,3
3083,39
3083,10
3084,13
3084,35
3084,36
3084,2
3084,73
3084,76
3084,37
3084,4
3084,61
3084,39
3084,10
3084,40
3085,82
3085,27
3086,58
3086,38
3086,12
3087,82
3087,58
3087,8
3087,26
3087,21
3087,24
3087,12
3088,87
3088,27
3089,21
3089,12
3089,19
3089,26
3090,33
3090,60
3090,3
3091,12
3091,3
3092,59
3092,44
3092,52
3092,38
3092,62
3092,53
3092,34
3093,13
3093,28
3093,1
3093,14
3093,16
3093,4
3093,62
3093,30
3093,5
3093,6
3093,34
3094,38
3094,4
3094,34
3094,3
3095,19
3095,26
3095,21
3095,4
3095,3
3095,117
3096,13
3096,104
3096,10
3096,34
3097,13
3097,122
3097,19
3097,51
3097,119
3097,21
3097,60
3097,61
3097,10
3098,79
3098,82
3098,115
3098,19
3099,58
3099,21
3099,12
3099,34
3100,77
3100,58
3100,21
3100,12
3100,34
3100,27
3101,13
3101,1
3101,41
3101,4
3101,38
3101,3
3101,10
3102,13
3102,1
3102,4
3102,3
3103,56
3103,29
3103,13
3104,56
3104,13
3104,28
3104,73
3104,62
3104,30
3105,58
3105,84
3105,123
3105,18
3105,34
3106,56
3106,13
3106,21
3106,4
3106,3
3106,10
3107,13
3107,21
3107,34
3109,14
3109,51
3109,41
3109,4
3109,33
3109,17
3109,10
3109,40
3109,34
3110,13
3110,14
3110,15
3110,16
3110,10
3110,34
3111,13
3111,29
3111,73
3111,10
3111,21
3111,4
3111,12
3111,40
3111,34
3112,21
3112,12
3112,26
3113,19
3113,77
3113,76
3113,79
3113,21
3113,27
3114,13
3114,38
3114,61
3114,3
3114,105
3115,13
3115,7
3115,97
3115,4
3115,62
3115,81
3115,30
3115,6
3116,57
3116,112
3116,28
3116,38
3116,4
3116,30
3116,10
3117,13
3117,69
3117,4
3117,3
3117,101
3118,13
3118,14
3118,19
3118,35
3118,26
3118,10
3118,38
3118,4
3118,81
3118,110
3118,12
3119,19
3119,79
3119,30
3119,12
3119,27
3120,13
3120,73
3120,4
3120,97
3120,53
3120,3
3120,30
3121,35
3121,36
3121,49
3121,37
3121,4
3121,40
3122,13
3122,44
3122,79
3122,21
3122,12
3122,40
3122,27
3123,134
3123,21
3123,78
3123,84
3124,82
3124,21
3125,56
3125,86
3125,116
3125,88
3125,72
3125,107
3125,12
3126,1
3126,14
3126,5
3126,62
3126,3
3126,10
3126,6
3127,26
3128,8
3129,56
3129,13
3129,31
3129,54
3129,90
3130,70
3130,76
3130,21
3130,61
3130,3
3131,13
3131,28
3131,1
3131,106
3131,30
3131,3
3131,10
3132,13
3132,58
3132,76
3132,75
3132,3
3132,61
3132,60
3132,104
3132,10
3133,13
3133,1
3133,2
3133,15
3133,76
3133,4
3133,62
3133,3
3133,11
3133,10
3133,6
3134,13
3134,1
3134,2
3134,15
3134,76
3134,4
3134,62
3134,3
3134,10
3134,6
3135,56
3135,113
3135,13
3135,1
3135,2
3135,15
3135,76
3135,4
3135,62
3135,108
3135,3
3135,10
3135,6
3136,56
3136,13
3136,31
3136,15
3136,76
3136,4
3136,62
3136,3
3136,10
3136,6
3137,56
3137,2
3137,76
3137,11
3137,111
3138,139
3138,26
3138,35
3138,114
3139,13
3139,14
3139,15
3139,58
3139,26
3139,38
3139,3
3139,110
3140,56
3140,53
3140,111
3140,3
3141,29
3141,43
3141,8
3141,17
3141,12
3141,40
3143,56
3143,13
3143,82
3143,78
3143,80
3143,107
3143,27
3144,48
3144,35
3144,49
3144,16
3144,109
3144,38
3144,40
3145,1
3145,44
3145,84
3145,10
3145,38
3145,4
3145,129
3145,17
3145,12
3145,34
3146,8
3146,19
3147,56
3147,8
3147,113
3147,84
3148,35
3148,2
3148,75
3148,4
3148,62
3148,3
3148,11
3148,6
3149,56
3149,75
3149,4
3149,108
3149,3
3149,10
3150,96
3150,21
3150,27
3151,82
3152,13
3152,1
3152,55
3152,2
3153,13
3153,1
3153,4
3154,56
3154,21
3154,9
3155,28
3155,9
3155,61
3155,30
3155,72
3156,18
3156,12
3156,78
3157,13
3157,28
3157,109
3157,62
3157,4
3157,30
3157,3
3157,34
3158,96
3158,21
3158,26
3159,13
3159,35
3159,73
3159,8
3159,78
3159,21
3159,4
3159,10
3159,34
3160,13
3160,1
3160,43
3160,44
3160,62
3160,40
3160,46
3161,13
3161,28
3161,35
3161,54
3161,38
3161,30
3161,3
3162,19
3162,40
3163,13
3163,11
3163,38
3163,3
3164,13
3164,28
3164,14
3164,35
3164,36
3164,73
3164,83
3164,75
3164,37
3164,38
3164,4
3164,30
3164,63
3164,10
3165,13
3165,70
3165,118
3165,7
3165,5
3165,76
3165,4
3165,62
3165,3
3165,6
3166,42
3166,19
3166,153
3166,34
3167,1
3167,70
3167,2
3167,5
3167,21
3167,3
3167,105
3168,19
3168,38
3168,62
3168,30
3168,3
3168,17
3168,6
3169,13
3169,10
3169,46
3170,56
3170,65
3170,31
3170,3
3170,4
3170,108
3170,66
3170,101
3170,64
3171,48
3171,51
3171,35
3171,43
3171,16
3171,75
3171,21
3171,34
3172,13
3172,15
3172,59
3172,52
3172,4
3172,3
3172,17
3172,12
3173,56
3173,13
3173,4
3173,53
3173,108
3173,3
3173,62
3173,11
3174,13
3174,19
3174,9
3174,119
3174,55
3174,62
3174,3
3174,6
3175,13
3175,103
3176,13
3176,53
3176,4
3176,3
3177,56
3177,96
3177,58
3177,12
3177,111
3178,21
3178,12
3178,78
3178,76
3179,56
3179,58
3179,26
3179,21
3179,107
3180,30
3180,21
3180,26
3180,3
3181,56
3181,8
3181,75
3181,21
3181,107
3182,1
3182,118
3182,26
3182,38
3182,30
3183,13
3183,1
3183,59
3183,68
3183,38
3183,4
3183,66
3183,3
3183,6
3183,34
3184,13
3184,1
3184,73
3184,78
3184,4
3184,53
3184,61
3184,62
3185,16
3185,19
3185,61
3186,56
3186,57
3186,13
3186,68
3186,38
3186,3
3186,6
3186,71
3187,56
3187,69
3187,19
3187,26
3187,68
3187,38
3187,30
3187,3
3187,10
3187,64
3188,13
3188,1
3188,10
3188,4
3188,103
3188,34
3189,56
3189,13
3189,31
3189,54
3189,76
3189,38
3189,4
3189,62
3189,3
3189,11
3190,56
3190,21
3190,62
3190,13
3191,51
3192,51
3192,8
3192,4
3192,3
3192,34
3193,57
3193,13
3193,1
3193,31
3193,4
3193,55
3193,3
3193,10
3193,34
3194,58
3194,143
3194,12
3194,34
3194,46
3195,13
3195,46
3196,13
3196,28
3196,19
3196,2
3196,32
3196,147
3196,4
3196,53
3196,30
3196,3
3196,6
3197,13
3197,1
3197,29
3197,54
3197,61
3197,3
3198,13
3198,102
3198,1
3198,31
3198,90
3198,10
3198,4
3198,33
3198,3
3198,105
3198,103
3199,21
3199,19
3199,22
3200,13
3200,28
3200,15
3200,3
3200,4
3200,30
3200,5
3201,56
3201,34
3201,51
3201,4
3201,10
3201,71
3202,7
3202,38
3202,62
3202,4
3202,3
3202,10
3203,28
3203,1
3203,70
3203,53
3203,30
3203,3
3204,13
3204,1
3204,19
3204,68
3204,4
3204,42
3204,3
3205,1
3205,58
3205,26
3205,4
3205,3
3206,13
3206,47
3206,35
3206,36
3206,15
3206,43
3206,75
3206,37
3206,33
3206,66
3206,39
3206,40
3207,8
3207,44
3207,21
3207,12
3207,27
3208,13
3208,1
3208,73
3208,38
3208,4
3208,62
3208,30
3208,11
3208,10
3208,34
3209,28
3209,1
3209,118
3209,73
3209,26
3209,4
3209,30
3209,3
3210,19
3210,51
3210,8
3210,60
3210,3
3210,17
3210,104
3211,28
3211,38
3211,62
3211,4
3211,81
3211,3
3211,91
3211,30
3211,6
3212,96
3212,21
3212,12
3213,73
3213,76
3213,4
3213,11
3213,6
3214,28
3214,58
3214,4
3214,42
3214,55
3214,3
3214,30
3214,17
3215,56
3215,28
3215,1
3215,14
3215,31
3215,21
3215,30
3215,3
3215,10
3215,6
3216,13
3216,117
3216,10
3216,34
3217,56
3217,13
3217,7
3217,90
3217,4
3217,81
3217,66
3217,3
3217,91
3217,10
3218,13
3218,1
3218,19
3218,7
3218,2
3218,44
3218,62
3218,81
3218,129
3218,3
3218,63
3218,34
3219,13
3219,19
3219,31
3219,32
3219,54
3219,76
3219,4
3220,13
3220,19
3220,76
3220,66
3220,3
3220,63
3220,11
3221,29
3221,35
3221,114
3221,158
3221,2
3221,146
3222,13
3222,1
3222,69
3222,19
3222,31
3222,67
3222,76
3222,53
3222,3
3223,77
3223,146
3223,75
3223,21
3223,27
3224,19
3225,112
3225,19
3225,77
3225,76
3225,88
3225,27
3226,56
3226,57
3226,28
3226,1
3226,14
3226,31
3226,73
3226,38
3226,4
3226,62
3226,81
3226,30
3226,10
3226,6
3227,113
3227,1
3227,48
3227,70
3227,26
3227,4
3227,42
3227,62
3227,3
3227,91
3227,17
3227,81
3227,117
3227,10
3227,6
3228,56
3228,13
3228,59
3228,66
3228,3
3228,11
3228,10
3229,19
3229,51
3229,68
3229,3
3229,38
3229,61
3229,66
3229,30
3229,6
3230,8
3230,38
3230,30
3230,104
3230,10
3231,13
3231,1
3231,19
3231,32
3231,21
3231,4
3231,3
3231,63
3232,75
3232,12
3232,116
3233,35
3233,36
3233,49
3233,54
3233,37
3233,39
3233,110
3234,75
3234,51
3234,3
3235,142
3235,8
3235,21
3235,35
3236,165
3236,116
3236,146
3236,84
3236,79
3236,142
3236,136
3236,27
3237,56
3237,8
3237,75
3237,107
3237,27
3238,13
3238,14
3238,15
3238,4
3238,42
3238,81
3238,17
3238,11
3238,10
3239,82
3239,34
3239,115
3239,40
3239,93
3239,27
3240,26
3241,19
3241,23
3241,26
3241,153
3241,24
3241,40
3242,116
3242,19
3242,26
3243,96
3243,38
3243,44
3244,21
3244,12
3244,27
3244,76
3245,79
3245,19
3245,24
3246,13
3246,4
3246,3
3246,11
3246,6
3247,15
3247,11
3247,13
3247,84
3248,13
3248,15
3248,38
3248,61
3248,103
3249,13
3249,91
3249,3
3250,13
3250,31
3250,84
3250,76
3250,66
3251,13
3251,73
3251,60
3251,10
3251,34
3252,13
3252,28
3252,1
3252,118
3252,90
3252,30
3252,110
3252,6
3252,34
3253,51
3253,52
3253,75
3253,68
3253,4
3253,66
3253,17
3253,40
3253,34
3254,56
3254,70
3254,35
3254,158
3254,44
3254,10
3254,3
3254,4
3254,62
3254,108
3254,45
3254,38
3254,120
3254,12
3254,34
3255,13
3255,1
3255,44
3255,38
3255,11
3256,89
3256,34
3256,76
3257,38
3257,10
3257,3
3258,56
3258,65
3258,13
3258,69
3258,19
3258,31
3258,54
3258,73
3258,4
3258,3
3259,86
3259,56
3259,126
3259,21
3259,107
3259,27
3260,56
3260,13
3260,32
3260,68
3260,4
3260,33
3260,66
3260,3
3261,56
3261,38
3261,27
3262,4
3262,3
3263,69
3263,19
3263,76
3263,21
3263,4
3263,3
3263,11
3264,13
3264,1
3264,51
3264,35
3264,26
3264,84
3264,75
3264,4
3264,3
3264,131
3265,38
3265,53
3265,26
3265,3
3266,6
3266,19
3266,66
3267,56
3267,69
3267,19
3267,16
3267,68
3267,4
3267,3
3267,91
3267,71
3268,14
3268,35
3268,36
3268,49
3268,37
3268,41
3268,4
3268,38
3268,3
3268,34
3269,56
3269,69
3269,92
3269,68
3269,3
3269,38
3269,60
3269,66
3269,30
3269,71
3270,28
3270,16
3270,26
3270,84
3270,76
3270,38
3270,42
3270,30
3270,3
3271,75
3271,35
3271,40
3271,49
3272,56
3272,31
3272,101
3272,33
3272,3
3272,10
3272,6
3272,34
3273,75
3273,116
3274,75
3274,19
3274,116
3275,79
3275,142
3275,34
3275,27
3276,82
3276,79
3276,68
3276,21
3276,27
3277,79
3277,30
3277,27
3278,79
3278,82
3278,21
3278,138
3279,79
3279,115
3279,27
3280,20
3280,26
3280,27
3281,13
3281,10
3281,9
3282,13
3282,7
3282,90
3282,76
3282,4
3282,62
3282,10
3283,13
3284,13
3284,28
3284,1
3284,70
3284,38
3284,97
3284,55
3284,62
3284,30
3285,13
3285,147
3285,4
3285,3
3285,6
3286,13
3286,28
3286,38
3286,30
3287,133
3287,21
3287,34
3288,19
3289,13
3289,14
3289,52
3289,76
3289,4
3289,81
3289,3
3289,133
3289,12
3290,13
3290,11
3290,33
3290,86
3292,13
3292,19
3292,58
3292,84
3292,74
3292,68
3293,13
3293,102
3293,134
3293,4
3293,3
3294,13
3294,3
3294,66
3294,84
3295,94
3295,51
3295,35
3295,83
3295,75
3295,68
3295,63
3295,34
3296,13
3296,62
3296,53
3296,19
3297,13
3297,19
3297,60
3298,19
3298,44
3298,3
3299,94
3299,38
3299,14
3299,137
3300,56
3300,13
3300,1
3300,19
3300,10
3300,111
3301,56
3301,82
3301,146
3301,27
3302,79
3302,12
3302,27
3303,126
3303,12
3303,34
3303,27
3304,13
3304,53
3304,4
3304,3
3305,56
3305,19
3305,31
3305,43
3305,59
3305,4
3305,33
3306,58
3306,35
3306,61
3306,3
3307,56
3307,90
3307,59
3307,26
3307,10
3307,71
3308,13
3308,2
3308,58
3308,75
3308,156
3308,41
3308,81
3308,63
3308,10
3308,40
3308,46
3309,13
3309,48
3309,70
3309,14
3309,35
3309,44
3309,38
3309,4
3309,133
3309,61
3309,42
3309,17
3309,11
3309,10
3310,13
3310,51
3310,19
3310,58
3310,52
3310,26
3310,63
3310,41
3310,4
3310,42
3310,3
3310,17
3310,10
3310,34
3311,13
3311,70
3311,35
3311,114
3311,95
3311,26
3311,41
3311,4
3311,42
3311,24
3311,61
3311,10
3311,34
3312,56
3312,70
3312,73
3312,26
3312,108
3312,3
3313,13
3313,19
3313,51
3313,73
3313,68
3313,41
3313,4
3313,42
3313,38
3313,3
3313,30
3313,6
3314,13
3314,48
3314,70
3314,35
3314,36
3314,58
3314,37
3314,136
3314,61
3314,91
3315,13
3315,95
3315,44
3315,38
3315,42
3315,110
3315,46
3316,13
3316,132
3316,35
3316,15
3316,16
3316,76
3316,75
3316,38
3316,4
3316,66
3316,3
3316,91
3316,30
3316,10
3316,131
3317,56
3317,65
3317,31
3317,59
3317,38
3317,4
3317,62
3317,3
3318,56
3318,19
3318,67
3318,26
3318,33
3318,107
3318,12
3318,34
3318,27
3319,23
3319,21
3319,26
3319,27
3320,57
3320,112
3320,16
3320,38
3320,4
3320,3
3320,10
3320,6
3321,38
3322,21
3322,12
3322,22
3323,56
3323,22
3323,58
3323,26
3323,33
3323,3
3323,107
3323,12
3323,40
3323,27
3324,75
3325,19
3326,57
3326,13
3326,112
3326,19
3326,84
3326,3
3326,38
3326,33
3326,60
3326,61
3327,13
3327,69
3327,19
3327,4
3327,3
3328,2
3328,51
3328,38
3328,4
3328,3
3328,12
3329,13
3329,19
3329,163
3329,147
3329,61
3329,3
3329,6
3330,1
3330,14
3330,35
3330,16
3330,75
3330,18
3330,34
3331,75
3331,104
3331,35
3332,28
3332,19
3332,21
3332,38
3332,30
3332,6
3333,13
3333,19
3333,90
3333,4
3333,66
3333,3
3334,27
3335,68
3335,92
3336,21
3336,24
3336,27
3337,82
3337,12
3338,126
3339,13
3339,51
3339,9
3339,84
3339,4
3339,3
3340,50
3340,1
3340,19
3340,52
3340,4
3340,62
3340,3
3340,10
3340,6
3341,132
3341,19
3341,51
3341,35
3341,16
3341,26
3341,155
3341,66
3341,3
3341,81
3341,117
3341,6
3342,13
3342,4
3342,6
3343,54
3343,19
3343,3
3344,13
3344,19
3344,35
3344,32
3344,4
3344,61
3344,3
3345,1
3345,14
3345,26
3345,142
3345,38
3345,10
3345,40
3345,34
3346,56
3346,13
3346,132
3346,19
3346,16
3346,33
3346,3
3346,107
3346,6
3347,56
3347,13
3347,15
3347,59
3347,3
3347,63
3347,71
3347,89
3348,56
3348,96
3348,13
3348,21
3348,62
3348,3
3348,71
3349,56
3349,13
3349,31
3350,13
3350,11
3350,62
3350,46
3351,94
3351,51
3351,35
3351,83
3351,75
3351,68
3351,41
3351,4
3351,136
3351,34
3352,13
3352,4
3352,19
3352,3
3353,19
3353,26
3353,75
3353,41
3353,160
3353,81
3353,20
3353,10
3354,113
3354,13
3354,38
3354,61
3354,3
3354,11
3354,10
3354,6
3355,4
3355,3
3356,47
3356,14
3356,49
3356,136
3356,40
3356,34
3357,122
3357,35
3357,36
3357,83
3357,75
3357,68
3357,139
3357,4
3357,37
3357,40
3358,13
3358,1
3358,16
3358,59
3358,38
3358,4
3358,62
3358,33
3358,3
3358,117
3358,71
3359,21
3359,66
3360,13
3360,19
3360,16
3360,59
3360,4
3360,3
3361,14
3361,83
3361,38
3361,61
3361,60
3361,145
3361,104
3361,34
3362,47
3362,70
3362,51
3362,35
3362,21
3362,4
3362,40
3362,34
3363,35
3363,36
3363,76
3363,37
3363,21
3363,10
3363,34
3364,13
3364,16
3364,19
3365,56
3365,13
3365,67
3365,68
3365,38
3365,60
3365,3
3365,6
3365,71
3366,1
3366,49
3366,59
3366,4
3366,62
3366,81
3366,115
3366,40
3367,48
3367,35
3367,83
3367,75
3367,4
3368,23
3368,19
3369,72
3369,58
3369,120
3370,75
3370,20
3370,24
3371,12
3371,116
3371,27
3372,123
3372,20
3373,19
3373,78
3374,68
3375,78
3376,82
3376,38
3376,78
3377,96
3377,86
3377,14
3377,84
3377,21
3377,38
3377,18
3377,27
3378,19
3379,56
3379,90
3379,66
3379,10
3379,71
3380,13
3380,38
3380,4
3380,61
3380,3
3381,126
3381,21
3381,27
3382,1
3382,48
3382,51
3382,35
3382,43
3382,134
3382,83
3382,4
3382,66
3382,10
3382,40
3382,34
3382,46
3383,48
3383,35
3383,49
3383,16
3383,83
3383,4
3383,110
3383,40
3383,137
3384,48
3384,51
3384,19
3384,4
3384,42
3384,3
3384,17
3384,12
3384,6
3384,34
3385,13
3385,112
3385,48
3385,77
3385,51
3385,14
3385,35
3385,73
3385,134
3385,83
3385,119
3385,75
3385,66
3385,10
3385,40
3386,13
3386,1
3386,19
3386,73
3386,59
3386,4
3386,3
3387,27
3389,13
3389,19
3389,43
3389,10
3389,38
3389,12
3390,13
3390,73
3390,50
3391,13
3391,53
3391,4
3391,3
3392,13
3392,1
3392,10
3392,6
3393,8
3393,104
3393,19
3393,3
3394,112
3394,1
3394,62
3394,4
3394,10
3395,13
3395,43
3395,67
3395,3
3395,10
3395,34
3396,82
3396,12
3397,54
3397,44
3397,62
3397,4
3397,3
3397,34
3398,28
3398,35
3398,58
3398,109
3398,38
3398,4
3398,62
3398,61
3398,3
3398,30
3398,6
3399,51
3399,75
3399,4
3399,88
3399,3
3399,110
3399,10
3400,96
3400,8
3400,12
3400,27
3401,113
3401,62
3401,4
3401,10
3402,75
3402,34
3402,13
3403,19
3403,12
3403,44
3404,94
3404,38
3404,3
3404,61
3404,60
3405,96
3405,86
3405,13
3405,14
3405,109
3405,21
3405,62
3405,18
3405,34
3406,56
3406,13
3406,122
3406,1
3406,69
3406,7
3406,76
3406,109
3406,38
3406,4
3406,62
3406,108
3406,3
3406,6
3407,123
3407,55
3407,9
3408,13
3408,9
3408,4
3408,55
3408,3
3408,11
3408,105
3408,10
3409,13
3409,15
3409,52
3409,26
3409,60
3409,3
3409,10
3410,13
3410,73
3410,59
3410,4
3410,42
3410,97
3410,3
3411,13
3411,86
3411,124
3411,10
3411,22
3412,13
3412,62
3412,4
3413,13
3413,76
3413,3
3413,117
3413,6
3413,46
3414,13
3415,47
3415,34
3416,13
3416,35
3416,36
3416,37
3416,41
3416,4
3416,42
3416,38
3416,17
3416,10
3416,40
3416,34
3417,13
3417,42
3417,3
3417,10
3417,46
3418,38
3418,35
3418,3
3419,85
3419,28
3419,78
3419,26
3419,68
3419,136
3419,30
3420,13
3420,28
3420,19
3420,59
3420,83
3420,30
3420,3
3421,19
3421,58
3421,8
3421,21
3421,64
3421,22
3422,156
3422,17
3422,1
3422,40
3423,13
3423,1
3423,19
3423,51
3423,41
3423,4
3423,3
3424,58
3424,44
3424,76
3424,21
3424,12
3424,27
3425,75
3425,153
3426,1
3426,35
3426,36
3426,49
3426,58
3426,37
3426,4
3427,95
3427,34
3428,14
3429,70
3429,35
3429,51
3429,36
3429,37
3429,4
3429,12
3429,34
3430,20
3430,139
3430,19
3430,24
3431,82
3431,116
3431,43
3431,79
3431,75
3431,136
3431,27
3432,56
3432,57
3432,112
3432,13
3432,76
3432,60
3432,71
3433,13
3433,43
3433,67
3433,52
3433,68
3433,33
3433,133
3433,12
3434,13
3434,3
3434,61
3434,76
3435,58
3435,21
3435,34
3435,27
3436,47
3436,35
3436,36
3436,75
3436,37
3436,139
3436,4
3437,13
3437,19
3437,52
3437,4
3437,53
3437,62
3437,3
3437,33
3439,56
3439,65
3439,13
3439,76
3439,38
3439,3
3439,6
3440,27
3441,57
3441,13
3441,112
3441,1
3441,19
3441,21
3441,4
3441,3
3441,6
3441,46
3442,56
3442,19
3442,34
3442,3
3444,56
3444,44
3444,3
3444,62
3444,38
3444,61
3444,66
3444,6
3444,71
3445,82
3445,27
3445,46
3446,56
3446,113
3446,13
3446,159
3446,69
3446,19
3446,86
3446,61
3447,56
3447,31
3447,16
3447,4
3447,66
3447,3
3448,35
3448,95
3448,142
3448,40
3448,27
3449,28
3449,54
3449,62
3449,30
3449,3
3449,117
3449,10
3449,34
3450,1
3450,19
3450,144
3450,68
3450,62
3450,3
3450,117
3450,6
3451,69
3451,134
3451,21
3451,4
3451,3
3452,19
3452,82
3452,21
3452,40
3453,13
3453,19
3453,3
3453,10
3453,6
3454,56
3454,132
3454,1
3454,19
3454,58
3454,38
3454,66
3454,3
3454,30
3454,71
3455,68
3455,19
3456,13
3456,19
3456,8
3456,62
3456,61
3456,6
3457,56
3457,57
3457,102
3457,13
3457,90
3457,4
3457,3
3457,10
3458,13
3458,28
3458,1
3458,14
3458,19
3458,4
3458,30
3458,3
3458,10
3459,61
3459,3
3460,19
3461,13
3461,65
3461,1
3461,76
3461,38
3461,61
3461,3
3462,19
3463,88
3463,73
3463,4
3463,34
3464,56
3464,13
3464,28
3464,35
3464,31
3464,36
3464,37
3464,4
3464,61
3464,30
3464,34
3465,56
3465,69
3465,19
3465,76
3465,38
3465,4
3465,53
3465,66
3465,3
3465,30
3465,6
3466,13
3466,87
3466,51
3466,58
3466,10
3466,4
3466,62
3466,30
3466,3
3466,17
3466,12
3467,87
3467,19
3467,3
3468,35
3468,19
3468,34
3469,13
3469,1
3469,48
3469,14
3469,35
3469,49
3469,36
3469,37
3469,38
3469,4
3469,40
3470,35
3470,19
3470,34
3470,3
3471,1
3471,19
3471,60
3471,6
3471,46
3472,56
3472,26
3472,138
3472,24
3472,27
3473,73
3473,84
3473,4
3473,97
3473,62
3473,3
3473,110
3473,10
3474,102
3474,1
3474,35
3474,49
3474,109
3474,4
3475,57
3475,19
3475,39
3475,54
3475,43
3475,67
3475,10
3475,68
3475,61
3475,3
3475,17
3475,103
3475,6
3475,34
3477,8
3477,44
3477,27
3478,56
3478,19
3478,31
3478,21
3478,6
3479,56
3479,34
3479,107
3479,12
3479,40
3479,27
3480,21
3480,27
3480,76
3481,70
3481,77
3481,35
3481,109
3481,4
3481,40
3482,1
3482,19
3482,4
3482,53
3482,62
3482,3
3482,110
3482,6
3483,13
3483,4
3483,6
3483,3
3484,56
3484,65
3484,13
3484,19
3484,76
3484,21
3484,4
3484,3
3484,6
3484,131
3485,69
3485,19
3485,3
3486,13
3486,11
3486,1
3486,55
3487,57
3487,13
3487,112
3487,1
3487,73
3487,52
3487,4
3487,3
3487,10
3488,56
3488,29
3488,21
3489,73
3489,26
3489,25
3489,61
3489,6
3489,34
3490,47
3490,14
3490,51
3490,35
3490,49
3490,16
3490,83
3490,75
3490,41
3490,4
3490,10
3490,40
3490,34
3491,13
3491,58
3491,26
3491,79
3491,21
3491,12
3491,40
3491,34
3491,27
3492,1
3492,62
3492,44
3492,3
3493,56
3493,101
3493,3
3494,96
3494,86
3494,14
3494,95
3494,38
3494,18
3494,124
3495,87
3495,95
3495,8
3495,21
3495,27
3496,13
3496,69
3496,38
3496,4
3496,53
3496,3
3497,3
3498,95
3498,21
3498,27
3499,82
3499,21
3500,13
3500,14
3500,19
3500,35
3500,36
3500,95
3500,37
3500,38
3500,3
3501,13
3501,38
3501,61
3501,3
3501,11
3501,6
3502,13
3502,35
3502,31
3502,21
3502,81
3502,64
3503,56
3503,13
3503,29
3503,19
3503,35
3503,81
3503,63
3503,6
3504,47
3504,14
3504,77
3504,35
3504,49
3504,109
3504,11
3504,40
3505,13
3505,59
3505,21
3505,33
3505,66
3505,3
3505,91
3505,10
3505,6
3505,46
3506,19
3506,35
3506,95
3506,26
3506,41
3506,38
3506,3
3506,10
3507,120
3507,12
3507,30
3508,13
3508,1
3508,78
3508,21
3508,4
3508,3
3509,14
3509,35
3509,83
3509,75
3509,41
3509,4
3509,136
3509,60
3510,13
3510,70
3510,95
3510,4
3510,61
3510,10
3511,82
3511,21
3512,40
3513,28
3513,1
3513,14
3513,16
3513,4
3513,18
3513,30
3513,3
3513,117
3514,1
3514,19
3515,113
3515,47
3515,1
3515,51
3515,35
3515,49
3515,36
3515,37
3515,88
3515,40
3515,34
3516,1
3516,26
3516,66
3516,3
3517,13
3517,1
3517,19
3517,58
3517,26
3517,133
3517,42
3517,3
3517,17
3517,12
3518,113
3518,1
3518,88
3518,40
3519,102
3519,1
3519,47
3519,14
3519,35
3519,49
3519,36
3519,16
3519,37
3519,41
3519,4
3519,30
3519,40
3519,34
3520,13
3520,54
3520,61
3520,3
3520,11
3520,104
3521,56
3521,82
3521,21
3521,107
3521,27
3522,87
3522,82
3522,27
3522,84
3523,56
3523,96
3523,13
3523,31
3523,8
3523,11
3523,10
3524,56
3524,65
3524,57
3524,13
3524,70
3524,59
3524,38
3524,4
3524,53
3524,66
3524,3
3524,55
3524,88
3524,30
3524,6
3525,56
3525,13
3525,1
3525,19
3525,31
3525,109
3525,4
3525,62
3525,3
3525,11
3525,105
3526,27
3526,77
3526,100
3527,56
3527,10
3527,13
3528,82
3529,13
3529,87
3529,1
3529,19
3529,67
3529,166
3529,52
3529,68
3529,4
3529,3
3529,117
3529,12
3529,40
3530,13
3530,15
3530,16
3530,41
3530,4
3530,3
3530,17
3530,10
3531,13
3531,1
3531,44
3531,3
3531,11
3532,13
3532,120
3532,38
3532,118
3533,1
3533,73
3533,4
3533,97
3533,30
3533,3
3533,10
3534,82
3534,47
3534,21
3534,34
3534,27
3535,73
3535,1
3535,118
3535,3
3536,150
3536,47
3536,34
3536,70
3536,35
3536,36
3536,49
3536,16
3536,37
3536,41
3536,38
3536,40
3536,124
3537,13
3537,48
3537,70
3537,4
3537,42
3537,10
3537,34
3538,13
3538,38
3538,61
3538,3
3539,73
3539,78
3539,34
3540,47
3540,70
3540,35
3540,36
3540,49
3540,135
3540,16
3540,37
3540,109
3540,21
3540,41
3540,4
3540,61
3540,97
3540,40
3540,34
3541,69
3541,101
3541,55
3541,3
3541,10
3542,13
3542,28
3542,1
3542,7
3542,118
3542,26
3542,38
3542,62
3542,30
3542,17
3542,10
3542,6
3542,34
3543,13
3543,2
3543,15
3543,26
3543,4
3543,53
3543,152
3543,10
3544,79
3544,21
3544,116
3544,27
3545,96
3545,58
3545,21
3546,126
3546,82
3546,98
3547,19
3547,26
3547,134
3547,21
3547,18
3547,30
3547,34
3548,126
3548,82
3548,18
3549,56
3549,13
3549,54
3549,67
3549,60
3549,3
3549,10
3549,71
3550,56
3550,35
3550,116
3550,8
3550,107
3550,12
3550,27
3551,1
3551,2
3551,31
3551,54
3551,90
3551,73
3551,76
3551,21
3551,3
3551,10
3552,82
3552,24
3552,93
3553,68
3553,82
3553,8
3553,84
3554,13
3554,28
3554,1
3554,70
3554,35
3554,4
3554,62
3554,81
3554,3
3554,30
3554,11
3554,10
3554,6
3555,19
3555,162
3555,21
3555,12
3555,27
3556,8
3556,24
3556,27
3557,79
3557,82
3557,12
3557,27
3558,75
3558,20
3558,153
3558,40
3559,95
3559,82
3559,40
3559,34
3560,19
3560,58
3560,21
3560,12
3560,27
3561,56
3561,19
3561,67
3561,84
3561,72
3561,107
3561,12
3561,40
3561,27
3562,13
3562,112
3562,44
3562,26
3562,38
3562,61
3562,10
3562,40
3563,1
3563,55
3563,76
3564,19
3564,90
3564,16
3564,76
3564,4
3564,3
3564,6
3565,56
3565,29
3565,9
3565,84
3565,109
3565,21
3565,4
3565,55
3565,62
3565,3
3565,17
3565,6
3566,56
3566,50
3566,51
3566,2
3566,129
3566,3
3566,17
3567,56
3567,113
3567,48
3567,35
3567,2
3567,76
3567,75
3567,68
3567,17
3568,1
3568,70
3568,35
3568,114
3568,53
3569,56
3569,31
3569,61
3569,11
3569,105
3569,64
3570,58
3570,19
3570,61
3570,3
3571,56
3571,58
3571,38
3571,108
3571,3
3571,30
3571,120
3571,11
3571,10
3572,19
3573,1
3573,62
3573,46
3574,23
3575,56
3575,29
3576,79
3576,96
3576,77
3576,27
3577,86
3577,12
3577,116
3577,27
3578,86
3578,21
3578,72
3578,12
3578,40
3578,34
3578,27
3579,27
3580,87
3580,21
3580,19
3580,27
3581,27
3582,28
3582,53
3582,30
3583,11
3583,105
3583,4
3585,13
3585,3
3586,13
3586,53
3586,3
3587,13
3587,19
3587,4
3587,3
3587,6
3588,13
3589,56
3589,1
3589,2
3589,81
3589,61
3589,10
3589,6
3590,13
3590,4
3590,42
3590,3
3590,17
3590,10
3590,6
3590,89
3591,13
3591,1
3591,49
3591,106
3591,110
3592,13
3592,48
3592,70
3592,35
3592,36
3592,73
3592,37
3592,4
3592,62
3592,10
3592,6
3593,13
3593,86
3593,1
3593,43
3593,72
3593,4
3593,61
3593,3
3593,17
3593,40
3594,87
3594,27
3595,13
3595,118
3595,95
3595,26
3595,75
3595,12
3596,69
3596,38
3596,30
3596,3
3596,120
3597,85
3597,28
3597,132
3597,19
3597,58
3597,44
3597,26
3597,21
3597,30
3597,12
3597,34
3598,13
3598,29
3598,26
3598,41
3598,4
3598,38
3598,30
3598,3
3598,10
3598,22
3599,13
3599,8
3599,21
3599,11
3599,101
3600,12
3600,93
3601,56
3601,132
3601,69
3601,58
3601,44
3601,38
3601,62
3601,63
3601,111
3602,56
3602,96
3602,132
3602,77
3602,68
3602,27
3603,58
3603,21
3603,19
3603,26
3604,19
3604,54
3604,90
3604,4
3604,3
3605,86
3605,14
3605,19
3605,26
3605,21
3605,18
3606,13
3606,29
3606,4
3607,58
3607,21
3607,34
3608,13
3608,1
3608,9
3608,38
3608,55
3608,3
3609,13
3609,19
3609,4
3609,66
3609,3
3610,56
3610,54
3610,61
3610,76
3611,96
3611,19
3611,44
3611,21
3611,12
3611,40
3611,27
3612,56
3612,109
3612,3
3613,79
3613,26
3614,35
3614,90
3614,4
3614,3
3614,71
3614,89
3615,79
3615,12
3615,27
3616,11
3617,13
3617,1
3617,19
3617,33
3617,3
3617,10
3618,13
3618,19
3618,51
3618,35
3618,36
3618,16
3618,76
3618,37
3618,11
3618,34
3619,56
3619,21
3620,56
3620,19
3620,34
3620,64
3621,14
3621,1
3621,4
3621,34
3622,13
3622,1
3622,35
3622,83
3622,75
3622,109
3622,4
3622,34
3623,57
3623,4
3623,24
3623,3
3623,117
3624,13
3624,1
3624,14
3624,19
3624,4
3624,34
3625,56
3625,4
3625,71
3625,3
3626,58
3626,68
3626,38
3626,30
3626,3
3627,23
3627,19
3627,24
3628,21
3628,55
3628,53
3628,62
3628,6
3629,123
3629,21
3629,58
3629,49
3630,142
3630,12
3630,27
3631,79
3631,19
3631,77
3631,27
3632,165
3632,12
3632,76
3633,13
3633,19
3633,7
3633,145
3633,6
3634,13
3634,14
3634,35
3634,36
3634,15
3634,75
3634,37
3634,4
3634,39
3634,40
3634,34
3635,13
3635,132
3635,48
3635,84
3635,75
3635,41
3635,4
3635,66
3635,3
3635,10
3636,13
3636,4
3636,19
3636,3
3637,13
3637,38
3637,4
3637,10
3638,13
3638,54
3638,76
3638,4
3638,11
3638,10
3639,75
3639,68
3639,66
3640,75
3640,42
3640,13
3640,84
3641,13
3641,1
3641,69
3641,48
3641,14
3641,38
3641,4
3641,62
3641,30
3641,3
3641,10
3642,3
3642,1
3642,66
3642,84
3643,13
3643,1
3643,48
3643,54
3643,43
3643,38
3643,3
3644,73
3644,61
3644,3
3645,48
3645,35
3645,70
3645,38
3645,81
3645,5
3645,17
3645,10
3645,34
3646,13
3646,51
3646,35
3646,36
3646,15
3646,58
3646,52
3646,75
3646,37
3646,4
3646,33
3646,61
3646,3
3646,91
3646,10
3646,40
3646,34
3646,89
3647,69
3647,19
3647,90
3647,16
3647,8
3647,60
3647,3
3647,63
3647,117
3648,13
3648,19
3648,119
3648,3
3648,38
3648,60
3648,66
3648,30
3648,6
3649,48
3649,51
3649,26
3649,84
3649,75
3649,136
3649,33
3649,129
3649,3
3649,10
3650,12
3650,19
3651,13
3651,94
3651,35
3651,36
3651,49
3651,16
3651,84
3651,75
3651,68
3651,37
3651,3
3651,17
3652,69
3652,19
3652,54
3652,68
3652,38
3652,66
3652,3
3652,17
3652,6
3653,148
3653,28
3653,19
3653,158
3653,26
3653,138
3653,24
3653,30
3654,56
3654,65
3654,96
3654,31
3654,4
3654,62
3654,108
3654,3
3655,56
3655,54
3655,101
3655,3
3655,4
3655,108
3655,66
3655,10
3656,13
3656,35
3656,20
3656,19
3657,75
3657,68
3657,94
3658,41
3658,19
3659,19
3660,6
3660,19
3660,13
3660,3
3661,13
3661,76
3661,41
3661,4
3661,81
3661,38
3661,3
3662,134
3662,4
3662,35
3662,3
3663,75
3663,17
3663,41
3663,3
3664,65
3665,13
3665,29
3665,35
3666,47
3666,14
3666,49
3667,1
3667,75
3667,68
3667,33
3667,3
3668,13
3668,70
3668,35
3668,43
3668,75
3668,62
3668,10
3668,40
3668,34
3669,122
3669,94
3669,1
3669,14
3669,51
3669,35
3669,49
3669,36
3669,75
3669,37
3669,142
3669,4
3669,38
3669,63
3669,40
3669,34
3670,13
3670,1
3670,58
3670,75
3670,66
3670,3
3671,13
3671,28
3671,1
3671,19
3671,16
3671,4
3671,81
3671,30
3671,3
3672,73
3672,10
3672,35
3673,71
3673,81
3673,66
3673,3
3674,13
3674,1
3674,19
3674,16
3674,4
3674,3
3675,38
3675,44
3676,86
3676,77
3676,26
3676,12
3676,27
3677,86
3677,12
3677,27
3678,86
3678,21
3678,12
3678,19
3679,86
3679,21
3679,12
3679,19
3680,56
3680,98
3680,19
3680,24
3681,13
3681,67
3681,68
3681,33
3681,34
3682,56
3682,1
3682,29
3682,19
3682,95
3682,44
3682,10
3682,55
3682,3
3682,107
3682,34
3683,1
3683,51
3683,75
3683,41
3683,129
3683,3
3683,17
3684,38
3684,70
3684,44
3684,61
3685,56
3685,94
3685,69
3685,3
3685,38
3685,61
3685,66
3685,30
3685,34
3686,116
3686,136
3686,26
3686,27
3687,13
3687,48
3687,19
3687,35
3687,16
3687,76
3687,4
3687,42
3687,61
3687,6
3688,13
3688,35
3688,51
3688,84
3688,38
3688,4
3689,94
3689,75
3689,68
3689,142
3689,30
3690,94
3690,19
3690,40
3691,67
3691,19
3691,26
3692,56
3692,13
3692,69
3692,19
3692,10
3692,108
3692,3
3692,129
3692,104
3692,107
3693,86
3693,14
3693,134
3693,126
3693,21
3693,18
3694,28
3694,158
3694,78
3694,21
3694,38
3694,30
3695,21
3695,19
3695,22
3695,27
3696,56
3696,107
3697,13
3697,51
3697,15
3697,9
3697,84
3697,75
3697,4
3697,3
3697,17
3697,10
3698,13
3698,84
3698,38
3698,66
3698,3
3699,57
3699,13
3699,112
3699,16
3699,134
3699,38
3699,66
3699,3
3699,10
3700,13
3700,19
3700,35
3700,36
3700,26
3700,76
3700,37
3700,4
3700,30
3700,3
3701,13
3701,94
3701,19
3701,43
3701,83
3701,81
3701,66
3701,3
3701,6
3702,13
3702,28
3702,1
3702,19
3702,30
3702,3
3702,6
3703,69
3703,19
3703,3
3704,13
3704,1
3704,15
3704,84
3704,62
3704,91
3704,11
3704,10
3704,46
3705,126
3705,21
3705,27
3706,14
3706,35
3706,7
3706,49
3706,36
3706,37
3706,109
3706,30
3706,34
3706,46
3707,14
3707,36
3707,13
3707,7
3707,75
3707,94
3707,70
3707,51
3707,83
3707,136
3707,66
3707,77
3707,35
3707,37
3707,68
3707,41
3707,4
3707,63
3707,34
3708,51
3708,35
3708,43
3708,16
3708,9
3708,83
3708,75
3708,66
3708,34
3709,112
3709,1
3709,35
3709,36
3709,37
3709,21
3709,4
3709,41
3709,97
3709,10
3709,40
3709,34
3710,94
3710,35
3710,36
3710,83
3710,75
3710,109
3710,41
3710,4
3710,136
3710,66
3710,37
3710,63
3710,10
3710,40
3710,34
3711,13
3711,35
3711,19
3711,3
3711,91
3711,20
3711,34
3712,25
3713,75
3714,96
3714,86
3714,14
3714,123
3714,21
3714,18
3715,27
3716,13
3716,59
3716,5
3716,38
3716,3
3716,133
3716,10
3717,13
3717,58
3717,67
3717,26
3717,75
3717,3
3717,104
3718,83
3718,70
3718,35
3718,75
3719,13
3719,1
3719,51
3719,43
3719,75
3719,4
3719,33
3719,10
3719,34
3720,13
3720,1
3720,19
3720,55
3720,30
3720,3
3721,13
3721,50
3721,94
3721,1
3721,51
3721,14
3721,35
3721,49
3721,36
3721,37
3721,38
3721,34
3722,13
3722,1
3722,19
3722,20
3722,90
3722,60
3722,3
3722,104
3722,10
3723,13
3723,73
3723,97
3723,61
3723,3
3724,56
3724,19
3724,8
3724,4
3724,33
3724,66
3724,3
3724,71
3725,122
3725,19
3725,32
3725,21
3725,4
3725,3
3726,13
3726,28
3726,59
3726,4
3726,30
3726,3
3726,10
3726,6
3727,56
3727,87
3727,26
3727,21
3727,107
3727,34
3728,21
3728,12
3728,19
3729,19
3730,56
3730,87
3730,21
3730,12
3730,27
3731,38
3731,26
3731,3
3732,56
3732,13
3732,31
3732,38
3732,4
3732,3
3732,11
3732,10
3733,56
3733,13
3733,31
3733,21
3733,55
3733,64
3734,6
3734,19
3734,3
3735,13
3735,16
3735,62
3735,4
3736,47
3736,77
3736,35
3736,49
3736,36
3736,73
3736,37
3736,4
3736,40
3737,57
3737,92
3737,75
3738,30
3739,79
3739,75
3739,84
3740,13
3740,84
3741,14
3742,13
3742,8
3743,13
3743,1
3743,70
3743,19
3743,61
3743,34
3744,13
3744,1
3744,48
3744,58
3744,75
3744,41
3745,1
3745,43
3745,156
3745,17
3745,34
3746,13
3746,63
3746,4
3746,46
3747,51
3747,8
3747,84
3747,75
3747,41
3747,4
3747,3
3747,10
3748,35
3748,51
3748,16
3748,75
3748,109
3748,81
3748,10
3749,13
3749,19
3749,18
3749,72
3749,12
3749,40
3750,70
3750,35
3750,36
3750,26
3750,37
3750,17
3751,94
3752,50
3752,1
3752,14
3752,51
3752,35
3752,49
3752,36
3752,37
3752,21
3752,38
3752,34
3753,6
3753,1
3753,4
3753,19
3754,57
3754,13
3754,70
3754,55
3754,88
3754,3
3754,6
3755,57
3755,132
3755,62
3755,4
3755,3
3756,120
3756,95
3756,19
3757,77
3757,52
3757,68
3757,4
3757,53
3757,3
3757,6
3758,88
3758,3
3759,13
3759,60
3759,3
3759,103
3759,6
3760,56
3760,28
3760,73
3760,6
3760,38
3760,4
3760,30
3760,3
3760,107
3760,111
3761,56
3761,96
3761,68
3761,107
3761,27
3762,79
3762,68
3762,82
3762,27
3763,56
3763,13
3763,1
3763,35
3763,31
3763,58
3763,61
3764,73
3764,8
3764,61
3764,63
3764,34
3765,23
3765,21
3765,19
3765,26
3766,56
3766,13
3766,108
3766,60
3766,104
3767,1
3767,26
3767,4
3767,81
3767,3
3768,13
3768,47
3768,51
3768,75
3768,6
3768,21
3768,3
3768,10
3768,40
3769,56
3769,86
3769,14
3769,19
3769,18
3769,107
3769,27
3770,19
3771,22
3771,87
3771,19
3771,66
3772,87
3772,34
3772,46
3773,49
3773,67
3773,68
3773,62
3773,3
3774,13
3774,76
3774,4
3774,62
3774,3
3774,6
3775,19
3776,13
3776,28
3776,1
3776,14
3776,35
3776,36
3776,37
3776,4
3776,30
3776,3
3776,10
3776,6
3777,4
3777,3
3778,13
3778,60
3778,3
3779,13
3779,1
3779,38
3779,3
3780,56
3780,13
3780,21
3780,3
3780,38
3780,108
3780,61
3780,11
3780,22
3781,26
3782,82
3782,35
3782,26
3782,79
3782,98
3783,10
3783,26
3783,3
3784,13
3784,19
3784,51
3784,52
3784,4
3784,42
3784,3
3784,10
3784,6
3785,122
3785,146
3785,119
3785,142
3785,38
3785,61
3785,3
3785,30
3786,28
3786,52
3786,62
3786,4
3786,30
3787,56
3787,65
3787,13
3787,31
3787,101
3787,109
3787,53
3787,3
3787,10
3787,6
3788,13
3788,1
3788,69
3788,38
3788,4
3788,62
3788,3
3788,103
3788,34
3789,56
3789,65
3789,13
3789,73
3789,3
3789,53
3789,33
3789,61
3789,66
3789,30
3790,14
3790,43
3790,16
3790,75
3790,10
3790,40
3790,34
3791,38
3791,62
3792,56
3792,82
3792,47
3792,123
3792,107
3792,27
3793,13
3793,35
3793,16
3793,142
3793,38
3793,61
3793,60
3793,63
3793,131
3794,13
3794,43
3794,73
3794,21
3794,4
3794,42
3794,61
3794,3
3794,17
3794,6
3795,21
3795,19
3796,82
3796,26
3796,21
3796,24
3796,27
3797,30
3797,110
3797,44
3797,38
3798,28
3798,62
3798,30
3799,56
3799,28
3799,1
3799,14
3799,31
3799,54
3799,9
3799,53
3799,30
3799,10
3799,111
3800,56
3800,19
3800,76
3800,68
3800,3
3800,17
3800,71
3801,56
3801,96
3801,13
3801,1
3801,28
3801,19
3801,31
3801,4
3801,62
3801,30
3801,6
3802,57
3802,13
3802,1
3802,51
3802,19
3802,52
3802,10
3802,81
3802,3
3802,91
3802,17
3802,12
3802,40
3803,75
3803,10
3803,26
3803,3
3804,77
3804,27
3805,34
3806,38
3806,30
3806,3
3807,13
3807,31
3807,4
3807,104
3807,6
3808,10
3808,3
3809,90
3809,21
3809,4
3809,55
3809,3
3809,11
3809,10
3809,6
3810,13
3810,112
3810,1
3810,14
3810,77
3810,51
3810,35
3810,36
3810,73
3810,134
3810,37
3810,41
3810,4
3810,61
3810,30
3810,40
3811,13
3811,4
3811,66
3811,3
3811,10
3812,65
3812,52
3813,3
3813,76
3814,28
3814,70
3814,5
3814,83
3814,4
3814,30
3814,3
3814,10
3814,6
3815,142
3815,11
3815,29
3815,76
3816,13
3816,73
3816,70
3816,34
3817,51
3817,9
3817,84
3817,75
3817,4
3817,3
3817,10
3818,57
3818,13
3818,112
3818,26
3818,38
3818,3
3819,6
3819,19
3819,13
3819,76
3820,94
3820,19
3820,44
3820,26
3820,68
3821,144
3821,4
3822,19
3822,8
3822,126
3822,136
3822,12
3822,27
3823,38
3823,118
3823,24
3824,11
3824,21
3825,56
3825,107
3825,27
3825,79
3826,13
3826,47
3826,14
3826,35
3826,36
3826,49
3826,37
3826,109
3826,30
3826,5
3827,13
3827,19
3827,16
3827,4
3827,3
3828,13
3828,31
3828,53
3828,4
3828,3
3829,86
3830,13
3830,73
3830,38
3830,3
3830,17
3830,6
3830,34
3831,13
3831,102
3831,19
3831,31
3831,4
3831,3
3832,113
3832,132
3832,19
3832,10
3832,3
3832,103
3832,6
3833,139
3833,6
3833,38
3833,3
3834,13
3834,28
3834,1
3834,70
3834,5
3834,4
3834,42
3834,30
3834,3
3834,101
3835,13
3835,70
3835,35
3835,36
3835,26
3835,37
3835,4
3835,40
3836,13
3836,1
3836,35
3836,36
3836,37
3836,61
3837,82
3837,84
3838,161
3838,21
3838,19
3839,79
3839,82
3839,35
3839,27
3840,82
3840,21
3840,35
3840,27
3841,82
3841,21
3841,12
3841,27
3842,77
3842,95
3842,67
3842,78
3842,37
3842,12
3842,27
3843,27
3843,26
3843,84
3844,56
3844,82
3844,27
3844,26
3844,40
3844,64
3845,82
3845,21
3845,116
3846,139
3846,114
3847,56
3847,1
3847,14
3847,31
3847,9
3847,62
3847,3
3847,10
3847,6
3848,56
3848,28
3848,31
3848,73
3848,53
3848,30
3848,3
3849,14
3849,49
3849,38
3849,30
3849,40
3850,69
3850,19
3850,49
3850,3
3850,63
3851,58
3851,38
3851,14
3851,26
3852,56
3852,113
3852,19
3852,54
3852,38
3852,53
3852,108
3852,3
3852,30
3854,26
3854,40
3854,24
3855,26
3855,24
3856,82
3856,35
3857,14
3857,49
3857,21
3857,38
3857,104
3857,40
3857,137
3858,56
3858,113
3858,28
3858,76
3858,4
3858,30
3859,13
3859,51
3859,44
3859,17
3859,10
3860,82
3860,14
3860,24
3860,27
3861,19
3861,77
3861,78
3861,26
3861,30
3861,80
3861,12
3861,27
3862,75
3862,19
3862,136
3862,40
3863,112
3863,19
3863,79
3863,136
3863,24
3864,76
3865,7
3865,73
3865,4
3865,81
3865,10
3866,13
3866,10
3866,6
3866,3
3867,57
3867,112
3867,29
3867,19
3867,43
3867,34
3868,70
3868,38
3868,55
3868,3
3868,10
3868,6
3869,13
3869,1
3869,76
3869,4
3869,62
3869,3
3870,57
3870,13
3870,38
3870,30
3870,3
3871,13
3871,14
3871,15
3871,16
3871,83
3871,4
3871,10
3872,57
3872,13
3872,112
3872,4
3872,3
3873,56
3873,62
3873,107
3873,13
3874,13
3874,115
3874,35
3875,54
3875,11
3875,6
3875,76
3876,6
3876,66
3876,76
3877,50
3877,1
3877,47
3877,51
3877,35
3877,75
3877,40
3877,34
3878,27
3878,84
3879,79
3879,21
3879,72
3879,12
3879,40
3880,116
3880,120
3880,21
3880,72
3880,12
3880,40
3880,34
3880,27
3881,58
3881,14
3881,26
3882,56
3882,19
3882,27
3882,26
3882,21
3882,107
3882,12
3882,64
3883,21
3883,72
3883,12
3883,40
3883,27
3884,75
3884,68
3884,41
3884,66
3884,10
3884,40
3885,40
3886,13
3887,13
3887,9
3887,44
3887,38
3887,3
3887,10
3887,34
3888,58
3888,38
3888,26
3889,58
3889,19
3890,57
3890,34
3890,3
3891,55
3891,9
3892,56
3892,65
3892,31
3892,9
3892,55
3892,62
3892,3
3892,64
3892,34
3893,50
3893,51
3893,2
3893,54
3893,43
3893,142
3893,129
3893,110
3894,56
3894,57
3894,16
3894,4
3894,60
3894,71
3895,56
3895,4
3895,66
3895,3
3896,113
3896,13
3896,1
3896,14
3896,54
3896,59
3896,4
3896,61
3896,6
3896,34
3897,41
3898,56
3898,13
3898,28
3898,76
3898,30
3898,11
3899,112
3899,21
3899,19
3899,34
3900,26
3901,96
3901,86
3901,14
3901,95
3901,38
3901,18
3902,97
3902,2
3903,13
3903,51
3903,35
3903,49
3903,83
3903,75
3903,3
3903,39
3904,13
3904,1
3904,43
3904,17
3904,103
3905,13
3905,9
3905,109
3905,62
3905,3
3906,13
3906,14
3907,44
3907,27
3908,56
3908,13
3908,15
3908,59
3908,8
3908,75
3908,41
3908,4
3908,129
3908,10
3908,34
3909,56
3909,94
3909,104
3909,107
3910,122
3910,69
3910,19
3910,76
3910,3
3911,13
3911,38
3911,3
3911,103
3911,6
3912,58
3912,26
3913,77
3913,27
3914,79
3914,82
3914,40
3914,27
3915,12
3915,40
3916,56
3916,1
3916,31
3916,53
3916,62
3916,3
3917,1
3917,14
3917,38
3917,62
3917,42
3917,3
3917,117
3918,28
3918,1
3918,70
3918,8
3918,4
3918,61
3918,3
3918,30
3918,6
3919,56
3919,113
3919,29
3919,44
3919,76
3919,61
3919,3
3920,28
3920,1
3920,70
3920,7
3920,4
3920,97
3920,61
3920,3
3920,53
3920,30
3920,10
3921,13
3921,51
3921,15
3921,59
3921,41
3921,4
3921,97
3921,81
3921,3
3921,17
3921,10
3921,93
3922,8
3922,26
3922,21
3922,12
3922,27
3923,13
3923,47
3923,1
3923,14
3923,51
3923,35
3923,36
3923,15
3923,37
3923,38
3923,40
3924,85
3924,63
3924,19
3924,3
3925,56
3925,69
3925,31
3925,26
3925,38
3925,61
3925,3
3925,30
3926,38
3926,18
3926,3
3926,110
3926,10
3927,1
3927,62
3927,44
3927,3
3928,11
3928,117
3928,62
3929,26
3929,79
3929,30
3929,12
3929,27
3930,126
3930,116
3930,26
3930,75
3931,19
3931,78
3931,116
3931,158
3932,75
3932,20
3932,153
3932,40
3933,79
3933,21
3933,66
3934,13
3934,76
3934,4
3934,10
3934,34
3935,13
3935,65
3935,4
3935,66
3935,3
3935,91
3936,13
3936,118
3936,43
3936,133
3936,12
3936,40
3937,96
3937,19
3938,96
3938,29
3938,76
3939,13
3939,51
3939,84
3939,4
3939,33
3939,3
3939,17
3940,13
3940,26
3940,38
3940,81
3940,30
3940,3
3940,104
3941,13
3941,70
3941,59
3941,76
3941,4
3941,66
3941,3
3941,11
3941,10
3942,19
3942,38
3942,4
3942,81
3942,66
3942,3
3943,14
3943,77
3943,116
3943,75
3943,12
3943,27
3944,13
3944,73
3944,4
3944,42
3944,97
3944,3
3944,30
3944,17
3945,1
3945,54
3945,73
3945,38
3945,97
3945,62
3945,30
3945,3
3946,19
3946,43
3946,10
3946,4
3946,42
3946,3
3946,103
3946,6
3947,47
3948,56
3948,28
3948,59
3948,33
3948,108
3948,30
3948,91
3948,11
3948,10
3949,23
3949,19
3950,19
3950,78
3950,26
3950,24
3950,80
3951,56
3951,65
3951,13
3951,35
3951,31
3951,5
3951,4
3951,3
3951,6
3952,56
3952,65
3952,13
3952,35
3952,9
3952,62
3952,131
3954,23
3955,19
3956,75
3956,136
3956,78
3956,116
3957,23
3957,26
3958,75
3958,146
3958,116
3959,12
3959,40
3959,100
3960,23
3960,26
3961,75
3961,12
3962,20
3962,26
3963,23
3963,19
3964,75
3964,19
3965,75
3965,130
3966,58
3966,67
3966,26
3966,45
3967,75
3967,20
3967,114
3968,75
3968,20
3968,153
3968,40
3969,20
3969,114
3970,78
3971,25
3971,21
3972,68
3972,19
3973,21
3973,27
3974,95
3974,19
3974,27
3975,35
3976,73
3976,62
3976,4
3976,30
3976,10
3976,6
3977,51
3977,44
3977,142
3977,4
3977,38
3977,3
3977,17
3978,19
3978,26
3978,3
3979,57
3979,1
3979,62
3979,4
3979,10
3980,28
3980,19
3980,60
3980,30
3981,40
3981,116
3982,13
3982,31
3982,59
3982,76
3982,4
3982,62
3982,66
3982,3
3983,38
3983,34
3984,28
3984,1
3984,19
3984,30
3984,3
3984,6
3985,105
3985,10
3985,3
3986,6
3986,4
3986,19
3987,13
3987,94
3987,1
3987,48
3987,51
3987,19
3987,43
3987,67
3987,68
3987,4
3987,3
3987,63
3987,40
3988,56
3988,65
3988,13
3988,15
3988,59
3988,3
3988,64
3989,1
3989,19
3989,2
3989,32
3989,147
3989,66
3989,3
3990,113
3990,1
3990,76
3990,53
3990,55
3990,62
3990,6
3991,1
3991,76
3991,109
3991,62
3991,3
3991,6
3992,82
3992,27
3993,13
3993,38
3993,61
3993,3
3993,63
3994,56
3994,70
3994,19
3994,31
3994,26
3994,76
3994,55
3994,3
3995,96
3996,56
3996,13
3996,28
3996,19
3996,15
3996,90
3996,59
3996,3
3996,4
3996,81
3996,66
3996,61
3996,38
3996,17
3996,30
3996,71
3997,13
3997,94
3997,19
3997,51
3997,15
3997,134
3997,3
3997,17
3997,104
3997,34
3998,4
3998,19
3998,3
3999,79
3999,40
3999,27
4000,13
4000,12
4000,76
4001,56
4001,13
4001,1
4001,15
4001,73
4001,6
4001,38
4001,4
4001,30
4001,3
4001,10
4001,111
4002,38
4002,30
4002,3
4003,1
4003,51
4003,84
4003,4
4003,72
4003,10
4004,13
4004,154
4004,50
4004,19
4004,15
4004,76
4004,21
4004,155
4004,61
4004,34
4005,95
4005,76
4006,13
4006,132
4006,26
4006,75
4006,38
4006,3
4007,154
4007,63
4007,10
4008,56
4008,35
4008,51
4008,2
4008,8
4008,84
4008,81
4008,129
4008,91
4008,34
4009,13
4009,54
4009,4
4009,3
4009,11
4010,28
4010,1
4010,52
4010,68
4010,4
4010,30
4010,91
4010,17
4010,10
4010,40
4010,34
4011,56
4011,13
4011,28
4011,31
4011,16
4011,21
4011,30
4012,32
4012,147
4012,4
4012,66
4012,3
4013,3
4013,4
4013,53
4013,32
4014,86
4014,72
4014,88
4014,27
4015,73
4015,78
4016,126
4016,8
4016,107
4016,56
4017,13
4017,84
4017,62
4017,18
4017,17
4018,26
4019,28
4019,1
4019,62
4019,4
4019,53
4019,3
4019,30
4020,28
4020,51
4020,58
4020,8
4020,38
4020,62
4020,129
4020,3
4020,30
4021,82
4021,21
4021,78
4021,80
4022,28
4022,19
4022,60
4022,3
4022,30
4022,6
4023,17
4023,48
4023,42
4024,13
4024,15
4024,59
4024,38
4024,4
4024,3
4024,10
4024,34
4025,142
4025,27
4026,21
4026,12
4026,34
4026,27
4027,21
4027,78
4027,27
4028,82
4028,27
4029,82
4029,27
4030,96
4030,95
4030,21
4030,72
4030,12
4030,40
4031,12
4031,19
4031,34
4032,56
4032,10
4032,76
4032,103
4032,34
4033,13
4033,69
4033,15
4033,147
4033,76
4033,38
4033,4
4033,33
4033,30
4033,3
4034,13
4034,73
4034,4
4034,97
4034,55
4034,3
4034,62
4035,13
4035,52
4035,53
4035,4
4035,3
4036,82
4036,27
4037,79
4037,82
4038,13
4038,65
4038,76
4038,4
4038,66
4038,3
4038,91
4039,82
4039,126
4039,24
4039,34
4039,27
4040,56
4040,28
4040,67
4040,76
4040,38
4040,88
4040,30
4040,3
4040,10
4040,6
4040,71
4041,21
4041,12
4041,27
4042,51
4042,59
4042,8
4042,84
4042,41
4042,4
4042,129
4042,3
4042,17
4043,96
4043,21
4043,12
4043,40
4043,124
4044,13
4044,70
4044,51
4044,10
4044,38
4044,4
4044,3
4044,17
4044,12
4044,40
4045,1
4045,55
4045,34
4046,94
4046,1
4046,14
4046,51
4046,35
4046,49
4046,36
4046,75
4046,37
4046,4
4046,40
4046,34
4047,11
4047,1
4047,4
4047,38
4048,13
4048,28
4048,1
4048,14
4048,15
4048,4
4048,42
4048,30
4048,3
4048,117
4048,10
4048,6
4049,73
4049,67
4049,38
4049,60
4049,30
4049,110
4049,10
4049,46
4050,57
4050,13
4050,15
4050,26
4050,83
4050,4
4050,3
4050,117
4050,10
4050,6
4050,46
4051,56
4051,13
4051,15
4051,38
4051,33
4051,66
4051,3
4051,10
4051,71
4051,89
4052,56
4052,13
4052,84
4052,76
4052,11
4052,10
4052,34
4053,56
4053,13
4053,21
4053,11
4053,10
4053,34
4054,14
4054,35
4054,36
4054,73
4054,75
4054,37
4054,34
4055,8
4055,4
4055,10
4055,6
4055,124
4056,28
4056,1
4056,38
4056,61
4056,3
4056,30
4057,21
4057,12
4057,19
4057,27
4059,56
4059,13
4059,28
4059,31
4059,15
4059,4
4059,30
4059,6
4060,12
4060,77
4060,26
4060,27
4061,56
4061,38
4061,61
4061,3
4061,30
4061,111
4062,75
4062,142
4063,57
4063,112
4063,1
4063,28
4063,19
4063,31
4063,76
4063,30
4063,6
4064,73
4064,53
4064,30
4064,3
4065,56
4065,19
4065,58
4065,8
4065,53
4066,13
4066,1
4066,10
4066,81
4067,56
4067,51
4067,146
4067,8
4067,84
4067,38
4067,4
4067,129
4067,30
4067,34
4067,46
4068,19
4068,8
4068,4
4068,33
4068,10
4068,34
4069,19
4069,52
4069,68
4069,53
4069,3
4069,120
4069,6
4070,13
4070,1
4070,70
4070,14
4070,15
4070,4
4070,5
4070,34
4071,1
4072,40
4072,26
4073,13
4073,4
4073,6
4074,56
4074,13
4074,8
4074,38
4074,111
4074,6
4075,92
4075,68
4075,38
4075,3
4075,6
4076,73
4076,109
4076,62
4076,4
4076,3
4077,8
4078,56
4078,57
4078,13
4078,19
4078,108
4078,3
4078,104
4079,47
4079,14
4079,51
4079,19
4079,35
4079,49
4079,36
4079,37
4079,21
4079,4
4079,38
4079,110
4079,40
4080,50
4080,132
4080,19
4080,84
4080,61
4080,3
4081,96
4082,75
4082,35
4082,34
4083,82
4083,12
4084,1
4084,70
4084,7
4084,31
4084,105
4084,4
4084,33
4084,3
4084,11
4084,110
4084,10
4085,126
4085,21
4086,79
4086,21
4086,12
4086,40
4086,27
4087,14
4087,27
4088,56
4088,13
4088,31
4088,21
4088,53
4088,62
4088,108
4088,10
4089,148
4089,79
4089,21
4089,30
4089,27
4090,56
4090,112
4090,21
4090,18
4090,107
4090,27
4091,13
4091,70
4091,38
4091,4
4091,61
4091,60
4092,28
4092,79
4092,24
4092,30
4092,34
4092,27
4093,82
4093,78
4093,84
4093,21
4093,80
4093,27
4094,116
4094,82
4094,93
4095,13
4095,54
4095,76
4095,61
4095,10
4096,95
4096,115
4097,1
4097,76
4097,62
4097,55
4097,53
4098,58
4098,19
4099,13
4099,70
4099,19
4099,53
4099,55
4099,62
4099,3
4099,30
4100,21
4100,13
4100,29
4100,61
4101,21
4101,19
4102,16
4102,66
4102,84
4103,96
4103,86
4103,13
4103,14
4103,9
4103,21
4103,55
4103,18
4103,3
4103,34
4104,56
4104,31
4104,68
4104,4
4104,3
4105,57
4105,13
4105,35
4105,4
4105,61
4105,3
4105,91
4105,17
4105,10
4105,40
4105,34
4105,131
4106,57
4106,28
4106,21
4106,62
4106,30
4106,6
4107,8
4107,44
4107,9
4107,10
4107,34
4108,70
4108,77
4108,35
4108,36
4108,58
4108,37
4108,109
4108,4
4108,40
4109,13
4109,1
4109,19
4109,134
4109,4
4109,62
4109,33
4109,117
4109,10
4109,34
4110,28
4110,61
4110,60
4110,66
4110,30
4111,56
4111,113
4111,13
4111,31
4111,90
4111,10
4112,82
4112,84
4112,79
4112,21
4112,27
4113,1
4113,103
4113,3
4114,13
4114,28
4114,38
4114,4
4114,61
4114,30
4115,68
4115,82
4115,21
4115,27
4116,79
4116,21
4116,19
4117,13
4117,132
4117,1
4117,19
4117,35
4117,4
4117,53
4117,3
4117,131
4118,1
4118,14
4118,51
4118,35
4118,43
4118,16
4118,83
4118,75
4118,4
4118,40
4119,13
4119,14
4119,19
4119,61
4119,110
4119,10
4119,34
4120,13
4120,68
4120,3
4120,104
4120,103
4120,6
4121,14
4121,49
4121,38
4121,4
4121,30
4121,110
4121,40
4121,34
4122,113
4122,40
4122,61
4123,56
4123,65
4123,35
4123,31
4123,76
4123,66
4123,3
4123,64
4123,89
4124,28
4124,19
4124,4
4124,30
4124,3
4124,6
4125,56
4125,34
4125,108
4126,62
4126,145
4127,13
4127,91
4127,4
4127,3
4128,165
4128,76
4128,21
4128,24
4128,72
4128,12
4128,27
4129,104
4130,82
4130,77
4130,26
4130,126
4130,156
4130,41
4130,21
4130,72
4130,12
4130,27
4131,13
4131,73
4131,30
4131,11
4131,34
4132,28
4132,19
4132,40
4132,30
4133,56
4133,85
4133,82
4133,8
4133,107
4133,27
4134,1
4134,4
4134,76
4135,113
4135,38
4135,44
4135,61
4136,56
4136,4
4136,3
4137,13
4137,51
4137,2
4137,15
4137,84
4137,75
4137,41
4137,10
4138,38
4138,26
4138,3
4139,35
4139,36
4139,58
4139,75
4139,37
4139,61
4139,104
4139,34
4140,13
4140,1
4140,70
4140,73
4140,59
4140,52
4140,4
4140,17
4141,13
4141,28
4141,73
4141,52
4141,4
4141,62
4141,81
4141,30
4141,46
4142,13
4142,15
4142,38
4142,4
4142,61
4142,3
4143,38
4143,3
4144,47
4144,1
4144,70
4144,77
4144,14
4144,35
4144,49
4144,36
4144,84
4144,37
4144,4
4144,39
4144,40
4145,50
4145,14
4145,35
4145,36
4145,37
4145,30
4145,34
4146,75
4146,153
4146,34
4147,56
4147,19
4147,31
4147,4
4147,66
4147,3
4148,28
4148,90
4148,4
4148,30
4148,3
4148,117
4148,10
4148,6
4149,136
4149,45
4150,13
4150,15
4150,59
4150,41
4150,33
4150,3
4150,17
4150,10
4151,13
4151,1
4151,62
4151,4
4151,3
4152,28
4152,32
4152,76
4152,4
4152,30
4152,3
4152,10
4152,6
4153,14
4153,35
4153,36
4153,58
4153,75
4153,37
4153,38
4153,30
4153,104
4153,40
4154,10
4154,84
4155,21
4155,19
4156,1
4156,30
4156,63
4156,10
4156,34
4157,116
4157,84
4157,76
4157,21
4157,27
4158,56
4158,69
4158,31
4158,3
4159,13
4159,38
4159,61
4159,3
4159,115
4160,13
4160,8
4160,60
4160,10
4160,6
4161,50
4161,28
4161,35
4161,81
4161,30
4161,3
4161,12
4161,6
4162,13
4162,1
4162,48
4162,8
4162,81
4162,17
4162,10
4163,56
4163,13
4163,28
4163,19
4163,5
4163,76
4163,4
4163,30
4163,3
4163,10
4163,6
4164,1
4164,76
4164,62
4164,55
4164,6
4165,12
4165,19
4165,26
4166,27
4167,75
4167,21
4167,38
4167,27
4168,13
4168,132
4168,31
4168,21
4168,4
4168,66
4168,3
4169,19
4169,90
4169,9
4169,10
4169,3
4169,12
4169,6
4170,14
4170,35
4170,36
4170,49
4170,37
4171,54
4171,71
4172,56
4172,51
4172,54
4172,84
4172,4
4172,108
4172,3
4172,129
